<?xml version="1.0" encoding="UTF-8"?><?xml-stylesheet type="text/css" href="idempiereDocument.css"?><idempiereDocument>
    <header>AMERPSOFT Themes 5.1 Package Description</header>
    <H1>Package Name:</H1>
    <packagename>AMERPSOFT Themes 5.1</packagename>
    <H1>Author:</H1>
    <Name:/>
    <H1>Email Address:</H1>
    <Email/>
    <H1>Created:</H1>
    <Date>2018-07-22 14:43:04.481</Date>
    <H1>Updated:</H1>
    <Date>2018-07-22 14:44:00.777</Date>
    <H1>Description:</H1>
    <description>AMERPSOFT Themes for idempiere 51
Includes Non Documented System variables</description>
    <H1>Instructions:</H1>
    <instructions/>
    <H1>Files in Package:</H1>
    <file>File: PackOut.xml</file>
    <filedirectory>Directory: \dict\</filedirectory>
    <filenotes>Notes: Contains all application/object settings for package</filenotes>
    <H1>Client:</H1>
    <Client>0-SYSTEM-System</Client>
</idempiereDocument>
