<?xml version="1.0" encoding="UTF-8"?><idempiere Name="AMERPSOFT Images" Version="11" idempiereVersion="" DataBaseVersion="" Description="" Author="" AuthorEmail="" CreatedDate="2024-07-10 14:07:47.457" UpdatedDate="2024-07-10 14:07:47.457" PackOutVersion="100" UpdateDictionary="false" Client="0-SYSTEM-System" AD_Client_UU="11237b53-9592-4af1-b3c5-afd216514b5d">
    <AD_Image type="table">
        <AD_Client_ID>0</AD_Client_ID>
        <AD_Org_ID>0</AD_Org_ID>
        <IsActive>Y</IsActive>
        <Name>female_employee_dummy1.png</Name>
        <BinaryData>1.dat|byte[]</BinaryData>
        <ImageURL>female_employee_dummy1.png</ImageURL>
        <Description/>
        <EntityType>AMERP</EntityType>
        <AD_Image_UU>be4614aa-e2cf-411d-86aa-db547ff9fcf3</AD_Image_UU>
        <AD_StorageProvider_ID reference="id"/>
    </AD_Image>
    <AD_Image type="table">
        <AD_Client_ID>0</AD_Client_ID>
        <AD_Org_ID>0</AD_Org_ID>
        <IsActive>Y</IsActive>
        <Name>female_employee_dummy2.png</Name>
        <BinaryData>2.dat|byte[]</BinaryData>
        <ImageURL>female_employee_dummy2.png</ImageURL>
        <Description/>
        <EntityType>AMERP</EntityType>
        <AD_Image_UU>c453d25c-0de9-47c6-93d7-df39fd83d0ab</AD_Image_UU>
        <AD_StorageProvider_ID reference="id"/>
    </AD_Image>
    <AD_Image type="table">
        <AD_Client_ID>0</AD_Client_ID>
        <AD_Org_ID>0</AD_Org_ID>
        <IsActive>Y</IsActive>
        <Name>male_employee_dummy1.png</Name>
        <BinaryData>3.dat|byte[]</BinaryData>
        <ImageURL>male_employee_dummy1.png</ImageURL>
        <Description/>
        <EntityType>AMERP</EntityType>
        <AD_Image_UU>f63e5a69-646e-49b6-8839-762cfb8845d9</AD_Image_UU>
        <AD_StorageProvider_ID reference="id"/>
    </AD_Image>
    <AD_Image type="table">
        <AD_Client_ID>0</AD_Client_ID>
        <AD_Org_ID>0</AD_Org_ID>
        <IsActive>Y</IsActive>
        <Name>male_employee_dummy2.png</Name>
        <BinaryData>4.dat|byte[]</BinaryData>
        <ImageURL>male_employee_dummy2.png</ImageURL>
        <Description/>
        <EntityType>AMERP</EntityType>
        <AD_Image_UU>6096ee37-522e-4ced-8186-9ac6df948245</AD_Image_UU>
        <AD_StorageProvider_ID reference="id"/>
    </AD_Image>
    <AD_Package_Exp type="table">
        <AD_Client_ID>0</AD_Client_ID>
        <AD_Org_ID>0</AD_Org_ID>
        <AD_Package_Type>X</AD_Package_Type>
        <EMail/>
        <Instructions/>
        <Name>AMERPSOFT Images</Name>
        <Processed>N</Processed>
        <ReleaseNo/>
        <Version/>
        <UserName/>
        <Processing>N</Processing>
        <PK_Version>11</PK_Version>
        <IsActive>Y</IsActive>
        <File_Directory/>
        <Description/>
        <AD_Package_Exp_UU>4213617b-7945-4ca2-858c-79d9d021de7a</AD_Package_Exp_UU>
        <DateFrom/>
        <IsExportDictionaryEntity>N</IsExportDictionaryEntity>
        <AD_Package_Exp_Detail type="table">
            <AD_Client_ID>0</AD_Client_ID>
            <AD_Org_ID>0</AD_Org_ID>
            <AD_Form_ID reference="id"/>
            <AD_ImpFormat_ID reference="id"/>
            <AD_Menu_ID reference="id"/>
            <AD_Process_ID reference="id"/>
            <AD_Role_ID reference="id"/>
            <AD_Window_ID reference="id"/>
            <AD_Workflow_ID reference="id"/>
            <IsActive>Y</IsActive>
            <File_Directory/>
            <FileName/>
            <Destination_FileName/>
            <Destination_Directory/>
            <Description/>
            <DBType>ALL</DBType>
            <Type>D</Type>
            <Target_Directory/>
            <SQLStatement>SELECT * FROM AD_IMAGE WHERE ad_image_uu IN (
'be4614aa-e2cf-411d-86aa-db547ff9fcf3'
,'c453d25c-0de9-47c6-93d7-df39fd83d0ab'
,'f63e5a69-646e-49b6-8839-762cfb8845d9'
,'6096ee37-522e-4ced-8186-9ac6df948245') </SQLStatement>
            <ReleaseNo/>
            <Processing>N</Processing>
            <Processed>N</Processed>
            <Name2/>
            <Line>10</Line>
            <AD_Table_ID reference="id">461</AD_Table_ID>
            <AD_ReportView_ID reference="id"/>
            <AD_Package_Exp_ID reference="uuid" reference-key="AD_Package_Exp">4213617b-7945-4ca2-858c-79d9d021de7a</AD_Package_Exp_ID>
            <AD_Package_Code_New/>
            <AD_Package_Code_Old/>
            <AD_Val_Rule_ID reference="id"/>
            <AD_Message_ID reference="id"/>
            <AD_PrintFormat_ID reference="id"/>
            <AD_Reference_ID reference="id"/>
            <AD_ModelValidator_ID reference="id"/>
            <AD_EntityType_ID reference="id"/>
            <AD_Package_Exp_Detail_UU>9326dfb1-495d-401f-85c2-f41e349f6efc</AD_Package_Exp_Detail_UU>
            <AD_InfoWindow_ID reference="id"/>
            <ExecCode/>
        </AD_Package_Exp_Detail>
        <AD_Package_Exp_Detail type="table">
            <AD_Client_ID>0</AD_Client_ID>
            <AD_Org_ID>0</AD_Org_ID>
            <AD_Form_ID reference="id"/>
            <AD_ImpFormat_ID reference="id"/>
            <AD_Menu_ID reference="id"/>
            <AD_Process_ID reference="id"/>
            <AD_Role_ID reference="id"/>
            <AD_Window_ID reference="id"/>
            <AD_Workflow_ID reference="id"/>
            <IsActive>Y</IsActive>
            <File_Directory/>
            <FileName/>
            <Destination_FileName/>
            <Destination_Directory/>
            <Description/>
            <DBType>ALL</DBType>
            <Type>D</Type>
            <Target_Directory/>
            <SQLStatement>SELECT * FROM AD_Package_Exp WHERE AD_Package_Exp_UU='4213617b-7945-4ca2-858c-79d9d021de7a';AD_Package_Exp_Detail</SQLStatement>
            <ReleaseNo/>
            <Processing>N</Processing>
            <Processed>N</Processed>
            <Name2/>
            <Line>20</Line>
            <AD_Table_ID reference="id">50005</AD_Table_ID>
            <AD_ReportView_ID reference="id"/>
            <AD_Package_Exp_ID reference="uuid" reference-key="AD_Package_Exp">4213617b-7945-4ca2-858c-79d9d021de7a</AD_Package_Exp_ID>
            <AD_Package_Code_New/>
            <AD_Package_Code_Old/>
            <AD_Val_Rule_ID reference="id"/>
            <AD_Message_ID reference="id"/>
            <AD_PrintFormat_ID reference="id"/>
            <AD_Reference_ID reference="id"/>
            <AD_ModelValidator_ID reference="id"/>
            <AD_EntityType_ID reference="id"/>
            <AD_Package_Exp_Detail_UU>9434788f-3647-47b3-942e-64df509b7264</AD_Package_Exp_Detail_UU>
            <AD_InfoWindow_ID reference="id"/>
            <ExecCode/>
        </AD_Package_Exp_Detail>
    </AD_Package_Exp>
</idempiere>
