<?xml version="1.0" encoding="UTF-8"?><idempiere Name="AMERSOFT AMNPayrollReconversion" Version="8.2" idempiereVersion="" DataBaseVersion="" Description="" Author="" AuthorEmail="" CreatedDate="2021-10-01 04:44:41.905" UpdatedDate="2021-10-01 04:44:41.905" PackOutVersion="100" UpdateDictionary="false" Client="0-SYSTEM-System" AD_Client_UU="11237b53-9592-4af1-b3c5-afd216514b5d">
    <AD_Menu type="table">
        <Parent_ID reference="uuid" reference-key="AD_Menu">6f463040-49e9-444a-9cf2-2c8d1ba916fa</Parent_ID>
        <SeqNo>9</SeqNo>
        <AD_Client_ID>0</AD_Client_ID>
        <AD_Org_ID>0</AD_Org_ID>
        <Name>Reconversion Personnel Payroll  Setup</Name>
        <Description>Reconversion Personnel Payroll  Setup</Description>
        <Action>P</Action>
        <AD_Window_ID reference="id"/>
        <AD_Workflow_ID reference="id"/>
        <AD_Task_ID reference="id"/>
        <AD_Org_ID reference="id">0</AD_Org_ID>
        <IsActive>Y</IsActive>
        <IsSummary>N</IsSummary>
        <AD_Process_ID reference="uuid" reference-key="AD_Process">db14440f-39aa-428a-b7d5-c94ae3efa658</AD_Process_ID>
        <IsSOTrx>N</IsSOTrx>
        <AD_Form_ID reference="id"/>
        <IsReadOnly>N</IsReadOnly>
        <EntityType>AMERP</EntityType>
        <IsCentrallyMaintained>Y</IsCentrallyMaintained>
        <AD_Menu_UU>a98c29aa-b263-4001-9a0b-a811a9b5c656</AD_Menu_UU>
        <AD_InfoWindow_ID reference="id"/>
        <PredefinedContextVariables/>
        <AD_Menu_Trl type="translation">
            <Description>Reconversión Monetaria - Esquema Contable de Nómina</Description>
            <Name>Reconversión Monetaria - Esquema Contable de Nómina</Name>
            <AD_Language>es_CO</AD_Language>
            <IsActive>Y</IsActive>
            <IsTranslated>N</IsTranslated>
        </AD_Menu_Trl>
        <AD_Menu_Trl type="translation">
            <Description>Reconversión Monetaria - Esquema Contable de Nómina</Description>
            <Name>Reconversión Monetaria - Esquema Contable de Nómina</Name>
            <AD_Language>es_VE</AD_Language>
            <IsActive>Y</IsActive>
            <IsTranslated>N</IsTranslated>
        </AD_Menu_Trl>
        <AD_Process type="table">
            <AD_Client_ID>0</AD_Client_ID>
            <AD_Org_ID>0</AD_Org_ID>
            <AD_Org_ID reference="id">0</AD_Org_ID>
            <IsActive>Y</IsActive>
            <Name>Reconversion Personnel Payroll  Setup</Name>
            <Description>Reconversion Personnel Payroll  Setup</Description>
            <Help>Setup New Account Schema from Original ONE
Duplicates Account Combination and Acct Tables Definition</Help>
            <ProcedureName/>
            <IsReport>N</IsReport>
            <Value>ReconversionPersonnelPayrollSetup</Value>
            <IsDirectPrint>N</IsDirectPrint>
            <AD_ReportView_ID reference="id"/>
            <Classname>org.amerp.process.AMNPayrollReconversion</Classname>
            <AccessLevel>6</AccessLevel>
            <EntityType>AMERP</EntityType>
            <Statistic_Count>35</Statistic_Count>
            <Statistic_Seconds>160</Statistic_Seconds>
            <AD_PrintFormat_ID reference="id"/>
            <WorkflowValue/>
            <AD_Workflow_ID reference="id"/>
            <IsBetaFunctionality>N</IsBetaFunctionality>
            <ShowHelp>Y</ShowHelp>
            <JasperReport/>
            <AD_Form_ID reference="id"/>
            <CopyFromProcess>N</CopyFromProcess>
            <AD_Process_UU>db14440f-39aa-428a-b7d5-c94ae3efa658</AD_Process_UU>
            <AD_CtxHelp_ID reference="id"/>
            <ExecutionType/>
            <AllowMultipleExecution/>
            <AD_Process_Trl type="translation">
                <Description>Reconversión Monetaria - Esquema Contable de Nómina</Description>
                <Help>Reconversión Monetaria - Esquema Contable de Nómina</Help>
                <Name>Reconversión Monetaria - Esquema Contable de Nómina</Name>
                <AD_Language>es_CO</AD_Language>
                <IsActive>Y</IsActive>
                <IsTranslated>N</IsTranslated>
            </AD_Process_Trl>
            <AD_Process_Trl type="translation">
                <Description>Reconversión Monetaria - Esquema Contable de Nómina</Description>
                <Help>Reconversión Monetaria - Esquema Contable de Nómina</Help>
                <Name>Reconversión Monetaria - Esquema Contable de Nómina</Name>
                <AD_Language>es_VE</AD_Language>
                <IsActive>Y</IsActive>
                <IsTranslated>N</IsTranslated>
            </AD_Process_Trl>
            <AD_Process_Para type="table">
                <AD_Client_ID>0</AD_Client_ID>
                <AD_Org_ID>0</AD_Org_ID>
                <AD_Org_ID reference="id">0</AD_Org_ID>
                <IsActive>Y</IsActive>
                <Name>AMN Concept Types</Name>
                <Description>AMN Concept Types</Description>
                <Help/>
                <AD_Process_ID reference="uuid" reference-key="AD_Process">db14440f-39aa-428a-b7d5-c94ae3efa658</AD_Process_ID>
                <SeqNo>80</SeqNo>
                <AD_Reference_ID reference="id">20</AD_Reference_ID>
                <AD_Reference_Value_ID reference="id"/>
                <IsRange>N</IsRange>
                <AD_Val_Rule_ID reference="id"/>
                <FieldLength>0</FieldLength>
                <IsMandatory>N</IsMandatory>
                <DefaultValue/>
                <VFormat/>
                <ValueMin/>
                <ValueMax/>
                <ColumnName>AMNConceptTypes</ColumnName>
                <DefaultValue2/>
                <IsCentrallyMaintained>N</IsCentrallyMaintained>
                <EntityType>AMERP</EntityType>
                <AD_Element_ID reference="id"/>
                <ReadOnlyLogic/>
                <DisplayLogic/>
                <AD_Process_Para_UU>d669c5b3-e1df-46ed-81e8-b37c35fc3130</AD_Process_Para_UU>
                <IsEncrypted>N</IsEncrypted>
                <MandatoryLogic/>
                <Placeholder/>
                <Placeholder2/>
                <IsAutocomplete>N</IsAutocomplete>
                <AD_Process_Para_Trl type="translation">
                    <Description>Tipos de Conceptos de Nómina</Description>
                    <Help>Tablas de Bancos, Contabilidad y relacionados</Help>
                    <Name>Tipos de Conceptos de Nómina</Name>
                    <Placeholder/>
                    <Placeholder2/>
                    <AD_Language>es_CO</AD_Language>
                    <IsActive>Y</IsActive>
                    <IsTranslated>N</IsTranslated>
                </AD_Process_Para_Trl>
                <AD_Process_Para_Trl type="translation">
                    <Description>Tipos de Conceptos de Nómina</Description>
                    <Help>Tablas de Bancos, Contabilidad y relacionados</Help>
                    <Name>Tipos de Conceptos de Nómina</Name>
                    <Placeholder/>
                    <Placeholder2/>
                    <AD_Language>es_VE</AD_Language>
                    <IsActive>Y</IsActive>
                    <IsTranslated>N</IsTranslated>
                </AD_Process_Para_Trl>
            </AD_Process_Para>
            <AD_Process_Para type="table">
                <AD_Client_ID>0</AD_Client_ID>
                <AD_Org_ID>0</AD_Org_ID>
                <AD_Org_ID reference="id">0</AD_Org_ID>
                <IsActive>Y</IsActive>
                <Name>Setup Schema</Name>
                <Description/>
                <Help/>
                <AD_Process_ID reference="uuid" reference-key="AD_Process">db14440f-39aa-428a-b7d5-c94ae3efa658</AD_Process_ID>
                <SeqNo>50</SeqNo>
                <AD_Reference_ID reference="id">20</AD_Reference_ID>
                <AD_Reference_Value_ID reference="id"/>
                <IsRange>N</IsRange>
                <AD_Val_Rule_ID reference="id"/>
                <FieldLength>0</FieldLength>
                <IsMandatory>N</IsMandatory>
                <DefaultValue>Y</DefaultValue>
                <VFormat/>
                <ValueMin/>
                <ValueMax/>
                <ColumnName>SetupAMNSchema</ColumnName>
                <DefaultValue2/>
                <IsCentrallyMaintained>N</IsCentrallyMaintained>
                <EntityType>AMERP</EntityType>
                <AD_Element_ID reference="id"/>
                <ReadOnlyLogic/>
                <DisplayLogic/>
                <AD_Process_Para_UU>8d47c9ea-cd11-4385-857a-242eeef5c589</AD_Process_Para_UU>
                <IsEncrypted>N</IsEncrypted>
                <MandatoryLogic/>
                <Placeholder/>
                <Placeholder2/>
                <IsAutocomplete>N</IsAutocomplete>
                <AD_Process_Para_Trl type="translation">
                    <Description>Setup AMN_Schema</Description>
                    <Help/>
                    <Name>Setup AMN_Schema</Name>
                    <Placeholder/>
                    <Placeholder2/>
                    <AD_Language>es_CO</AD_Language>
                    <IsActive>Y</IsActive>
                    <IsTranslated>N</IsTranslated>
                </AD_Process_Para_Trl>
                <AD_Process_Para_Trl type="translation">
                    <Description>Setup AMN_Schema</Description>
                    <Help/>
                    <Name>Setup AMN_Schema</Name>
                    <Placeholder/>
                    <Placeholder2/>
                    <AD_Language>es_VE</AD_Language>
                    <IsActive>Y</IsActive>
                    <IsTranslated>N</IsTranslated>
                </AD_Process_Para_Trl>
            </AD_Process_Para>
            <AD_Process_Para type="table">
                <AD_Client_ID>0</AD_Client_ID>
                <AD_Org_ID>0</AD_Org_ID>
                <AD_Org_ID reference="id">0</AD_Org_ID>
                <IsActive>Y</IsActive>
                <Name>Destination Accounting Schema</Name>
                <Description>Select Destination Accounting Schema</Description>
                <Help>Indicates the Destination Accounting Schema to be duplicated</Help>
                <AD_Process_ID reference="uuid" reference-key="AD_Process">db14440f-39aa-428a-b7d5-c94ae3efa658</AD_Process_ID>
                <SeqNo>30</SeqNo>
                <AD_Reference_ID reference="id">18</AD_Reference_ID>
                <AD_Reference_Value_ID reference="id">136</AD_Reference_Value_ID>
                <IsRange>N</IsRange>
                <AD_Val_Rule_ID reference="id">106</AD_Val_Rule_ID>
                <FieldLength>0</FieldLength>
                <IsMandatory>N</IsMandatory>
                <DefaultValue>@SQL=SELECT C_AcctSchema_ID FROM C_AcctSchema WHERE AD_Client_ID=@AD_Client_ID@ AND C_AcctSchema_ID NOT IN ( SELECT C_AcctSchema1_ID FROM AD_ClientInfo WHERE AD_Client_ID=@AD_Client_ID@)</DefaultValue>
                <VFormat/>
                <ValueMin/>
                <ValueMax/>
                <ColumnName>TargetAcctSchema_ID</ColumnName>
                <DefaultValue2/>
                <IsCentrallyMaintained>N</IsCentrallyMaintained>
                <EntityType>AMERP</EntityType>
                <AD_Element_ID reference="id"/>
                <ReadOnlyLogic/>
                <DisplayLogic/>
                <AD_Process_Para_UU>4e54264f-694e-45c9-9eca-57c539a05394</AD_Process_Para_UU>
                <IsEncrypted>N</IsEncrypted>
                <MandatoryLogic/>
                <Placeholder/>
                <Placeholder2/>
                <IsAutocomplete>N</IsAutocomplete>
                <AD_Process_Para_Trl type="translation">
                    <Description>Seleccione Esquema contable destino</Description>
                    <Help>Seleccione Esquema contable destino</Help>
                    <Name>Esquema contable destino</Name>
                    <Placeholder/>
                    <Placeholder2/>
                    <AD_Language>es_CO</AD_Language>
                    <IsActive>Y</IsActive>
                    <IsTranslated>N</IsTranslated>
                </AD_Process_Para_Trl>
                <AD_Process_Para_Trl type="translation">
                    <Description>Seleccione Esquema contable destino</Description>
                    <Help>Seleccione Esquema contable destino</Help>
                    <Name>Esquema contable destino</Name>
                    <Placeholder/>
                    <Placeholder2/>
                    <AD_Language>es_VE</AD_Language>
                    <IsActive>Y</IsActive>
                    <IsTranslated>N</IsTranslated>
                </AD_Process_Para_Trl>
            </AD_Process_Para>
            <AD_Process_Para type="table">
                <AD_Client_ID>0</AD_Client_ID>
                <AD_Org_ID>0</AD_Org_ID>
                <AD_Org_ID reference="id">0</AD_Org_ID>
                <IsActive>Y</IsActive>
                <Name>Client</Name>
                <Description>Client/Tenant for this installation.</Description>
                <Help>A Client is a company or a legal entity. You cannot share data between Clients. Tenant is a synonym for Client.</Help>
                <AD_Process_ID reference="uuid" reference-key="AD_Process">db14440f-39aa-428a-b7d5-c94ae3efa658</AD_Process_ID>
                <SeqNo>10</SeqNo>
                <AD_Reference_ID reference="id">18</AD_Reference_ID>
                <AD_Reference_Value_ID reference="id">129</AD_Reference_Value_ID>
                <IsRange>N</IsRange>
                <AD_Val_Rule_ID reference="id">116</AD_Val_Rule_ID>
                <FieldLength>0</FieldLength>
                <IsMandatory>N</IsMandatory>
                <DefaultValue>@AD_Client_ID@</DefaultValue>
                <VFormat/>
                <ValueMin/>
                <ValueMax/>
                <ColumnName>AD_Client_ID</ColumnName>
                <DefaultValue2/>
                <IsCentrallyMaintained>Y</IsCentrallyMaintained>
                <EntityType>AMERP</EntityType>
                <AD_Element_ID reference="id">102</AD_Element_ID>
                <ReadOnlyLogic>1=1</ReadOnlyLogic>
                <DisplayLogic/>
                <AD_Process_Para_UU>4ae3e845-4794-4023-af04-c5158764d2d4</AD_Process_Para_UU>
                <IsEncrypted>N</IsEncrypted>
                <MandatoryLogic/>
                <Placeholder/>
                <Placeholder2/>
                <IsAutocomplete>N</IsAutocomplete>
                <AD_Process_Para_Trl type="translation">
                    <Description>Grupo Empresarial para esta instalación</Description>
                    <Help>Grupo Empresarial. No se pueden compartir datos entre diferentes grupos empresariales.</Help>
                    <Name>Grupo Empresarial</Name>
                    <Placeholder/>
                    <Placeholder2/>
                    <AD_Language>es_CO</AD_Language>
                    <IsActive>Y</IsActive>
                    <IsTranslated>Y</IsTranslated>
                </AD_Process_Para_Trl>
                <AD_Process_Para_Trl type="translation">
                    <Description>Grupo Empresarial para esta instalación</Description>
                    <Help>Grupo Empresarial. No se pueden compartir datos entre diferentes grupos empresariales.</Help>
                    <Name>Grupo Empresarial</Name>
                    <Placeholder/>
                    <Placeholder2/>
                    <AD_Language>es_VE</AD_Language>
                    <IsActive>Y</IsActive>
                    <IsTranslated>Y</IsTranslated>
                </AD_Process_Para_Trl>
            </AD_Process_Para>
            <AD_Process_Para type="table">
                <AD_Client_ID>0</AD_Client_ID>
                <AD_Org_ID>0</AD_Org_ID>
                <AD_Org_ID reference="id">0</AD_Org_ID>
                <IsActive>Y</IsActive>
                <Name>Source Accounting Schema</Name>
                <Description>Source Accounting Schema</Description>
                <Help>An Accounting Schema defines the rules used in accounting such as costing method, currency and calendar</Help>
                <AD_Process_ID reference="uuid" reference-key="AD_Process">db14440f-39aa-428a-b7d5-c94ae3efa658</AD_Process_ID>
                <SeqNo>20</SeqNo>
                <AD_Reference_ID reference="id">18</AD_Reference_ID>
                <AD_Reference_Value_ID reference="id">136</AD_Reference_Value_ID>
                <IsRange>N</IsRange>
                <AD_Val_Rule_ID reference="id">106</AD_Val_Rule_ID>
                <FieldLength>0</FieldLength>
                <IsMandatory>N</IsMandatory>
                <DefaultValue>@SQL=SELECT C_AcctSchema1_ID FROM AD_ClientInfo WHERE AD_Client_ID=@AD_Client_ID@</DefaultValue>
                <VFormat/>
                <ValueMin/>
                <ValueMax/>
                <ColumnName>SourceAcctSchema_ID</ColumnName>
                <DefaultValue2/>
                <IsCentrallyMaintained>N</IsCentrallyMaintained>
                <EntityType>AMERP</EntityType>
                <AD_Element_ID reference="id"/>
                <ReadOnlyLogic/>
                <DisplayLogic/>
                <AD_Process_Para_UU>7649aa37-6b88-4dd5-819e-15b45e24f77d</AD_Process_Para_UU>
                <IsEncrypted>N</IsEncrypted>
                <MandatoryLogic/>
                <Placeholder/>
                <Placeholder2/>
                <IsAutocomplete>N</IsAutocomplete>
                <AD_Process_Para_Trl type="translation">
                    <Description>Esquema contable origen por defecto</Description>
                    <Help>Esquema contable origen por defecto</Help>
                    <Name>Esquema contable origen</Name>
                    <Placeholder/>
                    <Placeholder2/>
                    <AD_Language>es_CO</AD_Language>
                    <IsActive>Y</IsActive>
                    <IsTranslated>N</IsTranslated>
                </AD_Process_Para_Trl>
                <AD_Process_Para_Trl type="translation">
                    <Description>Esquema contable origen por defecto</Description>
                    <Help>Esquema contable origen por defecto</Help>
                    <Name>Esquema contable origen</Name>
                    <Placeholder/>
                    <Placeholder2/>
                    <AD_Language>es_VE</AD_Language>
                    <IsActive>Y</IsActive>
                    <IsTranslated>N</IsTranslated>
                </AD_Process_Para_Trl>
            </AD_Process_Para>
        </AD_Process>
    </AD_Menu>
</idempiere>
