<?xml version="1.0" encoding="UTF-8"?><idempiere Name="AD_Package_Exp_Detail" Version="1.0.0" idempiereVersion="8.2.0.202101211436" DataBaseVersion="2020-12-20" Description="" Author="System" AuthorEmail="luisamesty@gmail.com" CreatedDate="Sun Mar 07 17:36:15 CET 2021" UpdatedDate="Sun Mar 07 17:36:15 CET 2021" PackOutVersion="100" UpdateDictionary="true" Client="0-SYSTEM-System" AD_Client_UU="11237b53-9592-4af1-b3c5-afd216514b5d">
    <AD_Package_Exp_Detail type="table">
        <AD_Client_ID>0</AD_Client_ID>
        <AD_Org_ID>0</AD_Org_ID>
        <AD_Form_ID reference="id"/>
        <AD_ImpFormat_ID reference="id"/>
        <AD_Menu_ID reference="id"/>
        <AD_Process_ID reference="id"/>
        <AD_Role_ID reference="id">0</AD_Role_ID>
        <AD_Window_ID reference="id"/>
        <AD_Workflow_ID reference="id"/>
        <IsActive>Y</IsActive>
        <File_Directory/>
        <FileName/>
        <Destination_FileName/>
        <Destination_Directory/>
        <Description/>
        <DBType>ALL</DBType>
        <Type>T</Type>
        <Target_Directory/>
        <SQLStatement/>
        <ReleaseNo/>
        <Processing>N</Processing>
        <Processed>N</Processed>
        <Name2/>
        <Line>3560</Line>
        <AD_Workbench_ID reference="id"/>
        <AD_Table_ID reference="uuid" reference-key="AD_Table">a23b60b8-408d-4545-aac7-41fc590df3ab</AD_Table_ID>
        <AD_ReportView_ID reference="id"/>
        <AD_Package_Exp_ID reference="uuid" reference-key="AD_Package_Exp">84d2adf4-e149-4b45-8d6f-362cb504f9ea</AD_Package_Exp_ID>
        <AD_Org_ID reference="id">0</AD_Org_ID>
        <AD_Package_Code_New/>
        <AD_Package_Code_Old/>
        <AD_Val_Rule_ID reference="id"/>
        <AD_Message_ID reference="id"/>
        <AD_PrintFormat_ID reference="id"/>
        <AD_Reference_ID reference="id"/>
        <AD_ModelValidator_ID reference="id"/>
        <AD_EntityType_ID reference="id"/>
        <AD_Package_Exp_Detail_UU>b84e1243-a2b6-4fad-bc50-e6fc90cb050c</AD_Package_Exp_Detail_UU>
        <AD_InfoWindow_ID reference="id">200000</AD_InfoWindow_ID>
    </AD_Package_Exp_Detail>
</idempiere>
