<?xml version="1.0" encoding="UTF-8"?><idempiere Name="AMERPSOFT Personnel and Payroll R11 LPY-58 Audit IPS" Version="11" idempiereVersion="" DataBaseVersion="" Description="Release 11 Addittional changes &#10;Base on LPY-58 Diferencia Calculo IPS" Author="" AuthorEmail="" CreatedDate="2025-10-08 13:16:06.823" UpdatedDate="2025-10-08 13:16:06.823" PackOutVersion="100" UpdateDictionary="false" Client="0-SYSTEM-System" AD_Client_UU="11237b53-9592-4af1-b3c5-afd216514b5d">
    <AD_Attachment type="table">
        <AD_Client_ID>0</AD_Client_ID>
        <AD_Org_ID>0</AD_Org_ID>
        <IsActive>Y</IsActive>
        <AD_Table_ID reference="id">284</AD_Table_ID>
        <Record_ID reference="uuid" reference-key="AD_Process">5dbaa269-8b07-42c9-a08f-13d1de09e63f</Record_ID>
        <BinaryData>1.dat|byte[]</BinaryData>
        <Title>zip</Title>
        <TextMsg/>
        <AD_Attachment_UU>74df31ec-6033-4cce-b365-3dbab4209f60</AD_Attachment_UU>
        <AD_StorageProvider_ID reference="id"/>
        <Record_UU>5dbaa269-8b07-42c9-a08f-13d1de09e63f</Record_UU>
    </AD_Attachment>
    <AD_Process type="table">
        <AD_Client_ID>0</AD_Client_ID>
        <AD_Org_ID>0</AD_Org_ID>
        <IsActive>Y</IsActive>
        <Name>Amper Payroll List Report Grid Format</Name>
        <Description>Amper Payroll List Report Grid Format</Description>
        <Help/>
        <ProcedureName/>
        <IsReport>Y</IsReport>
        <Value>AmperRepPayrollListGrid</Value>
        <IsDirectPrint>N</IsDirectPrint>
        <AD_ReportView_ID reference="id"/>
        <Classname>org.adempiere.report.jasper.ReportStarter</Classname>
        <AccessLevel>7</AccessLevel>
        <EntityType>AMERP</EntityType>
        <Statistic_Count>0</Statistic_Count>
        <Statistic_Seconds>0</Statistic_Seconds>
        <AD_PrintFormat_ID reference="id"/>
        <WorkflowValue/>
        <AD_Workflow_ID reference="id"/>
        <IsBetaFunctionality>N</IsBetaFunctionality>
        <ShowHelp>Y</ShowHelp>
        <JasperReport>attachment:PayrollListGrid.jrxml</JasperReport>
        <AD_Form_ID reference="id"/>
        <CopyFromProcess>N</CopyFromProcess>
        <AD_Process_UU>5dbaa269-8b07-42c9-a08f-13d1de09e63f</AD_Process_UU>
        <AD_CtxHelp_ID reference="id"/>
        <ExecutionType/>
        <AllowMultipleExecution>P</AllowMultipleExecution>
        <FileNamePattern/>
        <AD_Process_Trl type="translation">
            <Description>Reporte de Nómina Formato Planilla</Description>
            <Help/>
            <Name>Reporte de Nómina Formato Planilla</Name>
            <AD_Language>es_PY</AD_Language>
            <IsActive>Y</IsActive>
            <IsTranslated>N</IsTranslated>
        </AD_Process_Trl>
        <AD_Process_Trl type="translation">
            <Description>Reporte de Nómina Formato Rejilla</Description>
            <Help/>
            <Name>Reporte de Nómina Formato Rejilla</Name>
            <AD_Language>es_CO</AD_Language>
            <IsActive>Y</IsActive>
            <IsTranslated>N</IsTranslated>
        </AD_Process_Trl>
        <AD_Process_Para type="table">
            <AD_Client_ID>0</AD_Client_ID>
            <AD_Org_ID>0</AD_Org_ID>
            <IsActive>Y</IsActive>
            <Name>Tenant</Name>
            <Description>Tenant for this installation.</Description>
            <Help>A Tenant is a company or a legal entity. You cannot share data between Tenants.</Help>
            <AD_Process_ID reference="uuid" reference-key="AD_Process">5dbaa269-8b07-42c9-a08f-13d1de09e63f</AD_Process_ID>
            <SeqNo>10</SeqNo>
            <AD_Reference_ID reference="id">18</AD_Reference_ID>
            <AD_Reference_Value_ID reference="id">129</AD_Reference_Value_ID>
            <IsRange>N</IsRange>
            <AD_Val_Rule_ID reference="id"/>
            <FieldLength>0</FieldLength>
            <IsMandatory>Y</IsMandatory>
            <DefaultValue>@AD_Client_ID@</DefaultValue>
            <VFormat/>
            <ValueMin/>
            <ValueMax/>
            <ColumnName>AD_Client_ID</ColumnName>
            <DefaultValue2/>
            <IsCentrallyMaintained>Y</IsCentrallyMaintained>
            <EntityType>AMERP</EntityType>
            <AD_Element_ID reference="id">102</AD_Element_ID>
            <ReadOnlyLogic>Y=Y</ReadOnlyLogic>
            <DisplayLogic/>
            <AD_Process_Para_UU>3434b459-d6e9-450f-9d82-c7e3b9f8c44c</AD_Process_Para_UU>
            <IsEncrypted>N</IsEncrypted>
            <MandatoryLogic/>
            <Query/>
            <AD_FieldGroup_ID reference="id"/>
            <Placeholder/>
            <Placeholder2/>
            <IsAutocomplete>N</IsAutocomplete>
            <DateRangeOption>D</DateRangeOption>
            <IsShowNegateButton>N</IsShowNegateButton>
            <AD_Process_Para_Trl type="translation">
                <Description>Grupo Empresarial para esta instalación</Description>
                <Help>Grupo Empresarial. No se pueden compartir datos entre diferentes grupos empresariales.</Help>
                <Name>Grupo Empresarial</Name>
                <Placeholder/>
                <Placeholder2/>
                <AD_Language>es_CO</AD_Language>
                <IsActive>Y</IsActive>
                <IsTranslated>Y</IsTranslated>
            </AD_Process_Para_Trl>
            <AD_Process_Para_Trl type="translation">
                <Description>Grupo Empresarial para esta instalación</Description>
                <Help>Grupo Empresarial. No se pueden compartir datos entre diferentes grupos empresariales.</Help>
                <Name>Grupo Empresarial</Name>
                <Placeholder/>
                <Placeholder2/>
                <AD_Language>es_PY</AD_Language>
                <IsActive>Y</IsActive>
                <IsTranslated>Y</IsTranslated>
            </AD_Process_Para_Trl>
        </AD_Process_Para>
        <AD_Process_Para type="table">
            <AD_Client_ID>0</AD_Client_ID>
            <AD_Org_ID>0</AD_Org_ID>
            <IsActive>Y</IsActive>
            <Name>Organization</Name>
            <Description>Organizational entity within tenant</Description>
            <Help>An organization is a unit of your tenant or legal entity - examples are store, department. You can share data between organizations.</Help>
            <AD_Process_ID reference="uuid" reference-key="AD_Process">5dbaa269-8b07-42c9-a08f-13d1de09e63f</AD_Process_ID>
            <SeqNo>20</SeqNo>
            <AD_Reference_ID reference="id">18</AD_Reference_ID>
            <AD_Reference_Value_ID reference="id"/>
            <IsRange>N</IsRange>
            <AD_Val_Rule_ID reference="id">202</AD_Val_Rule_ID>
            <FieldLength>0</FieldLength>
            <IsMandatory>Y</IsMandatory>
            <DefaultValue>@AD_Org_ID@</DefaultValue>
            <VFormat/>
            <ValueMin/>
            <ValueMax/>
            <ColumnName>AD_Org_ID</ColumnName>
            <DefaultValue2/>
            <IsCentrallyMaintained>Y</IsCentrallyMaintained>
            <EntityType>AMERP</EntityType>
            <AD_Element_ID reference="id">113</AD_Element_ID>
            <ReadOnlyLogic/>
            <DisplayLogic/>
            <AD_Process_Para_UU>2f65d39a-a163-45b2-a83c-19a0d3c7410f</AD_Process_Para_UU>
            <IsEncrypted>N</IsEncrypted>
            <MandatoryLogic/>
            <Query/>
            <AD_FieldGroup_ID reference="id"/>
            <Placeholder/>
            <Placeholder2/>
            <IsAutocomplete>N</IsAutocomplete>
            <DateRangeOption>D</DateRangeOption>
            <IsShowNegateButton>N</IsShowNegateButton>
            <AD_Process_Para_Trl type="translation">
                <Description>Entidad organizacional dentro del grupo empresarial</Description>
                <Help>Una organización es una unidad del grupo empresarial o entidad legal - Ej. Tiendas y departamentos. Es posible compartir datos entre organizaciones.</Help>
                <Name>Organización</Name>
                <Placeholder/>
                <Placeholder2/>
                <AD_Language>es_CO</AD_Language>
                <IsActive>Y</IsActive>
                <IsTranslated>Y</IsTranslated>
            </AD_Process_Para_Trl>
            <AD_Process_Para_Trl type="translation">
                <Description>Entidad organizacional dentro del grupo empresarial</Description>
                <Help>Una organización es una unidad del grupo empresarial o entidad legal - Ej. Tiendas y departamentos. Es posible compartir datos entre organizaciones.</Help>
                <Name>Organización</Name>
                <Placeholder/>
                <Placeholder2/>
                <AD_Language>es_PY</AD_Language>
                <IsActive>Y</IsActive>
                <IsTranslated>Y</IsTranslated>
            </AD_Process_Para_Trl>
        </AD_Process_Para>
        <AD_Reference type="table">
            <AD_Client_ID>0</AD_Client_ID>
            <AD_Org_ID>0</AD_Org_ID>
            <Name>C_Currencies Region</Name>
            <Description>Currencies with dynamic exchange rate selection in Region</Description>
            <Help/>
            <ValidationType>T</ValidationType>
            <IsActive>Y</IsActive>
            <VFormat/>
            <EntityType>AMERP</EntityType>
            <IsOrderByValue>N</IsOrderByValue>
            <AD_Reference_UU>2e720d31-929f-4be5-bb0c-24fa9603da27</AD_Reference_UU>
            <AD_Element_ID reference="id"/>
            <ShowInactive>N</ShowInactive>
            <AD_Reference_Trl type="translation">
                <Description>Currencies with dynamic exchange rate selection in Region</Description>
                <Help/>
                <Name>C_Currencies Region</Name>
                <AD_Language>es_PY</AD_Language>
                <IsActive>Y</IsActive>
                <IsTranslated>N</IsTranslated>
            </AD_Reference_Trl>
            <AD_Reference_Trl type="translation">
                <Description>Currencies with dynamic exchange rate selection in Region</Description>
                <Help/>
                <Name>C_Currencies Region</Name>
                <AD_Language>es_CO</AD_Language>
                <IsActive>Y</IsActive>
                <IsTranslated>N</IsTranslated>
            </AD_Reference_Trl>
            <AD_Ref_Table type="table">
                <AD_Client_ID>0</AD_Client_ID>
                <AD_Org_ID>0</AD_Org_ID>
                <AD_Reference_ID reference="uuid" reference-key="AD_Reference">2e720d31-929f-4be5-bb0c-24fa9603da27</AD_Reference_ID>
                <AD_Table_ID reference="id">141</AD_Table_ID>
                <WhereClause>C_Currency.IsEMUMember='N' AND C_Currency.IsActive='Y' AND C_Currency.iso_code IN ('USD', 'EUR', 'PYG', 'COP','ARS','UYU', 'CLP', 'BOB','BRL' )
</WhereClause>
                <OrderByClause>C_Currency.ISO_Code</OrderByClause>
                <IsActive>Y</IsActive>
                <IsValueDisplayed>N</IsValueDisplayed>
                <EntityType>AMERP</EntityType>
                <AD_Window_ID reference="id"/>
                <AD_Ref_Table_UU>c24e070a-24f0-41bf-bd17-762109bb7fd5</AD_Ref_Table_UU>
                <AD_InfoWindow_ID reference="id"/>
                <AD_Display reference="id">458</AD_Display>
                <AD_Key reference="id">457</AD_Key>
            </AD_Ref_Table>
        </AD_Reference>
        <AD_Process_Para type="table">
            <AD_Client_ID>0</AD_Client_ID>
            <AD_Org_ID>0</AD_Org_ID>
            <IsActive>Y</IsActive>
            <Name>Currency</Name>
            <Description>The Currency for this record</Description>
            <Help>Indicates the Currency to be used when processing or reporting on this record</Help>
            <AD_Process_ID reference="uuid" reference-key="AD_Process">5dbaa269-8b07-42c9-a08f-13d1de09e63f</AD_Process_ID>
            <SeqNo>25</SeqNo>
            <AD_Reference_ID reference="id">18</AD_Reference_ID>
            <AD_Reference_Value_ID reference="uuid" reference-key="AD_Reference">2e720d31-929f-4be5-bb0c-24fa9603da27</AD_Reference_Value_ID>
            <IsRange>N</IsRange>
            <AD_Val_Rule_ID reference="id"/>
            <FieldLength>0</FieldLength>
            <IsMandatory>N</IsMandatory>
            <DefaultValue>@SQL=SELECT C_Currency_ID FROM C_AcctSchema sch  LEFT JOIN AD_ClientInfo cli ON cli.AD_Client_ID = sch.AD_Client_ID WHERE sch.C_AcctSchema_ID = cli.C_AcctSchema1_ID  AND cli.AD_Client_ID = @AD_Client_ID@</DefaultValue>
            <VFormat/>
            <ValueMin/>
            <ValueMax/>
            <ColumnName>C_Currency_ID</ColumnName>
            <DefaultValue2/>
            <IsCentrallyMaintained>Y</IsCentrallyMaintained>
            <EntityType>AMERP</EntityType>
            <AD_Element_ID reference="id">193</AD_Element_ID>
            <ReadOnlyLogic/>
            <DisplayLogic/>
            <AD_Process_Para_UU>70117947-16da-4425-8691-ccda8be40aaa</AD_Process_Para_UU>
            <IsEncrypted>N</IsEncrypted>
            <MandatoryLogic/>
            <Query/>
            <AD_FieldGroup_ID reference="id"/>
            <Placeholder/>
            <Placeholder2/>
            <IsAutocomplete>N</IsAutocomplete>
            <DateRangeOption>D</DateRangeOption>
            <IsShowNegateButton>N</IsShowNegateButton>
            <AD_Process_Para_Trl type="translation">
                <Description>Moneda para este registro</Description>
                <Help>Indica la moneda a ser usada cuando se procese o Informe este registro</Help>
                <Name>Moneda</Name>
                <Placeholder/>
                <Placeholder2/>
                <AD_Language>es_PY</AD_Language>
                <IsActive>Y</IsActive>
                <IsTranslated>Y</IsTranslated>
            </AD_Process_Para_Trl>
            <AD_Process_Para_Trl type="translation">
                <Description>Moneda para este registro</Description>
                <Help>Indica la moneda a ser usada cuando se procese o Informe este registro</Help>
                <Name>Moneda</Name>
                <Placeholder/>
                <Placeholder2/>
                <AD_Language>es_CO</AD_Language>
                <IsActive>Y</IsActive>
                <IsTranslated>Y</IsTranslated>
            </AD_Process_Para_Trl>
        </AD_Process_Para>
        <AD_Reference type="table">
            <AD_Client_ID>0</AD_Client_ID>
            <AD_Org_ID>0</AD_Org_ID>
            <Name>AMN_Process_ID</Name>
            <Description>Personnel and Payrol Process</Description>
            <Help>Personnel and Payrol Process</Help>
            <ValidationType>T</ValidationType>
            <IsActive>Y</IsActive>
            <VFormat/>
            <EntityType>AMERP</EntityType>
            <IsOrderByValue>N</IsOrderByValue>
            <AD_Reference_UU>811d0657-f33c-4822-b342-fe259239e4b6</AD_Reference_UU>
            <AD_Element_ID reference="id"/>
            <ShowInactive>N</ShowInactive>
            <AD_Reference_Trl type="translation">
                <Description>Proceso de Nómina</Description>
                <Help>Proceso de Nómina</Help>
                <Name>Proceso de Nómina</Name>
                <AD_Language>es_CO</AD_Language>
                <IsActive>Y</IsActive>
                <IsTranslated>Y</IsTranslated>
            </AD_Reference_Trl>
            <AD_Reference_Trl type="translation">
                <Description>Proceso de Nómina</Description>
                <Help>Proceso de Nómina</Help>
                <Name>Proceso de Nómina</Name>
                <AD_Language>es_PY</AD_Language>
                <IsActive>Y</IsActive>
                <IsTranslated>Y</IsTranslated>
            </AD_Reference_Trl>
            <AD_Ref_Table type="table">
                <AD_Client_ID>0</AD_Client_ID>
                <AD_Org_ID>0</AD_Org_ID>
                <AD_Reference_ID reference="uuid" reference-key="AD_Reference">811d0657-f33c-4822-b342-fe259239e4b6</AD_Reference_ID>
                <AD_Table_ID reference="uuid" reference-key="AD_Table">6884c042-ce65-43ed-8e9f-72d0aa8ff169</AD_Table_ID>
                <WhereClause/>
                <OrderByClause/>
                <IsActive>Y</IsActive>
                <IsValueDisplayed>Y</IsValueDisplayed>
                <EntityType>AMERP</EntityType>
                <AD_Window_ID reference="id"/>
                <AD_Ref_Table_UU>25e8b211-3b3c-43ca-89e2-0cb522ff5813</AD_Ref_Table_UU>
                <AD_InfoWindow_ID reference="id"/>
                <AD_Display reference="uuid" reference-key="AD_Column">164249c7-606a-499a-aeff-0ac50de41df0</AD_Display>
                <AD_Key reference="uuid" reference-key="AD_Column">a15d23d7-9d79-4b3a-b3be-02b565ce8eed</AD_Key>
            </AD_Ref_Table>
        </AD_Reference>
        <AD_Val_Rule type="table">
            <AD_Client_ID>0</AD_Client_ID>
            <AD_Org_ID>0</AD_Org_ID>
            <Name>AMN_Process_ID - By Role Access</Name>
            <Description>AMN_Process_ID By Role Access</Description>
            <Type>S</Type>
            <Code>AMN_Process.AMN_Process_ID in (SELECT DISTINCT AMN_Process_ID FROM  AMN_Role_Access WHERE AMN_Role_Access.ad_role_id = @AD_Role_ID@)</Code>
            <IsActive>Y</IsActive>
            <EntityType>AMERP</EntityType>
            <AD_Val_Rule_UU>25dbc6d7-dcb5-4fe5-9ca7-262ff2f81f79</AD_Val_Rule_UU>
        </AD_Val_Rule>
        <AD_Element type="table">
            <AD_Client_ID>0</AD_Client_ID>
            <AD_Org_ID>0</AD_Org_ID>
            <IsActive>Y</IsActive>
            <ColumnName>AMN_Process_ID</ColumnName>
            <Name>Payroll Process</Name>
            <Description/>
            <Help/>
            <PrintName>Payroll Process</PrintName>
            <PO_Description/>
            <PO_Help/>
            <PO_Name/>
            <PO_PrintName/>
            <EntityType>AMERP</EntityType>
            <AD_Element_UU>0d03dad1-bcf1-486d-aa75-d2c028c40539</AD_Element_UU>
            <Placeholder/>
            <AD_Element_Trl type="translation">
                <Description>Proceso de Nómina NN-NP-NU-NV ....</Description>
                <Help/>
                <Name>Proceso de Nómina</Name>
                <Placeholder/>
                <PO_Description/>
                <PO_Help/>
                <PO_Name/>
                <PO_PrintName/>
                <PrintName>Proceso de Nómina</PrintName>
                <AD_Language>es_CO</AD_Language>
                <IsActive>Y</IsActive>
                <IsTranslated>Y</IsTranslated>
            </AD_Element_Trl>
            <AD_Element_Trl type="translation">
                <Description>Proceso de Nómina NN-NP-NU-NV ....</Description>
                <Help/>
                <Name>Proceso de Nómina</Name>
                <Placeholder/>
                <PO_Description/>
                <PO_Help/>
                <PO_Name/>
                <PO_PrintName/>
                <PrintName>Proceso de Nómina</PrintName>
                <AD_Language>es_PY</AD_Language>
                <IsActive>Y</IsActive>
                <IsTranslated>Y</IsTranslated>
            </AD_Element_Trl>
        </AD_Element>
        <AD_Process_Para type="table">
            <AD_Client_ID>0</AD_Client_ID>
            <AD_Org_ID>0</AD_Org_ID>
            <IsActive>Y</IsActive>
            <Name>Payroll Process</Name>
            <Description/>
            <Help/>
            <AD_Process_ID reference="uuid" reference-key="AD_Process">5dbaa269-8b07-42c9-a08f-13d1de09e63f</AD_Process_ID>
            <SeqNo>30</SeqNo>
            <AD_Reference_ID reference="id">18</AD_Reference_ID>
            <AD_Reference_Value_ID reference="uuid" reference-key="AD_Reference">811d0657-f33c-4822-b342-fe259239e4b6</AD_Reference_Value_ID>
            <IsRange>N</IsRange>
            <AD_Val_Rule_ID reference="uuid" reference-key="AD_Val_Rule">25dbc6d7-dcb5-4fe5-9ca7-262ff2f81f79</AD_Val_Rule_ID>
            <FieldLength>0</FieldLength>
            <IsMandatory>Y</IsMandatory>
            <DefaultValue/>
            <VFormat/>
            <ValueMin/>
            <ValueMax/>
            <ColumnName>AMN_Process_ID</ColumnName>
            <DefaultValue2/>
            <IsCentrallyMaintained>Y</IsCentrallyMaintained>
            <EntityType>AMERP</EntityType>
            <AD_Element_ID reference="uuid" reference-key="AD_Element">0d03dad1-bcf1-486d-aa75-d2c028c40539</AD_Element_ID>
            <ReadOnlyLogic/>
            <DisplayLogic/>
            <AD_Process_Para_UU>026fdb82-5d21-4411-be5c-b46fc9993704</AD_Process_Para_UU>
            <IsEncrypted>N</IsEncrypted>
            <MandatoryLogic/>
            <Query/>
            <AD_FieldGroup_ID reference="id"/>
            <Placeholder/>
            <Placeholder2/>
            <IsAutocomplete>N</IsAutocomplete>
            <DateRangeOption>D</DateRangeOption>
            <IsShowNegateButton>N</IsShowNegateButton>
            <AD_Process_Para_Trl type="translation">
                <Description>Proceso de Nómina NN-NP-NU-NV ....</Description>
                <Help/>
                <Name>Proceso de Nómina</Name>
                <Placeholder/>
                <Placeholder2/>
                <AD_Language>es_CO</AD_Language>
                <IsActive>Y</IsActive>
                <IsTranslated>Y</IsTranslated>
            </AD_Process_Para_Trl>
            <AD_Process_Para_Trl type="translation">
                <Description>Proceso de Nómina NN-NP-NU-NV ....</Description>
                <Help/>
                <Name>Proceso de Nómina</Name>
                <Placeholder/>
                <Placeholder2/>
                <AD_Language>es_PY</AD_Language>
                <IsActive>Y</IsActive>
                <IsTranslated>Y</IsTranslated>
            </AD_Process_Para_Trl>
        </AD_Process_Para>
        <AD_Reference type="table">
            <AD_Client_ID>0</AD_Client_ID>
            <AD_Org_ID>0</AD_Org_ID>
            <Name>AMN_Contract_ID</Name>
            <Description>Personnel and Payroll Contract</Description>
            <Help/>
            <ValidationType>T</ValidationType>
            <IsActive>Y</IsActive>
            <VFormat/>
            <EntityType>AMERP</EntityType>
            <IsOrderByValue>N</IsOrderByValue>
            <AD_Reference_UU>a5a3c592-ca1c-4de8-8a65-105b1b843a03</AD_Reference_UU>
            <AD_Element_ID reference="id"/>
            <ShowInactive>N</ShowInactive>
            <AD_Reference_Trl type="translation">
                <Description>Tipo de Contrato</Description>
                <Help>Tipo de Contrato, SE:Semanal, QU:Quincenal ...</Help>
                <Name>Tipo de Contrato</Name>
                <AD_Language>es_PY</AD_Language>
                <IsActive>Y</IsActive>
                <IsTranslated>Y</IsTranslated>
            </AD_Reference_Trl>
            <AD_Reference_Trl type="translation">
                <Description>Tipo de Contrato</Description>
                <Help>Tipo de Contrato, SE:Semanal, QU:Quincenal ...</Help>
                <Name>Tipo de Contrato</Name>
                <AD_Language>es_CO</AD_Language>
                <IsActive>Y</IsActive>
                <IsTranslated>Y</IsTranslated>
            </AD_Reference_Trl>
            <AD_Ref_Table type="table">
                <AD_Client_ID>0</AD_Client_ID>
                <AD_Org_ID>0</AD_Org_ID>
                <AD_Reference_ID reference="uuid" reference-key="AD_Reference">a5a3c592-ca1c-4de8-8a65-105b1b843a03</AD_Reference_ID>
                <AD_Table_ID reference="uuid" reference-key="AD_Table">da85fecc-c5b7-47af-b9aa-abdfc598b289</AD_Table_ID>
                <WhereClause/>
                <OrderByClause/>
                <IsActive>Y</IsActive>
                <IsValueDisplayed>Y</IsValueDisplayed>
                <EntityType>AMERP</EntityType>
                <AD_Window_ID reference="id"/>
                <AD_Ref_Table_UU>66825630-9f46-40d9-b537-24f0c42ea04c</AD_Ref_Table_UU>
                <AD_InfoWindow_ID reference="id"/>
                <AD_Display reference="uuid" reference-key="AD_Column">a4146e53-ace5-4abc-ba61-d7a0a33ba06b</AD_Display>
                <AD_Key reference="uuid" reference-key="AD_Column">4a01b04b-70dc-4eb6-9f0f-aa5091c4dab1</AD_Key>
            </AD_Ref_Table>
        </AD_Reference>
        <AD_Val_Rule type="table">
            <AD_Client_ID>0</AD_Client_ID>
            <AD_Org_ID>0</AD_Org_ID>
            <Name>AMN_Contract_ID - By Role Access if Process=@AMN_Process_ID@</Name>
            <Description>AMN_Contract_ID By Role Access</Description>
            <Type>S</Type>
            <Code>AMN_Contract.AMN_Contract_ID in (SELECT DISTINCT AMN_Contract_ID FROM  AMN_Role_Access WHERE AMN_Role_Access.ad_role_id = @AD_Role_ID@ AND AMN_Role_Access.AMN_Process_ID = @AMN_Process_ID@ )</Code>
            <IsActive>Y</IsActive>
            <EntityType>U</EntityType>
            <AD_Val_Rule_UU>ca46e075-62fd-4c16-8986-27395f90b185</AD_Val_Rule_UU>
        </AD_Val_Rule>
        <AD_Element type="table">
            <AD_Client_ID>0</AD_Client_ID>
            <AD_Org_ID>0</AD_Org_ID>
            <IsActive>Y</IsActive>
            <ColumnName>AMN_Contract_ID</ColumnName>
            <Name>Payroll Contract</Name>
            <Description/>
            <Help/>
            <PrintName>Payroll Contract</PrintName>
            <PO_Description/>
            <PO_Help/>
            <PO_Name/>
            <PO_PrintName/>
            <EntityType>AMERP</EntityType>
            <AD_Element_UU>68e088cc-db2a-441e-bba8-4a09146fa9a9</AD_Element_UU>
            <Placeholder/>
            <AD_Element_Trl type="translation">
                <Description>Tipo de Contrato de Nómina</Description>
                <Help/>
                <Name>Tipo Contrato Nómina</Name>
                <Placeholder/>
                <PO_Description/>
                <PO_Help/>
                <PO_Name/>
                <PO_PrintName/>
                <PrintName>Tipo Contrato Nómina</PrintName>
                <AD_Language>es_CO</AD_Language>
                <IsActive>Y</IsActive>
                <IsTranslated>Y</IsTranslated>
            </AD_Element_Trl>
            <AD_Element_Trl type="translation">
                <Description>Tipo de Contrato de Nómina</Description>
                <Help/>
                <Name>Tipo Contrato Nómina</Name>
                <Placeholder/>
                <PO_Description/>
                <PO_Help/>
                <PO_Name/>
                <PO_PrintName/>
                <PrintName>Tipo Contrato Nómina</PrintName>
                <AD_Language>es_PY</AD_Language>
                <IsActive>Y</IsActive>
                <IsTranslated>Y</IsTranslated>
            </AD_Element_Trl>
        </AD_Element>
        <AD_Process_Para type="table">
            <AD_Client_ID>0</AD_Client_ID>
            <AD_Org_ID>0</AD_Org_ID>
            <IsActive>Y</IsActive>
            <Name>Payroll Contract</Name>
            <Description/>
            <Help/>
            <AD_Process_ID reference="uuid" reference-key="AD_Process">5dbaa269-8b07-42c9-a08f-13d1de09e63f</AD_Process_ID>
            <SeqNo>40</SeqNo>
            <AD_Reference_ID reference="id">18</AD_Reference_ID>
            <AD_Reference_Value_ID reference="uuid" reference-key="AD_Reference">a5a3c592-ca1c-4de8-8a65-105b1b843a03</AD_Reference_Value_ID>
            <IsRange>N</IsRange>
            <AD_Val_Rule_ID reference="uuid" reference-key="AD_Val_Rule">ca46e075-62fd-4c16-8986-27395f90b185</AD_Val_Rule_ID>
            <FieldLength>0</FieldLength>
            <IsMandatory>Y</IsMandatory>
            <DefaultValue/>
            <VFormat/>
            <ValueMin/>
            <ValueMax/>
            <ColumnName>AMN_Contract_ID</ColumnName>
            <DefaultValue2/>
            <IsCentrallyMaintained>Y</IsCentrallyMaintained>
            <EntityType>AMERP</EntityType>
            <AD_Element_ID reference="uuid" reference-key="AD_Element">68e088cc-db2a-441e-bba8-4a09146fa9a9</AD_Element_ID>
            <ReadOnlyLogic/>
            <DisplayLogic/>
            <AD_Process_Para_UU>c1629cb1-0090-4969-a2dc-8096a3976129</AD_Process_Para_UU>
            <IsEncrypted>N</IsEncrypted>
            <MandatoryLogic/>
            <Query/>
            <AD_FieldGroup_ID reference="id"/>
            <Placeholder/>
            <Placeholder2/>
            <IsAutocomplete>N</IsAutocomplete>
            <DateRangeOption>D</DateRangeOption>
            <IsShowNegateButton>N</IsShowNegateButton>
            <AD_Process_Para_Trl type="translation">
                <Description>Tipo de Contrato de Nómina</Description>
                <Help/>
                <Name>Tipo Contrato Nómina</Name>
                <Placeholder/>
                <Placeholder2/>
                <AD_Language>es_CO</AD_Language>
                <IsActive>Y</IsActive>
                <IsTranslated>Y</IsTranslated>
            </AD_Process_Para_Trl>
            <AD_Process_Para_Trl type="translation">
                <Description>Tipo de Contrato de Nómina</Description>
                <Help/>
                <Name>Tipo Contrato Nómina</Name>
                <Placeholder/>
                <Placeholder2/>
                <AD_Language>es_PY</AD_Language>
                <IsActive>Y</IsActive>
                <IsTranslated>Y</IsTranslated>
            </AD_Process_Para_Trl>
        </AD_Process_Para>
        <AD_Reference type="table">
            <AD_Client_ID>0</AD_Client_ID>
            <AD_Org_ID>0</AD_Org_ID>
            <Name>AMN_Period_ID order DESC</Name>
            <Description>Payroll Period for Receiptsrder DESC </Description>
            <Help/>
            <ValidationType>T</ValidationType>
            <IsActive>Y</IsActive>
            <VFormat/>
            <EntityType>AMERP</EntityType>
            <IsOrderByValue>N</IsOrderByValue>
            <AD_Reference_UU>be5e812b-62e3-4b25-a56f-857e74962330</AD_Reference_UU>
            <AD_Element_ID reference="id"/>
            <ShowInactive>N</ShowInactive>
            <AD_Reference_Trl type="translation">
                <Description>Payroll Period for TI Receipts</Description>
                <Help/>
                <Name>AMN_Period_ID for TI</Name>
                <AD_Language>es_CO</AD_Language>
                <IsActive>Y</IsActive>
                <IsTranslated>N</IsTranslated>
            </AD_Reference_Trl>
            <AD_Reference_Trl type="translation">
                <Description>Payroll Period for TI Receipts</Description>
                <Help/>
                <Name>AMN_Period_ID for TI</Name>
                <AD_Language>es_PY</AD_Language>
                <IsActive>Y</IsActive>
                <IsTranslated>Y</IsTranslated>
            </AD_Reference_Trl>
            <AD_Ref_Table type="table">
                <AD_Client_ID>0</AD_Client_ID>
                <AD_Org_ID>0</AD_Org_ID>
                <AD_Reference_ID reference="uuid" reference-key="AD_Reference">be5e812b-62e3-4b25-a56f-857e74962330</AD_Reference_ID>
                <AD_Table_ID reference="uuid" reference-key="AD_Table">f1714b70-0d72-415b-8897-461e73b39347</AD_Table_ID>
                <WhereClause/>
                <OrderByClause>AMN_Period.AMNDateIni DESC</OrderByClause>
                <IsActive>Y</IsActive>
                <IsValueDisplayed>Y</IsValueDisplayed>
                <EntityType>AMERP</EntityType>
                <AD_Window_ID reference="id"/>
                <AD_Ref_Table_UU>0d830d6e-da25-4cf6-910d-06cfe30f97fa</AD_Ref_Table_UU>
                <AD_InfoWindow_ID reference="id"/>
                <AD_Display reference="uuid" reference-key="AD_Column">501ac48f-4664-41f1-9eb3-3b5df92dbebf</AD_Display>
                <AD_Key reference="uuid" reference-key="AD_Column">8f6d104f-0d6f-4838-8d39-de23bb5ec0bf</AD_Key>
            </AD_Ref_Table>
        </AD_Reference>
        <AD_Val_Rule type="table">
            <AD_Client_ID>0</AD_Client_ID>
            <AD_Org_ID>0</AD_Org_ID>
            <Name>AMN_Period_ID Open Only</Name>
            <Description>Payroll Periods Open Only</Description>
            <Type>S</Type>
            <Code>AMN_Period.AMN_Contract_ID = @AMN_Contract_ID@  AND AMN_Period.AMN_Process_ID = @AMN_Process_ID@ AND  AMN_Period.AMN_Period_Status = 'O'</Code>
            <IsActive>Y</IsActive>
            <EntityType>AMERP</EntityType>
            <AD_Val_Rule_UU>0fdb8bba-20df-4f0e-a31d-aebfde956fee</AD_Val_Rule_UU>
        </AD_Val_Rule>
        <AD_Element type="table">
            <AD_Client_ID>0</AD_Client_ID>
            <AD_Org_ID>0</AD_Org_ID>
            <IsActive>Y</IsActive>
            <ColumnName>AMN_Period_ID</ColumnName>
            <Name>Payroll Period</Name>
            <Description/>
            <Help/>
            <PrintName>Payroll Period</PrintName>
            <PO_Description/>
            <PO_Help/>
            <PO_Name/>
            <PO_PrintName/>
            <EntityType>AMERP</EntityType>
            <AD_Element_UU>f3c71f76-a996-4adf-a195-d9ffee55d181</AD_Element_UU>
            <Placeholder/>
            <AD_Element_Trl type="translation">
                <Description>Período de Nómina</Description>
                <Help/>
                <Name>Período Nómina</Name>
                <Placeholder/>
                <PO_Description/>
                <PO_Help/>
                <PO_Name/>
                <PO_PrintName/>
                <PrintName>Período Nómina</PrintName>
                <AD_Language>es_PY</AD_Language>
                <IsActive>Y</IsActive>
                <IsTranslated>Y</IsTranslated>
            </AD_Element_Trl>
            <AD_Element_Trl type="translation">
                <Description>Período de Nómina</Description>
                <Help/>
                <Name>Período Nómina</Name>
                <Placeholder/>
                <PO_Description/>
                <PO_Help/>
                <PO_Name/>
                <PO_PrintName/>
                <PrintName>Período Nómina</PrintName>
                <AD_Language>es_CO</AD_Language>
                <IsActive>Y</IsActive>
                <IsTranslated>Y</IsTranslated>
            </AD_Element_Trl>
        </AD_Element>
        <AD_Process_Para type="table">
            <AD_Client_ID>0</AD_Client_ID>
            <AD_Org_ID>0</AD_Org_ID>
            <IsActive>Y</IsActive>
            <Name>Payroll Period</Name>
            <Description/>
            <Help/>
            <AD_Process_ID reference="uuid" reference-key="AD_Process">5dbaa269-8b07-42c9-a08f-13d1de09e63f</AD_Process_ID>
            <SeqNo>50</SeqNo>
            <AD_Reference_ID reference="id">18</AD_Reference_ID>
            <AD_Reference_Value_ID reference="uuid" reference-key="AD_Reference">be5e812b-62e3-4b25-a56f-857e74962330</AD_Reference_Value_ID>
            <IsRange>N</IsRange>
            <AD_Val_Rule_ID reference="uuid" reference-key="AD_Val_Rule">0fdb8bba-20df-4f0e-a31d-aebfde956fee</AD_Val_Rule_ID>
            <FieldLength>0</FieldLength>
            <IsMandatory>Y</IsMandatory>
            <DefaultValue/>
            <VFormat/>
            <ValueMin/>
            <ValueMax/>
            <ColumnName>AMN_Period_ID</ColumnName>
            <DefaultValue2/>
            <IsCentrallyMaintained>Y</IsCentrallyMaintained>
            <EntityType>AMERP</EntityType>
            <AD_Element_ID reference="uuid" reference-key="AD_Element">f3c71f76-a996-4adf-a195-d9ffee55d181</AD_Element_ID>
            <ReadOnlyLogic/>
            <DisplayLogic/>
            <AD_Process_Para_UU>775c6a5d-89b7-4b3c-9fb6-47e7ea2c5601</AD_Process_Para_UU>
            <IsEncrypted>N</IsEncrypted>
            <MandatoryLogic/>
            <Query/>
            <AD_FieldGroup_ID reference="id"/>
            <Placeholder/>
            <Placeholder2/>
            <IsAutocomplete>N</IsAutocomplete>
            <DateRangeOption>D</DateRangeOption>
            <IsShowNegateButton>N</IsShowNegateButton>
            <AD_Process_Para_Trl type="translation">
                <Description>Período de Nómina</Description>
                <Help/>
                <Name>Período Nómina</Name>
                <Placeholder/>
                <Placeholder2/>
                <AD_Language>es_CO</AD_Language>
                <IsActive>Y</IsActive>
                <IsTranslated>Y</IsTranslated>
            </AD_Process_Para_Trl>
            <AD_Process_Para_Trl type="translation">
                <Description>Período de Nómina</Description>
                <Help/>
                <Name>Período Nómina</Name>
                <Placeholder/>
                <Placeholder2/>
                <AD_Language>es_PY</AD_Language>
                <IsActive>Y</IsActive>
                <IsTranslated>Y</IsTranslated>
            </AD_Process_Para_Trl>
        </AD_Process_Para>
        <AD_Reference type="table">
            <AD_Client_ID>0</AD_Client_ID>
            <AD_Org_ID>0</AD_Org_ID>
            <Name>AMN_Location_ID</Name>
            <Description>Personnel and Payroll Location</Description>
            <Help/>
            <ValidationType>T</ValidationType>
            <IsActive>Y</IsActive>
            <VFormat/>
            <EntityType>AMERP</EntityType>
            <IsOrderByValue>N</IsOrderByValue>
            <AD_Reference_UU>046a5115-5129-458b-b51f-1c11862ca152</AD_Reference_UU>
            <AD_Element_ID reference="id"/>
            <ShowInactive>N</ShowInactive>
            <AD_Reference_Trl type="translation">
                <Description>Localidad de la Organización</Description>
                <Help>Localidad de la Organización</Help>
                <Name>Localidad de la Organización</Name>
                <AD_Language>es_CO</AD_Language>
                <IsActive>Y</IsActive>
                <IsTranslated>Y</IsTranslated>
            </AD_Reference_Trl>
            <AD_Reference_Trl type="translation">
                <Description>Localidad de la Organización</Description>
                <Help>Localidad de la Organización</Help>
                <Name>Localidad de la Organización</Name>
                <AD_Language>es_PY</AD_Language>
                <IsActive>Y</IsActive>
                <IsTranslated>Y</IsTranslated>
            </AD_Reference_Trl>
            <AD_Ref_Table type="table">
                <AD_Client_ID>0</AD_Client_ID>
                <AD_Org_ID>0</AD_Org_ID>
                <AD_Reference_ID reference="uuid" reference-key="AD_Reference">046a5115-5129-458b-b51f-1c11862ca152</AD_Reference_ID>
                <AD_Table_ID reference="uuid" reference-key="AD_Table">7a6c9511-9fa8-486e-8015-7ebdb668b5f5</AD_Table_ID>
                <WhereClause/>
                <OrderByClause/>
                <IsActive>Y</IsActive>
                <IsValueDisplayed>Y</IsValueDisplayed>
                <EntityType>AMERP</EntityType>
                <AD_Window_ID reference="id"/>
                <AD_Ref_Table_UU>d089c9a5-ec0c-46e8-9d7f-f00f13dfad3e</AD_Ref_Table_UU>
                <AD_InfoWindow_ID reference="id"/>
                <AD_Display reference="uuid" reference-key="AD_Column">b79c5986-ca88-4233-a3f8-8b34918bdd28</AD_Display>
                <AD_Key reference="uuid" reference-key="AD_Column">bf1aed3a-6d9f-46cd-b0f7-955a682dedaf</AD_Key>
            </AD_Ref_Table>
        </AD_Reference>
        <AD_Element type="table">
            <AD_Client_ID>0</AD_Client_ID>
            <AD_Org_ID>0</AD_Org_ID>
            <IsActive>Y</IsActive>
            <ColumnName>AMN_Location_ID</ColumnName>
            <Name>Payroll Location</Name>
            <Description/>
            <Help/>
            <PrintName>Payroll Location</PrintName>
            <PO_Description/>
            <PO_Help/>
            <PO_Name/>
            <PO_PrintName/>
            <EntityType>AMERP</EntityType>
            <AD_Element_UU>0e3a22bb-6107-476e-a3a7-d8fdac1b6d33</AD_Element_UU>
            <Placeholder/>
            <AD_Element_Trl type="translation">
                <Description/>
                <Help/>
                <Name>Unidad de Negocio (Localidad)</Name>
                <Placeholder/>
                <PO_Description/>
                <PO_Help/>
                <PO_Name/>
                <PO_PrintName/>
                <PrintName>Unidad de Negocio (Localidad de Nómina)</PrintName>
                <AD_Language>es_PY</AD_Language>
                <IsActive>Y</IsActive>
                <IsTranslated>Y</IsTranslated>
            </AD_Element_Trl>
            <AD_Element_Trl type="translation">
                <Description/>
                <Help/>
                <Name>Localidad de Nómina</Name>
                <Placeholder/>
                <PO_Description/>
                <PO_Help/>
                <PO_Name/>
                <PO_PrintName/>
                <PrintName>Localidad de Nómina</PrintName>
                <AD_Language>es_CO</AD_Language>
                <IsActive>Y</IsActive>
                <IsTranslated>Y</IsTranslated>
            </AD_Element_Trl>
        </AD_Element>
        <AD_Process_Para type="table">
            <AD_Client_ID>0</AD_Client_ID>
            <AD_Org_ID>0</AD_Org_ID>
            <IsActive>Y</IsActive>
            <Name>Payroll Location</Name>
            <Description/>
            <Help/>
            <AD_Process_ID reference="uuid" reference-key="AD_Process">5dbaa269-8b07-42c9-a08f-13d1de09e63f</AD_Process_ID>
            <SeqNo>55</SeqNo>
            <AD_Reference_ID reference="id">18</AD_Reference_ID>
            <AD_Reference_Value_ID reference="uuid" reference-key="AD_Reference">046a5115-5129-458b-b51f-1c11862ca152</AD_Reference_Value_ID>
            <IsRange>N</IsRange>
            <AD_Val_Rule_ID reference="id"/>
            <FieldLength>0</FieldLength>
            <IsMandatory>N</IsMandatory>
            <DefaultValue/>
            <VFormat/>
            <ValueMin/>
            <ValueMax/>
            <ColumnName>AMN_Location_ID</ColumnName>
            <DefaultValue2/>
            <IsCentrallyMaintained>Y</IsCentrallyMaintained>
            <EntityType>AMERP</EntityType>
            <AD_Element_ID reference="uuid" reference-key="AD_Element">0e3a22bb-6107-476e-a3a7-d8fdac1b6d33</AD_Element_ID>
            <ReadOnlyLogic/>
            <DisplayLogic/>
            <AD_Process_Para_UU>7da3eeb2-83d2-4fc7-8209-7c60c36d46c0</AD_Process_Para_UU>
            <IsEncrypted>N</IsEncrypted>
            <MandatoryLogic/>
            <Query/>
            <AD_FieldGroup_ID reference="id"/>
            <Placeholder/>
            <Placeholder2/>
            <IsAutocomplete>N</IsAutocomplete>
            <DateRangeOption>D</DateRangeOption>
            <IsShowNegateButton>N</IsShowNegateButton>
            <AD_Process_Para_Trl type="translation">
                <Description/>
                <Help/>
                <Name>Localidad de Nómina</Name>
                <Placeholder/>
                <Placeholder2/>
                <AD_Language>es_CO</AD_Language>
                <IsActive>Y</IsActive>
                <IsTranslated>Y</IsTranslated>
            </AD_Process_Para_Trl>
            <AD_Process_Para_Trl type="translation">
                <Description/>
                <Help/>
                <Name>Unidad de Negocio (Localidad)</Name>
                <Placeholder/>
                <Placeholder2/>
                <AD_Language>es_PY</AD_Language>
                <IsActive>Y</IsActive>
                <IsTranslated>Y</IsTranslated>
            </AD_Process_Para_Trl>
        </AD_Process_Para>
        <AD_Reference type="table">
            <AD_Client_ID>0</AD_Client_ID>
            <AD_Org_ID>0</AD_Org_ID>
            <Name>AMN_Employee_ID</Name>
            <Description>Payroll Employee</Description>
            <Help/>
            <ValidationType>T</ValidationType>
            <IsActive>Y</IsActive>
            <VFormat/>
            <EntityType>AMERP</EntityType>
            <IsOrderByValue>N</IsOrderByValue>
            <AD_Reference_UU>a0a80ac5-c2a4-456c-9598-060854d94271</AD_Reference_UU>
            <AD_Element_ID reference="id"/>
            <ShowInactive>N</ShowInactive>
            <AD_Reference_Trl type="translation">
                <Description>Identificación del Trabajador</Description>
                <Help>Identificación del Trabajador</Help>
                <Name>Trabajador</Name>
                <AD_Language>es_CO</AD_Language>
                <IsActive>Y</IsActive>
                <IsTranslated>Y</IsTranslated>
            </AD_Reference_Trl>
            <AD_Reference_Trl type="translation">
                <Description>Identificación del Trabajador</Description>
                <Help>Identificación del Trabajador</Help>
                <Name>Trabajador</Name>
                <AD_Language>es_PY</AD_Language>
                <IsActive>Y</IsActive>
                <IsTranslated>Y</IsTranslated>
            </AD_Reference_Trl>
            <AD_Ref_Table type="table">
                <AD_Client_ID>0</AD_Client_ID>
                <AD_Org_ID>0</AD_Org_ID>
                <AD_Reference_ID reference="uuid" reference-key="AD_Reference">a0a80ac5-c2a4-456c-9598-060854d94271</AD_Reference_ID>
                <AD_Table_ID reference="uuid" reference-key="AD_Table">d89bfbda-5916-45eb-a4ee-f6e54b7faed9</AD_Table_ID>
                <WhereClause/>
                <OrderByClause/>
                <IsActive>Y</IsActive>
                <IsValueDisplayed>Y</IsValueDisplayed>
                <EntityType>AMERP</EntityType>
                <AD_Window_ID reference="id"/>
                <AD_Ref_Table_UU>93612921-5f2e-42d7-a591-878ec66a2976</AD_Ref_Table_UU>
                <AD_InfoWindow_ID reference="id"/>
                <AD_Display reference="uuid" reference-key="AD_Column">a0027594-1ae8-4100-b6f6-addc9597e140</AD_Display>
                <AD_Key reference="uuid" reference-key="AD_Column">7e4fbe99-d56b-4d54-b9b8-2f4ef7e69fd8</AD_Key>
            </AD_Ref_Table>
        </AD_Reference>
        <AD_Val_Rule type="table">
            <AD_Client_ID>0</AD_Client_ID>
            <AD_Org_ID>0</AD_Org_ID>
            <Name>AMN_Employee_ID - Contract</Name>
            <Description>Employee</Description>
            <Type>S</Type>
            <Code>AMN_Employee.AMN_Contract_ID = @AMN_Contract_ID@</Code>
            <IsActive>Y</IsActive>
            <EntityType>AMERP</EntityType>
            <AD_Val_Rule_UU>28a57667-f0e7-42bc-a5cc-0263c68fd936</AD_Val_Rule_UU>
        </AD_Val_Rule>
        <AD_Element type="table">
            <AD_Client_ID>0</AD_Client_ID>
            <AD_Org_ID>0</AD_Org_ID>
            <IsActive>Y</IsActive>
            <ColumnName>AMN_Employee_ID</ColumnName>
            <Name>Payroll employee</Name>
            <Description/>
            <Help/>
            <PrintName>Payroll employee</PrintName>
            <PO_Description/>
            <PO_Help/>
            <PO_Name/>
            <PO_PrintName/>
            <EntityType>AMERP</EntityType>
            <AD_Element_UU>4793b9e0-a594-46f7-86c3-3a3d83f96e88</AD_Element_UU>
            <Placeholder/>
            <AD_Element_Trl type="translation">
                <Description>Identificación del Trabajador</Description>
                <Help/>
                <Name>Trabajador</Name>
                <Placeholder/>
                <PO_Description/>
                <PO_Help/>
                <PO_Name/>
                <PO_PrintName/>
                <PrintName>Trabajador</PrintName>
                <AD_Language>es_CO</AD_Language>
                <IsActive>Y</IsActive>
                <IsTranslated>Y</IsTranslated>
            </AD_Element_Trl>
            <AD_Element_Trl type="translation">
                <Description>Identificación del Trabajador</Description>
                <Help/>
                <Name>Trabajador</Name>
                <Placeholder/>
                <PO_Description/>
                <PO_Help/>
                <PO_Name/>
                <PO_PrintName/>
                <PrintName>Trabajador</PrintName>
                <AD_Language>es_PY</AD_Language>
                <IsActive>Y</IsActive>
                <IsTranslated>Y</IsTranslated>
            </AD_Element_Trl>
        </AD_Element>
        <AD_Process_Para type="table">
            <AD_Client_ID>0</AD_Client_ID>
            <AD_Org_ID>0</AD_Org_ID>
            <IsActive>Y</IsActive>
            <Name>Payroll employee</Name>
            <Description/>
            <Help/>
            <AD_Process_ID reference="uuid" reference-key="AD_Process">5dbaa269-8b07-42c9-a08f-13d1de09e63f</AD_Process_ID>
            <SeqNo>60</SeqNo>
            <AD_Reference_ID reference="id">30</AD_Reference_ID>
            <AD_Reference_Value_ID reference="uuid" reference-key="AD_Reference">a0a80ac5-c2a4-456c-9598-060854d94271</AD_Reference_Value_ID>
            <IsRange>N</IsRange>
            <AD_Val_Rule_ID reference="uuid" reference-key="AD_Val_Rule">28a57667-f0e7-42bc-a5cc-0263c68fd936</AD_Val_Rule_ID>
            <FieldLength>0</FieldLength>
            <IsMandatory>N</IsMandatory>
            <DefaultValue/>
            <VFormat/>
            <ValueMin/>
            <ValueMax/>
            <ColumnName>AMN_Employee_ID</ColumnName>
            <DefaultValue2/>
            <IsCentrallyMaintained>Y</IsCentrallyMaintained>
            <EntityType>AMERP</EntityType>
            <AD_Element_ID reference="uuid" reference-key="AD_Element">4793b9e0-a594-46f7-86c3-3a3d83f96e88</AD_Element_ID>
            <ReadOnlyLogic/>
            <DisplayLogic/>
            <AD_Process_Para_UU>0e422988-cbc6-42ef-8857-524daf0ffae8</AD_Process_Para_UU>
            <IsEncrypted>N</IsEncrypted>
            <MandatoryLogic/>
            <Query/>
            <AD_FieldGroup_ID reference="id"/>
            <Placeholder/>
            <Placeholder2/>
            <IsAutocomplete>N</IsAutocomplete>
            <DateRangeOption>D</DateRangeOption>
            <IsShowNegateButton>N</IsShowNegateButton>
            <AD_Process_Para_Trl type="translation">
                <Description>Identificación del Trabajador</Description>
                <Help/>
                <Name>Trabajador</Name>
                <Placeholder/>
                <Placeholder2/>
                <AD_Language>es_CO</AD_Language>
                <IsActive>Y</IsActive>
                <IsTranslated>Y</IsTranslated>
            </AD_Process_Para_Trl>
            <AD_Process_Para_Trl type="translation">
                <Description>Identificación del Trabajador</Description>
                <Help/>
                <Name>Trabajador</Name>
                <Placeholder/>
                <Placeholder2/>
                <AD_Language>es_PY</AD_Language>
                <IsActive>Y</IsActive>
                <IsTranslated>Y</IsTranslated>
            </AD_Process_Para_Trl>
        </AD_Process_Para>
        <AD_Element type="table">
            <AD_Client_ID>0</AD_Client_ID>
            <AD_Org_ID>0</AD_Org_ID>
            <IsActive>Y</IsActive>
            <ColumnName>isShowLocation</ColumnName>
            <Name>Show Location</Name>
            <Description>Indicates if it shows location</Description>
            <Help/>
            <PrintName>Show Location</PrintName>
            <PO_Description/>
            <PO_Help/>
            <PO_Name/>
            <PO_PrintName/>
            <EntityType>AMERP</EntityType>
            <AD_Element_UU>4d81807b-b142-46f8-a74f-39ad4f5c0b9a</AD_Element_UU>
            <Placeholder/>
            <AD_Element_Trl type="translation">
                <Description/>
                <Help/>
                <Name>Mostrar Localización</Name>
                <Placeholder/>
                <PO_Description/>
                <PO_Help/>
                <PO_Name/>
                <PO_PrintName/>
                <PrintName>Mostrar Localización</PrintName>
                <AD_Language>es_CO</AD_Language>
                <IsActive>Y</IsActive>
                <IsTranslated>N</IsTranslated>
            </AD_Element_Trl>
            <AD_Element_Trl type="translation">
                <Description/>
                <Help/>
                <Name>Mostrar Unidad de Negocio - Localización</Name>
                <Placeholder/>
                <PO_Description/>
                <PO_Help/>
                <PO_Name/>
                <PO_PrintName/>
                <PrintName>Mostrar Unidad de Negocio - Localización</PrintName>
                <AD_Language>es_PY</AD_Language>
                <IsActive>Y</IsActive>
                <IsTranslated>N</IsTranslated>
            </AD_Element_Trl>
        </AD_Element>
        <AD_Process_Para type="table">
            <AD_Client_ID>0</AD_Client_ID>
            <AD_Org_ID>0</AD_Org_ID>
            <IsActive>Y</IsActive>
            <Name>Show Location</Name>
            <Description>Indicates if it shows location</Description>
            <Help/>
            <AD_Process_ID reference="uuid" reference-key="AD_Process">5dbaa269-8b07-42c9-a08f-13d1de09e63f</AD_Process_ID>
            <SeqNo>65</SeqNo>
            <AD_Reference_ID reference="id">20</AD_Reference_ID>
            <AD_Reference_Value_ID reference="id"/>
            <IsRange>N</IsRange>
            <AD_Val_Rule_ID reference="id"/>
            <FieldLength>0</FieldLength>
            <IsMandatory>N</IsMandatory>
            <DefaultValue>Y</DefaultValue>
            <VFormat/>
            <ValueMin/>
            <ValueMax/>
            <ColumnName>isShowLocation</ColumnName>
            <DefaultValue2/>
            <IsCentrallyMaintained>Y</IsCentrallyMaintained>
            <EntityType>AMERP</EntityType>
            <AD_Element_ID reference="uuid" reference-key="AD_Element">4d81807b-b142-46f8-a74f-39ad4f5c0b9a</AD_Element_ID>
            <ReadOnlyLogic/>
            <DisplayLogic/>
            <AD_Process_Para_UU>f0d27f07-47e6-48dd-8194-7943a43a4fa1</AD_Process_Para_UU>
            <IsEncrypted>N</IsEncrypted>
            <MandatoryLogic/>
            <Query/>
            <AD_FieldGroup_ID reference="id"/>
            <Placeholder/>
            <Placeholder2/>
            <IsAutocomplete>N</IsAutocomplete>
            <DateRangeOption>D</DateRangeOption>
            <IsShowNegateButton>N</IsShowNegateButton>
            <AD_Process_Para_Trl type="translation">
                <Description/>
                <Help/>
                <Name>Mostrar Localización</Name>
                <Placeholder/>
                <Placeholder2/>
                <AD_Language>es_CO</AD_Language>
                <IsActive>Y</IsActive>
                <IsTranslated>N</IsTranslated>
            </AD_Process_Para_Trl>
            <AD_Process_Para_Trl type="translation">
                <Description/>
                <Help/>
                <Name>Mostrar Unidad de Negocio - Localización</Name>
                <Placeholder/>
                <Placeholder2/>
                <AD_Language>es_PY</AD_Language>
                <IsActive>Y</IsActive>
                <IsTranslated>N</IsTranslated>
            </AD_Process_Para_Trl>
        </AD_Process_Para>
        <AD_Element type="table">
            <AD_Client_ID>0</AD_Client_ID>
            <AD_Org_ID>0</AD_Org_ID>
            <IsActive>Y</IsActive>
            <ColumnName>isShowOrganization</ColumnName>
            <Name>Indicates if Show Organization</Name>
            <Description/>
            <Help/>
            <PrintName>Show Organization</PrintName>
            <PO_Description/>
            <PO_Help/>
            <PO_Name/>
            <PO_PrintName/>
            <EntityType>AMERP</EntityType>
            <AD_Element_UU>87ce010b-d483-4189-9b7a-f76ee6286b58</AD_Element_UU>
            <Placeholder/>
            <AD_Element_Trl type="translation">
                <Description>Indica si muestra Organización</Description>
                <Help/>
                <Name>Muestra Organización</Name>
                <Placeholder/>
                <PO_Description/>
                <PO_Help/>
                <PO_Name/>
                <PO_PrintName/>
                <PrintName>Muestra Organización</PrintName>
                <AD_Language>es_CO</AD_Language>
                <IsActive>Y</IsActive>
                <IsTranslated>N</IsTranslated>
            </AD_Element_Trl>
            <AD_Element_Trl type="translation">
                <Description>Indica si muestra Organización</Description>
                <Help/>
                <Name>Muestra Organización</Name>
                <Placeholder/>
                <PO_Description/>
                <PO_Help/>
                <PO_Name/>
                <PO_PrintName/>
                <PrintName>Muestra Organización</PrintName>
                <AD_Language>es_PY</AD_Language>
                <IsActive>Y</IsActive>
                <IsTranslated>N</IsTranslated>
            </AD_Element_Trl>
        </AD_Element>
        <AD_Process_Para type="table">
            <AD_Client_ID>0</AD_Client_ID>
            <AD_Org_ID>0</AD_Org_ID>
            <IsActive>Y</IsActive>
            <Name>Indicates if Show Organization</Name>
            <Description/>
            <Help/>
            <AD_Process_ID reference="uuid" reference-key="AD_Process">5dbaa269-8b07-42c9-a08f-13d1de09e63f</AD_Process_ID>
            <SeqNo>68</SeqNo>
            <AD_Reference_ID reference="id">20</AD_Reference_ID>
            <AD_Reference_Value_ID reference="id"/>
            <IsRange>N</IsRange>
            <AD_Val_Rule_ID reference="id"/>
            <FieldLength>0</FieldLength>
            <IsMandatory>N</IsMandatory>
            <DefaultValue>Y</DefaultValue>
            <VFormat/>
            <ValueMin/>
            <ValueMax/>
            <ColumnName>isShowOrganization</ColumnName>
            <DefaultValue2/>
            <IsCentrallyMaintained>Y</IsCentrallyMaintained>
            <EntityType>AMERP</EntityType>
            <AD_Element_ID reference="uuid" reference-key="AD_Element">87ce010b-d483-4189-9b7a-f76ee6286b58</AD_Element_ID>
            <ReadOnlyLogic/>
            <DisplayLogic/>
            <AD_Process_Para_UU>63860e8c-1670-4d8e-9216-759ced7e1070</AD_Process_Para_UU>
            <IsEncrypted>N</IsEncrypted>
            <MandatoryLogic/>
            <Query/>
            <AD_FieldGroup_ID reference="id"/>
            <Placeholder/>
            <Placeholder2/>
            <IsAutocomplete>N</IsAutocomplete>
            <DateRangeOption>D</DateRangeOption>
            <IsShowNegateButton>N</IsShowNegateButton>
            <AD_Process_Para_Trl type="translation">
                <Description>Indica si muestra Organización</Description>
                <Help/>
                <Name>Muestra Organización</Name>
                <Placeholder/>
                <Placeholder2/>
                <AD_Language>es_PY</AD_Language>
                <IsActive>Y</IsActive>
                <IsTranslated>N</IsTranslated>
            </AD_Process_Para_Trl>
            <AD_Process_Para_Trl type="translation">
                <Description>Indica si muestra Organización</Description>
                <Help/>
                <Name>Muestra Organización</Name>
                <Placeholder/>
                <Placeholder2/>
                <AD_Language>es_CO</AD_Language>
                <IsActive>Y</IsActive>
                <IsTranslated>N</IsTranslated>
            </AD_Process_Para_Trl>
        </AD_Process_Para>
        <AD_Process_Para type="table">
            <AD_Client_ID>0</AD_Client_ID>
            <AD_Org_ID>0</AD_Org_ID>
            <IsActive>Y</IsActive>
            <Name>isShowZERO</Name>
            <Description>isShowZERO</Description>
            <Help/>
            <AD_Process_ID reference="uuid" reference-key="AD_Process">5dbaa269-8b07-42c9-a08f-13d1de09e63f</AD_Process_ID>
            <SeqNo>75</SeqNo>
            <AD_Reference_ID reference="id">20</AD_Reference_ID>
            <AD_Reference_Value_ID reference="id"/>
            <IsRange>N</IsRange>
            <AD_Val_Rule_ID reference="id"/>
            <FieldLength>0</FieldLength>
            <IsMandatory>N</IsMandatory>
            <DefaultValue>Y</DefaultValue>
            <VFormat/>
            <ValueMin/>
            <ValueMax/>
            <ColumnName>isShowZERO</ColumnName>
            <DefaultValue2/>
            <IsCentrallyMaintained>N</IsCentrallyMaintained>
            <EntityType>AMERP</EntityType>
            <AD_Element_ID reference="id"/>
            <ReadOnlyLogic/>
            <DisplayLogic/>
            <AD_Process_Para_UU>2042990b-d6db-4727-8094-c25f1f332387</AD_Process_Para_UU>
            <IsEncrypted>N</IsEncrypted>
            <MandatoryLogic/>
            <Query/>
            <AD_FieldGroup_ID reference="id"/>
            <Placeholder/>
            <Placeholder2/>
            <IsAutocomplete>N</IsAutocomplete>
            <DateRangeOption>D</DateRangeOption>
            <IsShowNegateButton>N</IsShowNegateButton>
            <AD_Process_Para_Trl type="translation">
                <Description>Mostrar Valores en 0</Description>
                <Help/>
                <Name>Mostrar Valores en 0</Name>
                <Placeholder/>
                <Placeholder2/>
                <AD_Language>es_CO</AD_Language>
                <IsActive>Y</IsActive>
                <IsTranslated>Y</IsTranslated>
            </AD_Process_Para_Trl>
            <AD_Process_Para_Trl type="translation">
                <Description>Mostrar Valores en 0</Description>
                <Help/>
                <Name>Mostrar Valores en 0</Name>
                <Placeholder/>
                <Placeholder2/>
                <AD_Language>es_PY</AD_Language>
                <IsActive>Y</IsActive>
                <IsTranslated>Y</IsTranslated>
            </AD_Process_Para_Trl>
        </AD_Process_Para>
        <AD_Process_Para type="table">
            <AD_Client_ID>0</AD_Client_ID>
            <AD_Org_ID>0</AD_Org_ID>
            <IsActive>Y</IsActive>
            <Name>isSummary</Name>
            <Description>isSummary</Description>
            <Help/>
            <AD_Process_ID reference="uuid" reference-key="AD_Process">5dbaa269-8b07-42c9-a08f-13d1de09e63f</AD_Process_ID>
            <SeqNo>80</SeqNo>
            <AD_Reference_ID reference="id">20</AD_Reference_ID>
            <AD_Reference_Value_ID reference="id"/>
            <IsRange>N</IsRange>
            <AD_Val_Rule_ID reference="id"/>
            <FieldLength>0</FieldLength>
            <IsMandatory>N</IsMandatory>
            <DefaultValue>N</DefaultValue>
            <VFormat/>
            <ValueMin/>
            <ValueMax/>
            <ColumnName>isSummary</ColumnName>
            <DefaultValue2/>
            <IsCentrallyMaintained>N</IsCentrallyMaintained>
            <EntityType>AMERP</EntityType>
            <AD_Element_ID reference="id"/>
            <ReadOnlyLogic/>
            <DisplayLogic/>
            <AD_Process_Para_UU>11f213d3-2f3e-44af-8c17-2ea4a4772151</AD_Process_Para_UU>
            <IsEncrypted>N</IsEncrypted>
            <MandatoryLogic/>
            <Query/>
            <AD_FieldGroup_ID reference="id"/>
            <Placeholder/>
            <Placeholder2/>
            <IsAutocomplete>N</IsAutocomplete>
            <DateRangeOption>D</DateRangeOption>
            <IsShowNegateButton>N</IsShowNegateButton>
            <AD_Process_Para_Trl type="translation">
                <Description>Resumido</Description>
                <Help/>
                <Name>Resumido</Name>
                <Placeholder/>
                <Placeholder2/>
                <AD_Language>es_CO</AD_Language>
                <IsActive>Y</IsActive>
                <IsTranslated>Y</IsTranslated>
            </AD_Process_Para_Trl>
            <AD_Process_Para_Trl type="translation">
                <Description>Resumido</Description>
                <Help/>
                <Name>Resumido</Name>
                <Placeholder/>
                <Placeholder2/>
                <AD_Language>es_PY</AD_Language>
                <IsActive>Y</IsActive>
                <IsTranslated>Y</IsTranslated>
            </AD_Process_Para_Trl>
        </AD_Process_Para>
        <AD_Element type="table">
            <AD_Client_ID>0</AD_Client_ID>
            <AD_Org_ID>0</AD_Org_ID>
            <IsActive>Y</IsActive>
            <ColumnName>isShowHeader</ColumnName>
            <Name>Show report's header</Name>
            <Description>Indicates if Show report's header</Description>
            <Help/>
            <PrintName>Show report's header</PrintName>
            <PO_Description/>
            <PO_Help/>
            <PO_Name/>
            <PO_PrintName/>
            <EntityType>AMERP</EntityType>
            <AD_Element_UU>b3a6d7c1-184f-4245-a5bf-23e839042af5</AD_Element_UU>
            <Placeholder/>
            <AD_Element_Trl type="translation">
                <Description>Indica si se muestra el encabezado del reporte</Description>
                <Help/>
                <Name>Mostrar encabezado del reporte</Name>
                <Placeholder/>
                <PO_Description/>
                <PO_Help/>
                <PO_Name/>
                <PO_PrintName/>
                <PrintName>Mostrar encabezado del reporte</PrintName>
                <AD_Language>es_CO</AD_Language>
                <IsActive>Y</IsActive>
                <IsTranslated>N</IsTranslated>
            </AD_Element_Trl>
            <AD_Element_Trl type="translation">
                <Description>Indica si se muestra el encabezado del reporte</Description>
                <Help/>
                <Name>Mostrar encabezado del reporte</Name>
                <Placeholder/>
                <PO_Description/>
                <PO_Help/>
                <PO_Name/>
                <PO_PrintName/>
                <PrintName>Mostrar encabezado del reporte</PrintName>
                <AD_Language>es_PY</AD_Language>
                <IsActive>Y</IsActive>
                <IsTranslated>Y</IsTranslated>
            </AD_Element_Trl>
        </AD_Element>
        <AD_Process_Para type="table">
            <AD_Client_ID>0</AD_Client_ID>
            <AD_Org_ID>0</AD_Org_ID>
            <IsActive>Y</IsActive>
            <Name>Show report's header</Name>
            <Description>Indicates if Show report's header</Description>
            <Help/>
            <AD_Process_ID reference="uuid" reference-key="AD_Process">5dbaa269-8b07-42c9-a08f-13d1de09e63f</AD_Process_ID>
            <SeqNo>82</SeqNo>
            <AD_Reference_ID reference="id">20</AD_Reference_ID>
            <AD_Reference_Value_ID reference="id"/>
            <IsRange>N</IsRange>
            <AD_Val_Rule_ID reference="id"/>
            <FieldLength>0</FieldLength>
            <IsMandatory>N</IsMandatory>
            <DefaultValue>Y</DefaultValue>
            <VFormat/>
            <ValueMin/>
            <ValueMax/>
            <ColumnName>isShowHeader</ColumnName>
            <DefaultValue2/>
            <IsCentrallyMaintained>Y</IsCentrallyMaintained>
            <EntityType>AMERP</EntityType>
            <AD_Element_ID reference="uuid" reference-key="AD_Element">b3a6d7c1-184f-4245-a5bf-23e839042af5</AD_Element_ID>
            <ReadOnlyLogic/>
            <DisplayLogic/>
            <AD_Process_Para_UU>10b35963-f300-41ba-8c3a-3f74ba19deff</AD_Process_Para_UU>
            <IsEncrypted>N</IsEncrypted>
            <MandatoryLogic/>
            <Query/>
            <AD_FieldGroup_ID reference="id"/>
            <Placeholder/>
            <Placeholder2/>
            <IsAutocomplete>N</IsAutocomplete>
            <DateRangeOption>D</DateRangeOption>
            <IsShowNegateButton>N</IsShowNegateButton>
            <AD_Process_Para_Trl type="translation">
                <Description>Indica si se muestra el encabezado del reporte</Description>
                <Help/>
                <Name>Mostrar encabezado del reporte</Name>
                <Placeholder/>
                <Placeholder2/>
                <AD_Language>es_CO</AD_Language>
                <IsActive>Y</IsActive>
                <IsTranslated>N</IsTranslated>
            </AD_Process_Para_Trl>
            <AD_Process_Para_Trl type="translation">
                <Description>Indica si se muestra el encabezado del reporte</Description>
                <Help/>
                <Name>Mostrar encabezado del reporte</Name>
                <Placeholder/>
                <Placeholder2/>
                <AD_Language>es_PY</AD_Language>
                <IsActive>Y</IsActive>
                <IsTranslated>Y</IsTranslated>
            </AD_Process_Para_Trl>
        </AD_Process_Para>
        <AD_Element type="table">
            <AD_Client_ID>0</AD_Client_ID>
            <AD_Org_ID>0</AD_Org_ID>
            <IsActive>Y</IsActive>
            <ColumnName>isShowColumns</ColumnName>
            <Name>Show report column's titles</Name>
            <Description>Indicates if Show report's column titles</Description>
            <Help/>
            <PrintName>Show report column's titles</PrintName>
            <PO_Description/>
            <PO_Help/>
            <PO_Name/>
            <PO_PrintName/>
            <EntityType>AMERP</EntityType>
            <AD_Element_UU>969b413a-1e6d-4b6d-a299-6f9d0e2052ae</AD_Element_UU>
            <Placeholder/>
            <AD_Element_Trl type="translation">
                <Description>Indica si se muestran los títulos de columnas del reporte</Description>
                <Help/>
                <Name>Mostrar títulos de columnas del reporte</Name>
                <Placeholder/>
                <PO_Description/>
                <PO_Help/>
                <PO_Name/>
                <PO_PrintName/>
                <PrintName>Mostrar títulos de columnas</PrintName>
                <AD_Language>es_CO</AD_Language>
                <IsActive>Y</IsActive>
                <IsTranslated>N</IsTranslated>
            </AD_Element_Trl>
            <AD_Element_Trl type="translation">
                <Description>Indica si se muestran los títulos de columnas del reporte</Description>
                <Help/>
                <Name>Mostrar títulos de columnas del reporte</Name>
                <Placeholder/>
                <PO_Description/>
                <PO_Help/>
                <PO_Name/>
                <PO_PrintName/>
                <PrintName>Mostrar títulos de columnas</PrintName>
                <AD_Language>es_PY</AD_Language>
                <IsActive>Y</IsActive>
                <IsTranslated>Y</IsTranslated>
            </AD_Element_Trl>
        </AD_Element>
        <AD_Process_Para type="table">
            <AD_Client_ID>0</AD_Client_ID>
            <AD_Org_ID>0</AD_Org_ID>
            <IsActive>Y</IsActive>
            <Name>Show report column's titles</Name>
            <Description>Indicates if Show report's column titles</Description>
            <Help/>
            <AD_Process_ID reference="uuid" reference-key="AD_Process">5dbaa269-8b07-42c9-a08f-13d1de09e63f</AD_Process_ID>
            <SeqNo>84</SeqNo>
            <AD_Reference_ID reference="id">20</AD_Reference_ID>
            <AD_Reference_Value_ID reference="id"/>
            <IsRange>N</IsRange>
            <AD_Val_Rule_ID reference="id"/>
            <FieldLength>0</FieldLength>
            <IsMandatory>N</IsMandatory>
            <DefaultValue>Y</DefaultValue>
            <VFormat/>
            <ValueMin/>
            <ValueMax/>
            <ColumnName>isShowColumns</ColumnName>
            <DefaultValue2/>
            <IsCentrallyMaintained>Y</IsCentrallyMaintained>
            <EntityType>AMERP</EntityType>
            <AD_Element_ID reference="uuid" reference-key="AD_Element">969b413a-1e6d-4b6d-a299-6f9d0e2052ae</AD_Element_ID>
            <ReadOnlyLogic/>
            <DisplayLogic/>
            <AD_Process_Para_UU>bbaca04e-cbc8-4296-ae85-40bf8c525acd</AD_Process_Para_UU>
            <IsEncrypted>N</IsEncrypted>
            <MandatoryLogic/>
            <Query/>
            <AD_FieldGroup_ID reference="id"/>
            <Placeholder/>
            <Placeholder2/>
            <IsAutocomplete>N</IsAutocomplete>
            <DateRangeOption>D</DateRangeOption>
            <IsShowNegateButton>N</IsShowNegateButton>
            <AD_Process_Para_Trl type="translation">
                <Description>Indica si se muestran los títulos de columnas del reporte</Description>
                <Help/>
                <Name>Mostrar títulos de columnas del reporte</Name>
                <Placeholder/>
                <Placeholder2/>
                <AD_Language>es_PY</AD_Language>
                <IsActive>Y</IsActive>
                <IsTranslated>Y</IsTranslated>
            </AD_Process_Para_Trl>
            <AD_Process_Para_Trl type="translation">
                <Description>Indica si se muestran los títulos de columnas del reporte</Description>
                <Help/>
                <Name>Mostrar títulos de columnas del reporte</Name>
                <Placeholder/>
                <Placeholder2/>
                <AD_Language>es_CO</AD_Language>
                <IsActive>Y</IsActive>
                <IsTranslated>N</IsTranslated>
            </AD_Process_Para_Trl>
        </AD_Process_Para>
        <AD_Element type="table">
            <AD_Client_ID>0</AD_Client_ID>
            <AD_Org_ID>0</AD_Org_ID>
            <IsActive>Y</IsActive>
            <ColumnName>isForExport</ColumnName>
            <Name>For Spread Sheet Export</Name>
            <Description>Indicates if Report is used by export to Spread Sheet</Description>
            <Help/>
            <PrintName>For export</PrintName>
            <PO_Description/>
            <PO_Help/>
            <PO_Name/>
            <PO_PrintName/>
            <EntityType>AMERP</EntityType>
            <AD_Element_UU>419c9366-3588-4a4b-8b45-0dfe19411909</AD_Element_UU>
            <Placeholder/>
            <AD_Element_Trl type="translation">
                <Description>Indica si el reporte se utiliza para exportar a Hoja de cálculos</Description>
                <Help/>
                <Name>Para exportar a Hoja de cálculos</Name>
                <Placeholder/>
                <PO_Description/>
                <PO_Help/>
                <PO_Name/>
                <PO_PrintName/>
                <PrintName>Para exportar</PrintName>
                <AD_Language>es_PY</AD_Language>
                <IsActive>Y</IsActive>
                <IsTranslated>N</IsTranslated>
            </AD_Element_Trl>
            <AD_Element_Trl type="translation">
                <Description>Indicates if Report is used by export to Spread Sheet</Description>
                <Help/>
                <Name>Para exportar a Hoja de cálculos</Name>
                <Placeholder/>
                <PO_Description/>
                <PO_Help/>
                <PO_Name/>
                <PO_PrintName/>
                <PrintName>Para exportar</PrintName>
                <AD_Language>es_CO</AD_Language>
                <IsActive>Y</IsActive>
                <IsTranslated>N</IsTranslated>
            </AD_Element_Trl>
        </AD_Element>
        <AD_Process_Para type="table">
            <AD_Client_ID>0</AD_Client_ID>
            <AD_Org_ID>0</AD_Org_ID>
            <IsActive>Y</IsActive>
            <Name>For Spread Sheet Export</Name>
            <Description>Indicates if Report is used by export to Spread Sheet</Description>
            <Help/>
            <AD_Process_ID reference="uuid" reference-key="AD_Process">5dbaa269-8b07-42c9-a08f-13d1de09e63f</AD_Process_ID>
            <SeqNo>86</SeqNo>
            <AD_Reference_ID reference="id">20</AD_Reference_ID>
            <AD_Reference_Value_ID reference="id"/>
            <IsRange>N</IsRange>
            <AD_Val_Rule_ID reference="id"/>
            <FieldLength>0</FieldLength>
            <IsMandatory>N</IsMandatory>
            <DefaultValue>N</DefaultValue>
            <VFormat/>
            <ValueMin/>
            <ValueMax/>
            <ColumnName>isForExport</ColumnName>
            <DefaultValue2/>
            <IsCentrallyMaintained>Y</IsCentrallyMaintained>
            <EntityType>AMERP</EntityType>
            <AD_Element_ID reference="uuid" reference-key="AD_Element">419c9366-3588-4a4b-8b45-0dfe19411909</AD_Element_ID>
            <ReadOnlyLogic/>
            <DisplayLogic/>
            <AD_Process_Para_UU>0b474300-5ba2-44cb-b76a-cfc59243f014</AD_Process_Para_UU>
            <IsEncrypted>N</IsEncrypted>
            <MandatoryLogic/>
            <Query/>
            <AD_FieldGroup_ID reference="id"/>
            <Placeholder/>
            <Placeholder2/>
            <IsAutocomplete>N</IsAutocomplete>
            <DateRangeOption>D</DateRangeOption>
            <IsShowNegateButton>N</IsShowNegateButton>
            <AD_Process_Para_Trl type="translation">
                <Description>Indica si el reporte se utiliza para exportar a Hoja de cálculos</Description>
                <Help/>
                <Name>Para exportar a Hoja de cálculos</Name>
                <Placeholder/>
                <Placeholder2/>
                <AD_Language>es_PY</AD_Language>
                <IsActive>Y</IsActive>
                <IsTranslated>N</IsTranslated>
            </AD_Process_Para_Trl>
            <AD_Process_Para_Trl type="translation">
                <Description>Indicates if Report is used by export to Spread Sheet</Description>
                <Help/>
                <Name>Para exportar a Hoja de cálculos</Name>
                <Placeholder/>
                <Placeholder2/>
                <AD_Language>es_CO</AD_Language>
                <IsActive>Y</IsActive>
                <IsTranslated>N</IsTranslated>
            </AD_Process_Para_Trl>
        </AD_Process_Para>
        <AD_Process_Para type="table">
            <AD_Client_ID>0</AD_Client_ID>
            <AD_Org_ID>0</AD_Org_ID>
            <IsActive>Y</IsActive>
            <Name>Produced By</Name>
            <Description/>
            <Help/>
            <AD_Process_ID reference="uuid" reference-key="AD_Process">5dbaa269-8b07-42c9-a08f-13d1de09e63f</AD_Process_ID>
            <SeqNo>90</SeqNo>
            <AD_Reference_ID reference="id">10</AD_Reference_ID>
            <AD_Reference_Value_ID reference="id"/>
            <IsRange>N</IsRange>
            <AD_Val_Rule_ID reference="id"/>
            <FieldLength>0</FieldLength>
            <IsMandatory>N</IsMandatory>
            <DefaultValue/>
            <VFormat/>
            <ValueMin/>
            <ValueMax/>
            <ColumnName>sign1</ColumnName>
            <DefaultValue2/>
            <IsCentrallyMaintained>N</IsCentrallyMaintained>
            <EntityType>AMERP</EntityType>
            <AD_Element_ID reference="id"/>
            <ReadOnlyLogic/>
            <DisplayLogic/>
            <AD_Process_Para_UU>1d58ca30-018c-42c5-b0be-b1de0adbe8ff</AD_Process_Para_UU>
            <IsEncrypted>N</IsEncrypted>
            <MandatoryLogic/>
            <Query/>
            <AD_FieldGroup_ID reference="id"/>
            <Placeholder/>
            <Placeholder2/>
            <IsAutocomplete>N</IsAutocomplete>
            <DateRangeOption>D</DateRangeOption>
            <IsShowNegateButton>N</IsShowNegateButton>
            <AD_Process_Para_Trl type="translation">
                <Description/>
                <Help/>
                <Name>Elaborado Por</Name>
                <Placeholder/>
                <Placeholder2/>
                <AD_Language>es_CO</AD_Language>
                <IsActive>Y</IsActive>
                <IsTranslated>Y</IsTranslated>
            </AD_Process_Para_Trl>
            <AD_Process_Para_Trl type="translation">
                <Description/>
                <Help/>
                <Name>Elaborado Por</Name>
                <Placeholder/>
                <Placeholder2/>
                <AD_Language>es_PY</AD_Language>
                <IsActive>Y</IsActive>
                <IsTranslated>Y</IsTranslated>
            </AD_Process_Para_Trl>
        </AD_Process_Para>
        <AD_Process_Para type="table">
            <AD_Client_ID>0</AD_Client_ID>
            <AD_Org_ID>0</AD_Org_ID>
            <IsActive>Y</IsActive>
            <Name>Inspected by</Name>
            <Description/>
            <Help/>
            <AD_Process_ID reference="uuid" reference-key="AD_Process">5dbaa269-8b07-42c9-a08f-13d1de09e63f</AD_Process_ID>
            <SeqNo>100</SeqNo>
            <AD_Reference_ID reference="id">10</AD_Reference_ID>
            <AD_Reference_Value_ID reference="id"/>
            <IsRange>N</IsRange>
            <AD_Val_Rule_ID reference="id"/>
            <FieldLength>0</FieldLength>
            <IsMandatory>N</IsMandatory>
            <DefaultValue/>
            <VFormat/>
            <ValueMin/>
            <ValueMax/>
            <ColumnName>sign2</ColumnName>
            <DefaultValue2/>
            <IsCentrallyMaintained>N</IsCentrallyMaintained>
            <EntityType>AMERP</EntityType>
            <AD_Element_ID reference="id"/>
            <ReadOnlyLogic/>
            <DisplayLogic/>
            <AD_Process_Para_UU>88247010-f4a8-4606-81ff-4e41b4ce12a6</AD_Process_Para_UU>
            <IsEncrypted>N</IsEncrypted>
            <MandatoryLogic/>
            <Query/>
            <AD_FieldGroup_ID reference="id"/>
            <Placeholder/>
            <Placeholder2/>
            <IsAutocomplete>N</IsAutocomplete>
            <DateRangeOption>D</DateRangeOption>
            <IsShowNegateButton>N</IsShowNegateButton>
            <AD_Process_Para_Trl type="translation">
                <Description/>
                <Help/>
                <Name>Revisado Por</Name>
                <Placeholder/>
                <Placeholder2/>
                <AD_Language>es_PY</AD_Language>
                <IsActive>Y</IsActive>
                <IsTranslated>Y</IsTranslated>
            </AD_Process_Para_Trl>
            <AD_Process_Para_Trl type="translation">
                <Description/>
                <Help/>
                <Name>Revisado Por</Name>
                <Placeholder/>
                <Placeholder2/>
                <AD_Language>es_CO</AD_Language>
                <IsActive>Y</IsActive>
                <IsTranslated>Y</IsTranslated>
            </AD_Process_Para_Trl>
        </AD_Process_Para>
        <AD_Process_Para type="table">
            <AD_Client_ID>0</AD_Client_ID>
            <AD_Org_ID>0</AD_Org_ID>
            <IsActive>Y</IsActive>
            <Name>Approved by</Name>
            <Description/>
            <Help/>
            <AD_Process_ID reference="uuid" reference-key="AD_Process">5dbaa269-8b07-42c9-a08f-13d1de09e63f</AD_Process_ID>
            <SeqNo>110</SeqNo>
            <AD_Reference_ID reference="id">10</AD_Reference_ID>
            <AD_Reference_Value_ID reference="id"/>
            <IsRange>N</IsRange>
            <AD_Val_Rule_ID reference="id"/>
            <FieldLength>0</FieldLength>
            <IsMandatory>N</IsMandatory>
            <DefaultValue/>
            <VFormat/>
            <ValueMin/>
            <ValueMax/>
            <ColumnName>sign3</ColumnName>
            <DefaultValue2/>
            <IsCentrallyMaintained>N</IsCentrallyMaintained>
            <EntityType>AMERP</EntityType>
            <AD_Element_ID reference="id"/>
            <ReadOnlyLogic/>
            <DisplayLogic/>
            <AD_Process_Para_UU>b433acd9-0536-4647-8b3a-11fb7d7caa23</AD_Process_Para_UU>
            <IsEncrypted>N</IsEncrypted>
            <MandatoryLogic/>
            <Query/>
            <AD_FieldGroup_ID reference="id"/>
            <Placeholder/>
            <Placeholder2/>
            <IsAutocomplete>N</IsAutocomplete>
            <DateRangeOption>D</DateRangeOption>
            <IsShowNegateButton>N</IsShowNegateButton>
            <AD_Process_Para_Trl type="translation">
                <Description/>
                <Help/>
                <Name>Aprobado Por</Name>
                <Placeholder/>
                <Placeholder2/>
                <AD_Language>es_CO</AD_Language>
                <IsActive>Y</IsActive>
                <IsTranslated>Y</IsTranslated>
            </AD_Process_Para_Trl>
            <AD_Process_Para_Trl type="translation">
                <Description/>
                <Help/>
                <Name>Aprobado Por</Name>
                <Placeholder/>
                <Placeholder2/>
                <AD_Language>es_PY</AD_Language>
                <IsActive>Y</IsActive>
                <IsTranslated>Y</IsTranslated>
            </AD_Process_Para_Trl>
        </AD_Process_Para>
    </AD_Process>
    <AD_Package_Exp type="table">
        <AD_Client_ID>0</AD_Client_ID>
        <AD_Org_ID>0</AD_Org_ID>
        <AD_Package_Type>X</AD_Package_Type>
        <EMail/>
        <Instructions/>
        <Name>AMERPSOFT Personnel and Payroll R11 LPY-58 Audit IPS</Name>
        <Processed>N</Processed>
        <ReleaseNo/>
        <Version/>
        <UserName/>
        <Processing>N</Processing>
        <PK_Version>11</PK_Version>
        <IsActive>Y</IsActive>
        <File_Directory/>
        <Description>Release 11 Addittional changes 
Base on LPY-58 Diferencia Calculo IPS</Description>
        <AD_Package_Exp_UU>dc353e72-28dd-4a11-91a0-77e94b327cc0</AD_Package_Exp_UU>
        <DateFrom/>
        <IsExportDictionaryEntity>N</IsExportDictionaryEntity>
        <AD_Package_Exp_Detail type="table">
            <AD_Client_ID>0</AD_Client_ID>
            <AD_Org_ID>0</AD_Org_ID>
            <AD_Form_ID reference="id"/>
            <AD_ImpFormat_ID reference="id"/>
            <AD_Menu_ID reference="id"/>
            <AD_Process_ID reference="id"/>
            <AD_Role_ID reference="id"/>
            <AD_Window_ID reference="id"/>
            <AD_Workflow_ID reference="id"/>
            <IsActive>Y</IsActive>
            <File_Directory/>
            <FileName/>
            <Destination_FileName/>
            <Destination_Directory/>
            <Description/>
            <DBType>ALL</DBType>
            <Type>D</Type>
            <Target_Directory/>
            <SQLStatement>SELECT * FROM AD_Package_Exp WHERE AD_Package_Exp_UU='dc353e72-28dd-4a11-91a0-77e94b327cc0';AD_Package_Exp_Detail</SQLStatement>
            <ReleaseNo/>
            <Processing>N</Processing>
            <Processed>N</Processed>
            <Name2/>
            <Line>10000</Line>
            <AD_Table_ID reference="id">50005</AD_Table_ID>
            <AD_ReportView_ID reference="id"/>
            <AD_Package_Exp_ID reference="uuid" reference-key="AD_Package_Exp">dc353e72-28dd-4a11-91a0-77e94b327cc0</AD_Package_Exp_ID>
            <AD_Package_Code_New/>
            <AD_Package_Code_Old/>
            <AD_Val_Rule_ID reference="id"/>
            <AD_Message_ID reference="id"/>
            <AD_PrintFormat_ID reference="id"/>
            <AD_Reference_ID reference="id"/>
            <AD_ModelValidator_ID reference="id"/>
            <AD_EntityType_ID reference="id"/>
            <AD_Package_Exp_Detail_UU>77642098-f8e8-49b4-a8b0-17b26cc97ec8</AD_Package_Exp_Detail_UU>
            <AD_InfoWindow_ID reference="id"/>
            <ExecCode/>
        </AD_Package_Exp_Detail>
        <AD_Package_Exp_Detail type="table">
            <AD_Client_ID>0</AD_Client_ID>
            <AD_Org_ID>0</AD_Org_ID>
            <AD_Form_ID reference="id"/>
            <AD_ImpFormat_ID reference="id"/>
            <AD_Menu_ID reference="id"/>
            <AD_Process_ID reference="uuid" reference-key="AD_Process">5dbaa269-8b07-42c9-a08f-13d1de09e63f</AD_Process_ID>
            <AD_Role_ID reference="id"/>
            <AD_Window_ID reference="id"/>
            <AD_Workflow_ID reference="id"/>
            <IsActive>Y</IsActive>
            <File_Directory/>
            <FileName/>
            <Destination_FileName/>
            <Destination_Directory/>
            <Description/>
            <DBType>ALL</DBType>
            <Type>P</Type>
            <Target_Directory/>
            <SQLStatement/>
            <ReleaseNo/>
            <Processing>N</Processing>
            <Processed>N</Processed>
            <Name2/>
            <Line>8010</Line>
            <AD_Table_ID reference="id"/>
            <AD_ReportView_ID reference="id"/>
            <AD_Package_Exp_ID reference="uuid" reference-key="AD_Package_Exp">dc353e72-28dd-4a11-91a0-77e94b327cc0</AD_Package_Exp_ID>
            <AD_Package_Code_New/>
            <AD_Package_Code_Old/>
            <AD_Val_Rule_ID reference="id"/>
            <AD_Message_ID reference="id"/>
            <AD_PrintFormat_ID reference="id"/>
            <AD_Reference_ID reference="id"/>
            <AD_ModelValidator_ID reference="id"/>
            <AD_EntityType_ID reference="id"/>
            <AD_Package_Exp_Detail_UU>77ac3abb-0d9b-4e72-baec-db803275e7e2</AD_Package_Exp_Detail_UU>
            <AD_InfoWindow_ID reference="id"/>
            <ExecCode/>
        </AD_Package_Exp_Detail>
    </AD_Package_Exp>
</idempiere>
