<?xml version="1.0" encoding="UTF-8"?><idempiere Name="2Pack_4.1.2" Version="4.1.2" idempiereVersion="" DataBaseVersion="" Description="" Author="" AuthorEmail="info@globalqss.com" CreatedDate="2017-02-17 10:56:34.000" UpdatedDate="2017-02-17 10:56:34.000" PackOutVersion="100" UpdateDictionary="false" Client="0-SYSTEM-System" AD_Client_UU="11237b53-9592-4af1-b3c5-afd216514b5d">
    <SQLMandatory type="custom">
        <DBType>Postgres</DBType>
        <statement><![CDATA[CREATE OR REPLACE FUNCTION LCO_InvoiceWriteOff
(
    p_C_Invoice_ID NUMERIC
)
RETURNS numeric AS $body$
DECLARE
    v_Amount NUMERIC;
    v_ClientId C_Invoice.AD_Client_ID%TYPE;
    v_Multiplier C_Invoice_V1.Multiplier%TYPE;
    use_withholdings AD_SysConfig.Value%TYPE;
BEGIN
    SELECT AD_Client_ID, Multiplier INTO v_ClientId, v_Multiplier FROM C_Invoice_V1 WHERE C_Invoice_ID=p_C_Invoice_ID;
    use_withholdings := get_Sysconfig('LCO_USE_WITHHOLDINGS', 'Y', v_ClientId, 0);
    IF use_withholdings = 'Y'
    THEN
        SELECT COALESCE(SUM(TaxAmt),0)
	    INTO v_Amount
	    FROM LCO_InvoiceWithholding
	    WHERE C_Invoice_ID=p_C_Invoice_ID AND IsActive='Y' AND IsCalcOnPayment='Y' AND Processed='N';
    ELSE
        v_Amount := 0;
    END IF;
    RETURN v_Amount * V_Multiplier;
END;
$body$ LANGUAGE plpgsql STABLE;
]]></statement>
    </SQLMandatory>
    <SQLMandatory type="custom">
        <DBType>Oracle</DBType>
        <statement><![CDATA[CREATE OR REPLACE FUNCTION LCO_InvoiceWriteOff
(
    p_C_Invoice_ID IN NUMBER
)
RETURN NUMBER
AS
    v_Amount NUMERIC;
    v_ClientId C_Invoice.AD_Client_ID%TYPE;
    v_Multiplier C_Invoice_V1.Multiplier%TYPE;
    use_withholdings AD_SysConfig.Value%TYPE;
BEGIN
    SELECT AD_Client_ID, Multiplier INTO v_ClientId, v_Multiplier FROM C_Invoice_V1 WHERE C_Invoice_ID=p_C_Invoice_ID;
    use_withholdings := get_Sysconfig('LCO_USE_WITHHOLDINGS', 'Y', v_ClientId, 0);
    IF use_withholdings = 'Y'
    THEN
        SELECT COALESCE(SUM(TaxAmt),0)
	    INTO v_Amount
	    FROM LCO_InvoiceWithholding
	    WHERE C_Invoice_ID=p_C_Invoice_ID AND IsActive='Y' AND IsCalcOnPayment='Y' AND Processed='N';
    ELSE
        v_Amount := 0;
    END IF;
    RETURN v_Amount * V_Multiplier;
END LCO_InvoiceWriteOff;
]]></statement>
    </SQLMandatory>
</idempiere>
