<?xml version="1.0" encoding="UTF-8"?><idempiere Name="AMERPSOFT Themes" Version="7.1" idempiereVersion="" DataBaseVersion="" Description="" Author="" AuthorEmail="" CreatedDate="2019-12-14 21:55:35.402" UpdatedDate="2019-12-14 21:55:35.402" PackOutVersion="100" UpdateDictionary="false" Client="0-SYSTEM-System" AD_Client_UU="11237b53-9592-4af1-b3c5-afd216514b5d">
    <AD_EntityType type="table">
        <AD_Client_ID>0</AD_Client_ID>
        <AD_Org_ID>0</AD_Org_ID>
        <EntityType>AMERP</EntityType>
        <IsActive>Y</IsActive>
        <Name>AMERP Localization</Name>
        <Description>Modificaciones Luis Amesty</Description>
        <Help/>
        <Version/>
        <ModelPackage/>
        <Classpath/>
        <Processing>N</Processing>
        <AD_EntityType_UU>273e5638-203a-4a13-8f83-be908df82443</AD_EntityType_UU>
    </AD_EntityType>
    <AD_SysConfig type="table">
        <AD_Client_ID>0</AD_Client_ID>
        <AD_Org_ID>0</AD_Org_ID>
        <IsActive>Y</IsActive>
        <Name>ZK_LOGO_SMALL</Name>
        <Value>/theme/amthemeblu/images/header-logo-amerp.png</Value>
        <Description>Login Logo Small</Description>
        <EntityType>AMERP</EntityType>
        <ConfigurationLevel>S</ConfigurationLevel>
        <AD_SysConfig_UU>69007345-c36f-4b02-870a-c41d8fb9deea</AD_SysConfig_UU>
    </AD_SysConfig>
    <AD_SysConfig type="table">
        <AD_Client_ID>0</AD_Client_ID>
        <AD_Org_ID>0</AD_Org_ID>
        <IsActive>Y</IsActive>
        <Name>ZK_BROWSER_ICON</Name>
        <Value>/theme/amtheme/images/icon-amerp2.png</Value>
        <Description>Browser Icon (Default icon.png )</Description>
        <EntityType>AMERP</EntityType>
        <ConfigurationLevel>S</ConfigurationLevel>
        <AD_SysConfig_UU>c34e35b8-9703-44f2-b59e-54c2bf96cd26</AD_SysConfig_UU>
    </AD_SysConfig>
    <AD_SysConfig type="table">
        <AD_Client_ID>0</AD_Client_ID>
        <AD_Org_ID>0</AD_Org_ID>
        <IsActive>Y</IsActive>
        <Name>ZK_LOGO_LARGE</Name>
        <Value>/theme/amtheme/images/login-logo-amerp2.png</Value>
        <Description>Login Logo Large</Description>
        <EntityType>AMERP</EntityType>
        <ConfigurationLevel>S</ConfigurationLevel>
        <AD_SysConfig_UU>bfe6284e-00a2-412f-be82-37ed38363768</AD_SysConfig_UU>
    </AD_SysConfig>
    <AD_SysConfig type="table">
        <AD_Client_ID>0</AD_Client_ID>
        <AD_Org_ID>0</AD_Org_ID>
        <AD_SysConfig_ID>200111</AD_SysConfig_ID>
        <IsActive>Y</IsActive>
        <Name>ZK_THEME_USE_FONT_ICON_FOR_IMAGE</Name>
        <Value>Y</Value>
        <Description/>
        <EntityType>U</EntityType>
        <ConfigurationLevel>S</ConfigurationLevel>
        <AD_SysConfig_UU>9c9fb370-f251-40ed-a1a4-a7bfdeaf5ae5</AD_SysConfig_UU>
    </AD_SysConfig>
</idempiere>
