<?xml version="1.0" encoding="UTF-8"?><idempiere Name="AMERPSOFT Themes" Version="7.1" idempiereVersion="" DataBaseVersion="" Description="AMERPSOFT Themes is a collection of themes from different sources and contributors. &#10;Joining on a single fragment plugin. Tested on idempiere versions 5.1,  6.2 and 7.1." Author="" AuthorEmail="" CreatedDate="2019-12-26 04:05:11.848" UpdatedDate="2019-12-26 05:12:20.302" PackOutVersion="100" UpdateDictionary="true" Client="0-SYSTEM-System" AD_Client_UU="11237b53-9592-4af1-b3c5-afd216514b5d">
    <AD_EntityType type="table">
        <AD_Client_ID>0</AD_Client_ID>
        <AD_Org_ID>0</AD_Org_ID>
        <EntityType>AMERP</EntityType>
        <IsActive>Y</IsActive>
        <Name>AMERP Localization</Name>
        <Description>Modificaciones Luis Amesty</Description>
        <Help/>
        <Version/>
        <ModelPackage/>
        <Classpath/>
        <Processing>N</Processing>
        <AD_EntityType_UU>273e5638-203a-4a13-8f83-be908df82443</AD_EntityType_UU>
    </AD_EntityType>
    <AD_SysConfig type="table">
        <AD_Client_ID>0</AD_Client_ID>
        <AD_Org_ID>0</AD_Org_ID>
        <IsActive>Y</IsActive>
        <Name>ZK_LOGO_SMALL</Name>
        <Value>/theme/amthemeblu/images/header-logo-amerp.png</Value>
        <Description>Login Logo Small</Description>
        <EntityType>D</EntityType>
        <ConfigurationLevel>S</ConfigurationLevel>
        <AD_SysConfig_UU>a52dad96-fbe2-4cde-9e0b-7610e4870a4b</AD_SysConfig_UU>
    </AD_SysConfig>
    <AD_SysConfig type="table">
        <AD_Client_ID>0</AD_Client_ID>
        <AD_Org_ID>0</AD_Org_ID>
        <AD_SysConfig_ID>200111</AD_SysConfig_ID>
        <IsActive>Y</IsActive>
        <Name>ZK_THEME_USE_FONT_ICON_FOR_IMAGE</Name>
        <Value>N</Value>
        <Description>Y - Use css font icon instead of image for button, toolbar button and menu, N - Use image</Description>
        <EntityType>D</EntityType>
        <ConfigurationLevel>S</ConfigurationLevel>
        <AD_SysConfig_UU>29a0d95d-af05-477a-a047-241c350dc8e3</AD_SysConfig_UU>
    </AD_SysConfig>
    <AD_SysConfig type="table">
        <AD_Client_ID>0</AD_Client_ID>
        <AD_Org_ID>0</AD_Org_ID>
        <IsActive>Y</IsActive>
        <Name>ZK_BROWSER_TITLE</Name>
        <Value>Producción - Amerpsoft</Value>
        <Description>Idempiere Amerpsoft</Description>
        <EntityType>AMERP</EntityType>
        <ConfigurationLevel>S</ConfigurationLevel>
        <AD_SysConfig_UU>8bb5bc2e-153a-422d-8f9a-ee7f45120a0d</AD_SysConfig_UU>
    </AD_SysConfig>
    <AD_SysConfig type="table">
        <AD_Client_ID>0</AD_Client_ID>
        <AD_Org_ID>0</AD_Org_ID>
        <IsActive>Y</IsActive>
        <Name>ZK_BROWSER_ICON</Name>
        <Value>/theme/amtheme/images/icon-amerp2.png</Value>
        <Description>Browse Icon Path</Description>
        <EntityType>D</EntityType>
        <ConfigurationLevel>S</ConfigurationLevel>
        <AD_SysConfig_UU>14db3402-7079-42a6-839f-f7e56e396202</AD_SysConfig_UU>
    </AD_SysConfig>
    <AD_SysConfig type="table">
        <AD_Client_ID>0</AD_Client_ID>
        <AD_Org_ID>0</AD_Org_ID>
        <AD_SysConfig_ID>200021</AD_SysConfig_ID>
        <IsActive>Y</IsActive>
        <Name>ZK_THEME</Name>
        <Value>ksys</Value>
        <Description>Available choices amtheme amthemeblu businessteam businessTeamBlue ksys kbs</Description>
        <EntityType>D</EntityType>
        <ConfigurationLevel>S</ConfigurationLevel>
        <AD_SysConfig_UU>054399ad-3705-411d-b79e-7ec7111888c5</AD_SysConfig_UU>
    </AD_SysConfig>
    <AD_SysConfig type="table">
        <AD_Client_ID>0</AD_Client_ID>
        <AD_Org_ID>0</AD_Org_ID>
        <IsActive>Y</IsActive>
        <Name>ZK_LOGO_LARGE</Name>
        <Value>/theme/amtheme/images/login-logo-amerp2.png</Value>
        <Description>Login Logo Large</Description>
        <EntityType>D</EntityType>
        <ConfigurationLevel>S</ConfigurationLevel>
        <AD_SysConfig_UU>23c0f1ae-4465-497f-842c-019d1b4f5371</AD_SysConfig_UU>
    </AD_SysConfig>
</idempiere>
