<?xml version="1.0" encoding="UTF-8"?><?xml-stylesheet type="text/css" href="idempiereDocument.css"?><idempiereDocument>
    <header>AMERPSOFT LVE Withholding Windows Package Description</header>
    <H1>Package Name:</H1>
    <packagename>AMERPSOFT LVE Withholding Windows</packagename>
    <H1>Author:</H1>
    <Name:/>
    <H1>Email Address:</H1>
    <Email/>
    <H1>Created:</H1>
    <Date>2025-04-12 10:54:43.435</Date>
    <H1>Updated:</H1>
    <Date>2025-04-12 12:09:13.334</Date>
    <H1>Description:</H1>
    <description>AMERPSOFT LVE Withholding Windows
Tables C_DocType
2 Pack_7.2.1</description>
    <H1>Instructions:</H1>
    <instructions/>
    <H1>Files in Package:</H1>
    <file>File: PackOut.xml</file>
    <filedirectory>Directory: \dict\</filedirectory>
    <filenotes>Notes: Contains all application/object settings for package</filenotes>
    <H1>Client:</H1>
    <Client>0-SYSTEM-System</Client>
</idempiereDocument>
