<?xml version="1.0" encoding="UTF-8"?><idempiere Name="AMERPSOFT ZK_Themes" Version="11" idempiereVersion="" DataBaseVersion="" Description="AMERPSOFT Editor for Extended Location" Author="" AuthorEmail="" CreatedDate="2024-04-13 15:38:55.741" UpdatedDate="2024-04-13 15:38:55.741" PackOutVersion="100" UpdateDictionary="false" Client="0-SYSTEM-System" AD_Client_UU="11237b53-9592-4af1-b3c5-afd216514b5d">
    <AD_SysConfig type="table">
        <AD_Client_ID>0</AD_Client_ID>
        <AD_Org_ID>0</AD_Org_ID>
        <IsActive>Y</IsActive>
        <Name>LCO_USE_WITHHOLDINGS</Name>
        <Value>Y</Value>
        <Description>LCO_USE_WITHHOLDINGS</Description>
        <EntityType>QSS_LCO</EntityType>
        <ConfigurationLevel>O</ConfigurationLevel>
        <AD_SysConfig_UU>596a2a81-fd08-4398-b064-6fedc3cfd367</AD_SysConfig_UU>
    </AD_SysConfig>
    <AD_SysConfig type="table">
        <AD_Client_ID>0</AD_Client_ID>
        <AD_Org_ID>0</AD_Org_ID>
        <IsActive>Y</IsActive>
        <Name>ZK_LOGO_LARGE</Name>
        <Value>~./theme/ksys/images/login-logo-amerp2.png</Value>
        <Description>Login Logo Large</Description>
        <EntityType>AMERP</EntityType>
        <ConfigurationLevel>S</ConfigurationLevel>
        <AD_SysConfig_UU>bfe6284e-00a2-412f-be82-37ed38363768</AD_SysConfig_UU>
    </AD_SysConfig>
    <AD_SysConfig type="table">
        <AD_Client_ID>0</AD_Client_ID>
        <AD_Org_ID>0</AD_Org_ID>
        <IsActive>Y</IsActive>
        <Name>MAIL_SEND_CREDENTIALS_USER</Name>
        <Value>C</Value>
        <Description>From where to get the outgoing credentials for email (U : User / C : Client  / S : System)</Description>
        <EntityType>U</EntityType>
        <ConfigurationLevel>C</ConfigurationLevel>
        <AD_SysConfig_UU>b74423f3-f806-4377-a89a-813131aee7de</AD_SysConfig_UU>
    </AD_SysConfig>
    <AD_SysConfig type="table">
        <AD_Client_ID>0</AD_Client_ID>
        <AD_Org_ID>0</AD_Org_ID>
        <IsActive>Y</IsActive>
        <Name>REST_TOKEN_SECRET</Name>
        <Value>7a408610-f76c-4ce5-81f1-e4c1a7052d40</Value>
        <Description/>
        <EntityType>U</EntityType>
        <ConfigurationLevel>S</ConfigurationLevel>
        <AD_SysConfig_UU>b03e96a1-eb57-4cf9-9265-7347379561a8</AD_SysConfig_UU>
    </AD_SysConfig>
    <AD_SysConfig type="table">
        <AD_Client_ID>0</AD_Client_ID>
        <AD_Org_ID>0</AD_Org_ID>
        <IsActive>Y</IsActive>
        <Name>ZK_LOGO_SMALL</Name>
        <Value>~./theme/ksys/images/header-logo-amerp.png</Value>
        <Description>Login Logo Small</Description>
        <EntityType>AMERP</EntityType>
        <ConfigurationLevel>S</ConfigurationLevel>
        <AD_SysConfig_UU>69007345-c36f-4b02-870a-c41d8fb9deea</AD_SysConfig_UU>
    </AD_SysConfig>
    <AD_SysConfig type="table">
        <AD_Client_ID>0</AD_Client_ID>
        <AD_Org_ID>0</AD_Org_ID>
        <IsActive>Y</IsActive>
        <Name>ZK_BROWSER_TITLE</Name>
        <Value>iDempiere AMERP</Value>
        <Description>Browser Title</Description>
        <EntityType>AMERP</EntityType>
        <ConfigurationLevel>S</ConfigurationLevel>
        <AD_SysConfig_UU>c587f6f8-2910-4b27-913e-2e41e8581ea0</AD_SysConfig_UU>
    </AD_SysConfig>
    <AD_SysConfig type="table">
        <AD_Client_ID>0</AD_Client_ID>
        <AD_Org_ID>0</AD_Org_ID>
        <IsActive>Y</IsActive>
        <Name>ZK_BROWSER_ICON</Name>
        <Value>~./theme/ksys/images/icon-idempiere.png</Value>
        <Description>Browse Icon Path</Description>
        <EntityType>AMERP</EntityType>
        <ConfigurationLevel>S</ConfigurationLevel>
        <AD_SysConfig_UU>4cf766fd-5982-49dd-82f2-e8347214dbf0</AD_SysConfig_UU>
    </AD_SysConfig>
    <AD_Package_Exp type="table">
        <AD_Client_ID>0</AD_Client_ID>
        <AD_Org_ID>0</AD_Org_ID>
        <AD_Package_Type>X</AD_Package_Type>
        <EMail/>
        <Instructions/>
        <Name>AMERPSOFT ZK_Themes</Name>
        <Processed>N</Processed>
        <ReleaseNo/>
        <Version/>
        <UserName/>
        <Processing>N</Processing>
        <PK_Version>11</PK_Version>
        <IsActive>Y</IsActive>
        <File_Directory/>
        <Description>AMERPSOFT Editor for Extended Location</Description>
        <AD_Package_Exp_UU>e0c1244d-eddb-4c24-a160-068cac7d2636</AD_Package_Exp_UU>
        <DateFrom/>
        <IsExportDictionaryEntity>N</IsExportDictionaryEntity>
        <AD_Package_Exp_Detail type="table">
            <AD_Client_ID>0</AD_Client_ID>
            <AD_Org_ID>0</AD_Org_ID>
            <AD_Form_ID reference="id"/>
            <AD_ImpFormat_ID reference="id"/>
            <AD_Menu_ID reference="id"/>
            <AD_Process_ID reference="id"/>
            <AD_Role_ID reference="id"/>
            <AD_Window_ID reference="id"/>
            <AD_Workflow_ID reference="id"/>
            <IsActive>Y</IsActive>
            <File_Directory/>
            <FileName/>
            <Destination_FileName/>
            <Destination_Directory/>
            <Description/>
            <DBType>ALL</DBType>
            <Type>D</Type>
            <Target_Directory/>
            <SQLStatement>SELECT * FROM AD_Package_Exp WHERE AD_Package_Exp_UU='e0c1244d-eddb-4c24-a160-068cac7d2636';AD_Package_Exp_Detail</SQLStatement>
            <ReleaseNo/>
            <Processing>N</Processing>
            <Processed>N</Processed>
            <Name2/>
            <Line>20</Line>
            <AD_Table_ID reference="id">50005</AD_Table_ID>
            <AD_ReportView_ID reference="id"/>
            <AD_Package_Exp_ID reference="uuid" reference-key="AD_Package_Exp">e0c1244d-eddb-4c24-a160-068cac7d2636</AD_Package_Exp_ID>
            <AD_Package_Code_New/>
            <AD_Package_Code_Old/>
            <AD_Val_Rule_ID reference="id"/>
            <AD_Message_ID reference="id"/>
            <AD_PrintFormat_ID reference="id"/>
            <AD_Reference_ID reference="id"/>
            <AD_ModelValidator_ID reference="id"/>
            <AD_EntityType_ID reference="id"/>
            <AD_Package_Exp_Detail_UU>e60b6c35-c669-4839-a2e3-45cce1aa06f6</AD_Package_Exp_Detail_UU>
            <AD_InfoWindow_ID reference="id"/>
            <ExecCode/>
        </AD_Package_Exp_Detail>
        <AD_Package_Exp_Detail type="table">
            <AD_Client_ID>0</AD_Client_ID>
            <AD_Org_ID>0</AD_Org_ID>
            <AD_Form_ID reference="id"/>
            <AD_ImpFormat_ID reference="id"/>
            <AD_Menu_ID reference="id"/>
            <AD_Process_ID reference="id"/>
            <AD_Role_ID reference="id"/>
            <AD_Window_ID reference="id"/>
            <AD_Workflow_ID reference="id"/>
            <IsActive>Y</IsActive>
            <File_Directory/>
            <FileName/>
            <Destination_FileName/>
            <Destination_Directory/>
            <Description>SELECT * FROM AD_SysConfig WHERE  Name IN ('ZK_THEME', 'ZK_LOGO_LARGE', 'ZK_LOGO_SMALL','ZK_BROWSER_TITLE', 'ZK_BROWSER_ICON','ZK_THEME_USE_FONT_ICON_FOR_IMAGE');</Description>
            <DBType>ALL</DBType>
            <Type>D</Type>
            <Target_Directory/>
            <SQLStatement/>
            <ReleaseNo/>
            <Processing>N</Processing>
            <Processed>N</Processed>
            <Name2/>
            <Line>10</Line>
            <AD_Table_ID reference="id">50009</AD_Table_ID>
            <AD_ReportView_ID reference="id"/>
            <AD_Package_Exp_ID reference="uuid" reference-key="AD_Package_Exp">e0c1244d-eddb-4c24-a160-068cac7d2636</AD_Package_Exp_ID>
            <AD_Package_Code_New/>
            <AD_Package_Code_Old/>
            <AD_Val_Rule_ID reference="id"/>
            <AD_Message_ID reference="id"/>
            <AD_PrintFormat_ID reference="id"/>
            <AD_Reference_ID reference="id"/>
            <AD_ModelValidator_ID reference="id"/>
            <AD_EntityType_ID reference="id"/>
            <AD_Package_Exp_Detail_UU>818a912e-c42e-4d6d-a885-1420b708e7c6</AD_Package_Exp_Detail_UU>
            <AD_InfoWindow_ID reference="id"/>
            <ExecCode/>
        </AD_Package_Exp_Detail>
    </AD_Package_Exp>
</idempiere>
