<?xml version="1.0" encoding="UTF-8"?><idempiere Name="AMERPSOFT Editor - Community Fill" Version="11" idempiereVersion="" DataBaseVersion="" Description="" Author="" AuthorEmail="" CreatedDate="2024-05-10 13:18:38.0" UpdatedDate="2024-05-10 13:18:38.0" PackOutVersion="100" UpdateDictionary="false" Client="0-SYSTEM-System" AD_Client_UU="11237b53-9592-4af1-b3c5-afd216514b5d">
    <SQLStatement type="custom">
        <DBType>Oracle</DBType>
        <statement><![CDATA[-- INSERT MISSING Communities
INSERT INTO adempiere.c_community (
	SELECT c_country_id+1000000 AS c_community_id, 0 AS ad_client_id, 0 AS ad_org_id, 'Y' isactive, TIMESTAMP'2024-05-09 00:00:00' AS created, 0 AS createdby, TIMESTAMP'2024-05-09 00:00:00' AS updated, 0 AS updatedby,
	concat('Community-' , NAME) AS "name", concat('The Main Community of ' , description) AS description, c_country_id, 'N' AS isdefault ,
	ADEMPIERE.generate_uuid
	FROM adempiere.c_country3
	WHERE c_country_id NOT IN (
		SELECT c_country_id FROM adempiere.c_community 
	)
);
]]></statement>
    </SQLStatement>
    <SQLStatement type="custom">
        <DBType>Oracle</DBType>
        <statement><![CDATA[-- UPDATE Default regions with default Comunnity of the country 
-- ONLY For Nulls values on C_Community ID
UPDATE adempiere.C_Region
SET C_Community_ID = (
	SELECT c_country_id+1000000 
	FROM adempiere.c_country3
	WHERE adempiere.c_country3.c_country_id = adempiere.C_Region.c_country_id
	AND c_community_id IS NULL
);]]></statement>
    </SQLStatement>
    <AD_Package_Exp type="table">
        <AD_Client_ID>0</AD_Client_ID>
        <AD_Org_ID>0</AD_Org_ID>
        <AD_Package_Type>X</AD_Package_Type>
        <EMail/>
        <Instructions/>
        <Name>AMERPSOFT Editor - Community Fill</Name>
        <Processed>N</Processed>
        <ReleaseNo/>
        <Version/>
        <UserName/>
        <Processing>N</Processing>
        <PK_Version>11</PK_Version>
        <IsActive>Y</IsActive>
        <File_Directory/>
        <Description/>
        <AD_Package_Exp_UU>4b24035d-a61b-4355-b367-e8f0d45309cf</AD_Package_Exp_UU>
        <DateFrom/>
        <IsExportDictionaryEntity>N</IsExportDictionaryEntity>
        <AD_Package_Exp_Detail type="table">
            <AD_Client_ID>0</AD_Client_ID>
            <AD_Org_ID>0</AD_Org_ID>
            <AD_Form_ID reference="id"/>
            <AD_ImpFormat_ID reference="id"/>
            <AD_Menu_ID reference="id"/>
            <AD_Process_ID reference="id"/>
            <AD_Role_ID reference="id"/>
            <AD_Window_ID reference="id"/>
            <AD_Workflow_ID reference="id"/>
            <IsActive>Y</IsActive>
            <File_Directory/>
            <FileName/>
            <Destination_FileName/>
            <Destination_Directory/>
            <Description/>
            <DBType>ALL</DBType>
            <Type>D</Type>
            <Target_Directory/>
            <SQLStatement>SELECT * FROM AD_Package_Exp WHERE AD_Package_Exp_UU='4b24035d-a61b-4355-b367-e8f0d45309cf';AD_Package_Exp_Detail</SQLStatement>
            <ReleaseNo/>
            <Processing>N</Processing>
            <Processed>N</Processed>
            <Name2/>
            <Line>200</Line>
            <AD_Table_ID reference="id">50005</AD_Table_ID>
            <AD_ReportView_ID reference="id"/>
            <AD_Package_Exp_ID reference="uuid" reference-key="AD_Package_Exp">4b24035d-a61b-4355-b367-e8f0d45309cf</AD_Package_Exp_ID>
            <AD_Package_Code_New/>
            <AD_Package_Code_Old/>
            <AD_Val_Rule_ID reference="id"/>
            <AD_Message_ID reference="id"/>
            <AD_PrintFormat_ID reference="id"/>
            <AD_Reference_ID reference="id"/>
            <AD_ModelValidator_ID reference="id"/>
            <AD_EntityType_ID reference="id"/>
            <AD_Package_Exp_Detail_UU>7a4f4dbb-83b9-4625-ba77-5c7be1d2505b</AD_Package_Exp_Detail_UU>
            <AD_InfoWindow_ID reference="id"/>
            <ExecCode/>
        </AD_Package_Exp_Detail>
        <AD_Package_Exp_Detail type="table">
            <AD_Client_ID>0</AD_Client_ID>
            <AD_Org_ID>0</AD_Org_ID>
            <AD_Form_ID reference="id"/>
            <AD_ImpFormat_ID reference="id"/>
            <AD_Menu_ID reference="id"/>
            <AD_Process_ID reference="id"/>
            <AD_Role_ID reference="id"/>
            <AD_Window_ID reference="id"/>
            <AD_Workflow_ID reference="id"/>
            <IsActive>Y</IsActive>
            <File_Directory/>
            <FileName/>
            <Destination_FileName/>
            <Destination_Directory/>
            <Description/>
            <DBType>Oracle</DBType>
            <Type>SQL</Type>
            <Target_Directory/>
            <SQLStatement>-- INSERT MISSING Communities
INSERT INTO adempiere.c_community (
	SELECT c_country_id+1000000 AS c_community_id, 0 AS ad_client_id, 0 AS ad_org_id, 'Y' isactive, TIMESTAMP'2024-05-09 00:00:00' AS created, 0 AS createdby, TIMESTAMP'2024-05-09 00:00:00' AS updated, 0 AS updatedby,
	concat('Community-' , NAME) AS "name", concat('The Main Community of ' , description) AS description, c_country_id, 'N' AS isdefault ,
	ADEMPIERE.generate_uuid
	FROM adempiere.c_country3
	WHERE c_country_id NOT IN (
		SELECT c_country_id FROM adempiere.c_community 
	)
);
</SQLStatement>
            <ReleaseNo/>
            <Processing>N</Processing>
            <Processed>N</Processed>
            <Name2/>
            <Line>10</Line>
            <AD_Table_ID reference="id"/>
            <AD_ReportView_ID reference="id"/>
            <AD_Package_Exp_ID reference="uuid" reference-key="AD_Package_Exp">4b24035d-a61b-4355-b367-e8f0d45309cf</AD_Package_Exp_ID>
            <AD_Package_Code_New/>
            <AD_Package_Code_Old/>
            <AD_Val_Rule_ID reference="id"/>
            <AD_Message_ID reference="id"/>
            <AD_PrintFormat_ID reference="id"/>
            <AD_Reference_ID reference="id"/>
            <AD_ModelValidator_ID reference="id"/>
            <AD_EntityType_ID reference="id"/>
            <AD_Package_Exp_Detail_UU>d367b216-dbb7-4d42-bcc5-604130def354</AD_Package_Exp_Detail_UU>
            <AD_InfoWindow_ID reference="id"/>
            <ExecCode/>
        </AD_Package_Exp_Detail>
        <AD_Package_Exp_Detail type="table">
            <AD_Client_ID>0</AD_Client_ID>
            <AD_Org_ID>0</AD_Org_ID>
            <AD_Form_ID reference="id"/>
            <AD_ImpFormat_ID reference="id"/>
            <AD_Menu_ID reference="id"/>
            <AD_Process_ID reference="id"/>
            <AD_Role_ID reference="id"/>
            <AD_Window_ID reference="id"/>
            <AD_Workflow_ID reference="id"/>
            <IsActive>Y</IsActive>
            <File_Directory/>
            <FileName/>
            <Destination_FileName/>
            <Destination_Directory/>
            <Description/>
            <DBType>Oracle</DBType>
            <Type>SQL</Type>
            <Target_Directory/>
            <SQLStatement>-- UPDATE Default regions with default Comunnity of the country 
-- ONLY For Nulls values on C_Community ID
UPDATE adempiere.C_Region
SET C_Community_ID = (
	SELECT c_country_id+1000000 
	FROM adempiere.c_country3
	WHERE adempiere.c_country3.c_country_id = adempiere.C_Region.c_country_id
	AND c_community_id IS NULL
);</SQLStatement>
            <ReleaseNo/>
            <Processing>N</Processing>
            <Processed>N</Processed>
            <Name2/>
            <Line>20</Line>
            <AD_Table_ID reference="id"/>
            <AD_ReportView_ID reference="id"/>
            <AD_Package_Exp_ID reference="uuid" reference-key="AD_Package_Exp">4b24035d-a61b-4355-b367-e8f0d45309cf</AD_Package_Exp_ID>
            <AD_Package_Code_New/>
            <AD_Package_Code_Old/>
            <AD_Val_Rule_ID reference="id"/>
            <AD_Message_ID reference="id"/>
            <AD_PrintFormat_ID reference="id"/>
            <AD_Reference_ID reference="id"/>
            <AD_ModelValidator_ID reference="id"/>
            <AD_EntityType_ID reference="id"/>
            <AD_Package_Exp_Detail_UU>e16b7077-e88f-4705-a0c0-0f7745bcfef6</AD_Package_Exp_Detail_UU>
            <AD_InfoWindow_ID reference="id"/>
            <ExecCode/>
        </AD_Package_Exp_Detail>
    </AD_Package_Exp>
</idempiere>
