<?xml version="1.0" encoding="UTF-8"?><idempiere Name="AMERPSOFT Editor 1" Version="11" idempiereVersion="" DataBaseVersion="" Description="AMERPSOFT Editor for Extended Location" Author="" AuthorEmail="" CreatedDate="2024-04-09 18:23:21.917" UpdatedDate="2024-04-09 18:23:21.917" PackOutVersion="100" UpdateDictionary="false" Client="0-SYSTEM-System" AD_Client_UU="11237b53-9592-4af1-b3c5-afd216514b5d">
    <AD_EntityType type="table">
        <AD_Client_ID>0</AD_Client_ID>
        <AD_Org_ID>0</AD_Org_ID>
        <EntityType>AMERP</EntityType>
        <IsActive>Y</IsActive>
        <Name>AMERP Localization</Name>
        <Description>Modificaciones Luis Amesty</Description>
        <Help/>
        <Version/>
        <ModelPackage/>
        <Classpath/>
        <Processing>N</Processing>
        <AD_EntityType_UU>273e5638-203a-4a13-8f83-be908df82443</AD_EntityType_UU>
    </AD_EntityType>
</idempiere>
