<?xml version="1.0" encoding="UTF-8"?><idempiere Name="AD_InfoWindow" Version="1.0.0" idempiereVersion="2.1.0.qualifier" DataBaseVersion="2014-10-31" Description="" Author="System" AuthorEmail="luisamesty@gmail.com" CreatedDate="Fri Mar 17 01:04:34 VET 2017" UpdatedDate="Fri Mar 17 01:04:34 VET 2017" PackOutVersion="100" UpdateDictionary="true" Client="0-SYSTEM-System" AD_Client_UU="11237b53-9592-4af1-b3c5-afd216514b5d">
    <AD_InfoWindow type="table">
        <AD_Client_ID>0</AD_Client_ID>
        <AD_Org_ID>0</AD_Org_ID>
        <IsActive>Y</IsActive>
        <Name>Employee Info</Name>
        <Description/>
        <Help/>
        <AD_Table_ID reference="uuid" reference-key="AD_Table">d89bfbda-5916-45eb-a4ee-f6e54b7faed9</AD_Table_ID>
        <EntityType>AMERP</EntityType>
        <FromClause>AMN_Employee a
LEFT OUTER JOIN C_BPartner b ON (b.C_BPartner_ID=a.C_BPartner_ID  AND a.IsActive='Y')
LEFT OUTER JOIN AMN_Contract c ON (c.AMN_contract_ID=a.AMN_Contract_ID)
LEFT OUTER JOIN AMN_Jobtitle j ON(j.AMN_Jobtitle_ID = a.AMN_Jobtitle_ID)
LEFT OUTER JOIN AMN_Shift s ON(s.AMN_Shift_ID = a.AMN_Shift_ID)
LEFT OUTER JOIN AMN_Location l ON(l.AMN_Location_ID = a.AMN_Location_ID)</FromClause>
        <OtherClause/>
        <Processing>N</Processing>
        <AD_InfoWindow_UU>4ea713e1-6941-47bc-b65a-5d21101b0251</AD_InfoWindow_UU>
        <WhereClause>c.AMN_Contract_ID IN (SELECT AMN_Contract_ID FROM AMN_Role_Access WHERE AD_Role_ID=@#AD_Role_ID@)</WhereClause>
        <IsDefault>Y</IsDefault>
        <IsDistinct>N</IsDistinct>
        <OrderByClause>a.value</OrderByClause>
        <IsValid>Y</IsValid>
        <AD_CtxHelp_ID reference="id"/>
        <ImageURL>InfoBPartner16.png</ImageURL>
        <SeqNo>20</SeqNo>
        <IsShowInDashboard>Y</IsShowInDashboard>
        <MaxQueryRecords>0</MaxQueryRecords>
        <AD_InfoWindow_Trl type="translation">
            <Help>Información de Trabajadores</Help>
            <Description>Información de Trabajadores</Description>
            <Name>Información de Trabajadores</Name>
            <AD_Language>es_VE</AD_Language>
            <IsActive>Y</IsActive>
            <IsTranslated>N</IsTranslated>
        </AD_InfoWindow_Trl>
        <AD_InfoWindow_Trl type="translation">
            <Help>Información de Trabajadores</Help>
            <Description>Información de Trabajadores</Description>
            <Name>Información de Trabajadores</Name>
            <AD_Language>es_CO</AD_Language>
            <IsActive>Y</IsActive>
            <IsTranslated>N</IsTranslated>
        </AD_InfoWindow_Trl>
        <AD_InfoColumn type="table">
            <AD_Client_ID>0</AD_Client_ID>
            <AD_Org_ID>0</AD_Org_ID>
            <IsActive>Y</IsActive>
            <Name>Search Key</Name>
            <Description>Search key for the record in the format required - must be unique</Description>
            <Help>A search key allows you a fast method of finding a particular record.
If you leave the search key empty, the system automatically creates a numeric number.  The document sequence used for this fallback number is defined in the "Maintain Sequence" window with the name "DocumentNo_&lt;TableName&gt;", where TableName is the actual name of the table (e.g. C_Order).</Help>
            <AD_InfoWindow_ID reference="uuid" reference-key="AD_InfoWindow">4ea713e1-6941-47bc-b65a-5d21101b0251</AD_InfoWindow_ID>
            <EntityType>AMERP</EntityType>
            <SelectClause>a.Value</SelectClause>
            <SeqNo>10</SeqNo>
            <IsDisplayed>Y</IsDisplayed>
            <IsQueryCriteria>Y</IsQueryCriteria>
            <AD_Element_ID reference="id">620</AD_Element_ID>
            <AD_Reference_ID reference="id">10</AD_Reference_ID>
            <AD_InfoColumn_UU>71c9b01d-b219-41d9-8aa8-c328cb9e3f2a</AD_InfoColumn_UU>
            <AD_Reference_Value_ID reference="id"/>
            <AD_Val_Rule_ID reference="id"/>
            <IsCentrallyMaintained>Y</IsCentrallyMaintained>
            <DisplayLogic/>
            <ColumnName>Value</ColumnName>
            <QueryOperator>Like</QueryOperator>
            <QueryFunction>Upper</QueryFunction>
            <IsIdentifier>Y</IsIdentifier>
            <SeqNoSelection>0</SeqNoSelection>
            <DefaultValue/>
            <IsMandatory>N</IsMandatory>
            <AD_InfoColumn_Trl type="translation">
                <Help>Un código le permite a usted un método rápido de encontrar un registro en particular</Help>
                <Description>Código para el registro en el formato requerido; debe ser único</Description>
                <Name>Código</Name>
                <AD_Language>es_CO</AD_Language>
                <IsActive>Y</IsActive>
                <IsTranslated>Y</IsTranslated>
            </AD_InfoColumn_Trl>
            <AD_InfoColumn_Trl type="translation">
                <Help>Un código le permite a usted un método rápido de encontrar un registro en particular</Help>
                <Description>Código para el registro en el formato requerido; debe ser único</Description>
                <Name>Código</Name>
                <AD_Language>es_VE</AD_Language>
                <IsActive>Y</IsActive>
                <IsTranslated>Y</IsTranslated>
            </AD_InfoColumn_Trl>
        </AD_InfoColumn>
        <AD_InfoColumn type="table">
            <AD_Client_ID>0</AD_Client_ID>
            <AD_Org_ID>0</AD_Org_ID>
            <IsActive>Y</IsActive>
            <Name>Name</Name>
            <Description>Alphanumeric identifier of the entity</Description>
            <Help>The name of an entity (record) is used as an default search option in addition to the search key. The name is up to 60 characters in length.</Help>
            <AD_InfoWindow_ID reference="uuid" reference-key="AD_InfoWindow">4ea713e1-6941-47bc-b65a-5d21101b0251</AD_InfoWindow_ID>
            <EntityType>AMERP</EntityType>
            <SelectClause>a.Name</SelectClause>
            <SeqNo>20</SeqNo>
            <IsDisplayed>Y</IsDisplayed>
            <IsQueryCriteria>Y</IsQueryCriteria>
            <AD_Element_ID reference="id">469</AD_Element_ID>
            <AD_Reference_ID reference="id">10</AD_Reference_ID>
            <AD_InfoColumn_UU>50ce14b7-2b09-4f66-baef-9306664d788a</AD_InfoColumn_UU>
            <AD_Reference_Value_ID reference="id"/>
            <AD_Val_Rule_ID reference="id"/>
            <IsCentrallyMaintained>Y</IsCentrallyMaintained>
            <DisplayLogic/>
            <ColumnName>Name</ColumnName>
            <QueryOperator>Like</QueryOperator>
            <QueryFunction>Upper</QueryFunction>
            <IsIdentifier>Y</IsIdentifier>
            <SeqNoSelection>0</SeqNoSelection>
            <DefaultValue/>
            <IsMandatory>N</IsMandatory>
            <AD_InfoColumn_Trl type="translation">
                <Help>El nombre de una entidad (registro) se usa como una opción de búsqueda predeterminada adicional al código. El nombre es de hasta 60 caracteres de longitud.</Help>
                <Description>Identificador alfanumérico de la entidad.</Description>
                <Name>Nombre</Name>
                <AD_Language>es_CO</AD_Language>
                <IsActive>Y</IsActive>
                <IsTranslated>Y</IsTranslated>
            </AD_InfoColumn_Trl>
            <AD_InfoColumn_Trl type="translation">
                <Help>El nombre de una entidad (registro) se usa como una opción de búsqueda predeterminada adicional al código. El nombre es de hasta 60 caracteres de longitud.</Help>
                <Description>Identificador alfanumérico de la entidad.</Description>
                <Name>Nombre</Name>
                <AD_Language>es_VE</AD_Language>
                <IsActive>Y</IsActive>
                <IsTranslated>Y</IsTranslated>
            </AD_InfoColumn_Trl>
        </AD_InfoColumn>
        <AD_InfoColumn type="table">
            <AD_Client_ID>0</AD_Client_ID>
            <AD_Org_ID>0</AD_Org_ID>
            <IsActive>Y</IsActive>
            <Name>Active</Name>
            <Description>The record is active in the system</Description>
            <Help>There are two methods of making records unavailable in the system: One is to delete the record, the other is to de-activate the record. A de-activated record is not available for selection, but available for reports.
There are two reasons for de-activating and not deleting records:
(1) The system requires the record for audit purposes.
(2) The record is referenced by other records. E.g., you cannot delete a Business Partner, if there are invoices for this partner record existing. You de-activate the Business Partner and prevent that this record is used for future entries.</Help>
            <AD_InfoWindow_ID reference="uuid" reference-key="AD_InfoWindow">4ea713e1-6941-47bc-b65a-5d21101b0251</AD_InfoWindow_ID>
            <EntityType>AMERP</EntityType>
            <SelectClause>a.IsActive</SelectClause>
            <SeqNo>90</SeqNo>
            <IsDisplayed>Y</IsDisplayed>
            <IsQueryCriteria>N</IsQueryCriteria>
            <AD_Element_ID reference="id">348</AD_Element_ID>
            <AD_Reference_ID reference="id">20</AD_Reference_ID>
            <AD_InfoColumn_UU>c7e0a44f-01e7-4b60-a540-e3a81ffb7681</AD_InfoColumn_UU>
            <AD_Reference_Value_ID reference="id"/>
            <AD_Val_Rule_ID reference="id"/>
            <IsCentrallyMaintained>Y</IsCentrallyMaintained>
            <DisplayLogic/>
            <ColumnName>IsActive</ColumnName>
            <QueryOperator/>
            <QueryFunction/>
            <IsIdentifier>N</IsIdentifier>
            <SeqNoSelection>0</SeqNoSelection>
            <DefaultValue/>
            <IsMandatory>N</IsMandatory>
            <AD_InfoColumn_Trl type="translation">
                <Help>Hay dos métodos para que los registros no estén disponibles en el sistema: Uno es eliminar el registro; el otro es desactivarlo. Un registro desactivado no está disponible para selección; pero está disponible para Informes</Help>
                <Description>El registro está activo en el sistema</Description>
                <Name>Activo</Name>
                <AD_Language>es_CO</AD_Language>
                <IsActive>Y</IsActive>
                <IsTranslated>Y</IsTranslated>
            </AD_InfoColumn_Trl>
            <AD_InfoColumn_Trl type="translation">
                <Help>Hay dos métodos para que los registros no estén disponibles en el sistema: Uno es eliminar el registro; el otro es desactivarlo. Un registro desactivado no está disponible para selección; pero está disponible para Informes</Help>
                <Description>El registro está activo en el sistema</Description>
                <Name>Activo</Name>
                <AD_Language>es_VE</AD_Language>
                <IsActive>Y</IsActive>
                <IsTranslated>Y</IsTranslated>
            </AD_InfoColumn_Trl>
        </AD_InfoColumn>
        <AD_InfoColumn type="table">
            <AD_Client_ID>0</AD_Client_ID>
            <AD_Org_ID>0</AD_Org_ID>
            <IsActive>Y</IsActive>
            <Name>Payroll Job Title</Name>
            <Description/>
            <Help/>
            <AD_InfoWindow_ID reference="uuid" reference-key="AD_InfoWindow">4ea713e1-6941-47bc-b65a-5d21101b0251</AD_InfoWindow_ID>
            <EntityType>AMERP</EntityType>
            <SelectClause>a.AMN_Jobtitle_ID</SelectClause>
            <SeqNo>80</SeqNo>
            <IsDisplayed>Y</IsDisplayed>
            <IsQueryCriteria>Y</IsQueryCriteria>
            <AD_Element_ID reference="uuid" reference-key="AD_Element">7deb9898-ca4a-46d6-ac10-1a707bfaf8f9</AD_Element_ID>
            <AD_Reference_ID reference="id">18</AD_Reference_ID>
            <AD_InfoColumn_UU>e90cf931-dc90-4fa4-be20-e32e479bd21b</AD_InfoColumn_UU>
            <AD_Reference_Value_ID reference="uuid" reference-key="AD_Reference">9f859239-1121-42c7-9d1c-60f8ebc1eecd</AD_Reference_Value_ID>
            <AD_Val_Rule_ID reference="id"/>
            <IsCentrallyMaintained>Y</IsCentrallyMaintained>
            <DisplayLogic/>
            <ColumnName>AMN_Jobtitle_ID</ColumnName>
            <QueryOperator>=</QueryOperator>
            <QueryFunction/>
            <IsIdentifier>Y</IsIdentifier>
            <SeqNoSelection>0</SeqNoSelection>
            <DefaultValue/>
            <IsMandatory>N</IsMandatory>
            <AD_InfoColumn_Trl type="translation">
                <Help/>
                <Description>Cargo del Trabajador</Description>
                <Name>Cargo Trabajador</Name>
                <AD_Language>es_VE</AD_Language>
                <IsActive>Y</IsActive>
                <IsTranslated>Y</IsTranslated>
            </AD_InfoColumn_Trl>
            <AD_InfoColumn_Trl type="translation">
                <Help/>
                <Description>Cargo del Trabajador</Description>
                <Name>Cargo Trabajador</Name>
                <AD_Language>es_CO</AD_Language>
                <IsActive>Y</IsActive>
                <IsTranslated>Y</IsTranslated>
            </AD_InfoColumn_Trl>
        </AD_InfoColumn>
        <AD_InfoColumn type="table">
            <AD_Client_ID>0</AD_Client_ID>
            <AD_Org_ID>0</AD_Org_ID>
            <IsActive>Y</IsActive>
            <Name>Payroll Contract</Name>
            <Description/>
            <Help/>
            <AD_InfoWindow_ID reference="uuid" reference-key="AD_InfoWindow">4ea713e1-6941-47bc-b65a-5d21101b0251</AD_InfoWindow_ID>
            <EntityType>AMERP</EntityType>
            <SelectClause>a.AMN_Contract_ID</SelectClause>
            <SeqNo>60</SeqNo>
            <IsDisplayed>Y</IsDisplayed>
            <IsQueryCriteria>Y</IsQueryCriteria>
            <AD_Element_ID reference="uuid" reference-key="AD_Element">68e088cc-db2a-441e-bba8-4a09146fa9a9</AD_Element_ID>
            <AD_Reference_ID reference="id">18</AD_Reference_ID>
            <AD_InfoColumn_UU>9f61501b-524d-47bf-99a8-e40449cfc687</AD_InfoColumn_UU>
            <AD_Reference_Value_ID reference="uuid" reference-key="AD_Reference">a5a3c592-ca1c-4de8-8a65-105b1b843a03</AD_Reference_Value_ID>
            <AD_Val_Rule_ID reference="uuid" reference-key="AD_Val_Rule">97f84dc9-1ffb-432e-8689-d0dba35dd402</AD_Val_Rule_ID>
            <IsCentrallyMaintained>Y</IsCentrallyMaintained>
            <DisplayLogic/>
            <ColumnName>AMN_Contract_ID</ColumnName>
            <QueryOperator>=</QueryOperator>
            <QueryFunction/>
            <IsIdentifier>Y</IsIdentifier>
            <SeqNoSelection>0</SeqNoSelection>
            <DefaultValue/>
            <IsMandatory>N</IsMandatory>
            <AD_InfoColumn_Trl type="translation">
                <Help/>
                <Description>Tipo de Contrato de Nómina</Description>
                <Name>Tipo Contrato Nómina</Name>
                <AD_Language>es_VE</AD_Language>
                <IsActive>Y</IsActive>
                <IsTranslated>Y</IsTranslated>
            </AD_InfoColumn_Trl>
            <AD_InfoColumn_Trl type="translation">
                <Help/>
                <Description>Tipo de Contrato de Nómina</Description>
                <Name>Tipo Contrato Nómina</Name>
                <AD_Language>es_CO</AD_Language>
                <IsActive>Y</IsActive>
                <IsTranslated>Y</IsTranslated>
            </AD_InfoColumn_Trl>
        </AD_InfoColumn>
        <AD_InfoColumn type="table">
            <AD_Client_ID>0</AD_Client_ID>
            <AD_Org_ID>0</AD_Org_ID>
            <IsActive>Y</IsActive>
            <Name>Payroll Location</Name>
            <Description/>
            <Help/>
            <AD_InfoWindow_ID reference="uuid" reference-key="AD_InfoWindow">4ea713e1-6941-47bc-b65a-5d21101b0251</AD_InfoWindow_ID>
            <EntityType>AMERP</EntityType>
            <SelectClause>a.AMN_Location_ID</SelectClause>
            <SeqNo>70</SeqNo>
            <IsDisplayed>Y</IsDisplayed>
            <IsQueryCriteria>Y</IsQueryCriteria>
            <AD_Element_ID reference="uuid" reference-key="AD_Element">0e3a22bb-6107-476e-a3a7-d8fdac1b6d33</AD_Element_ID>
            <AD_Reference_ID reference="id">18</AD_Reference_ID>
            <AD_InfoColumn_UU>4e750312-9a95-497c-b980-a43bf25e1e49</AD_InfoColumn_UU>
            <AD_Reference_Value_ID reference="uuid" reference-key="AD_Reference">046a5115-5129-458b-b51f-1c11862ca152</AD_Reference_Value_ID>
            <AD_Val_Rule_ID reference="id"/>
            <IsCentrallyMaintained>Y</IsCentrallyMaintained>
            <DisplayLogic/>
            <ColumnName>AMN_Location_ID</ColumnName>
            <QueryOperator>=</QueryOperator>
            <QueryFunction/>
            <IsIdentifier>N</IsIdentifier>
            <SeqNoSelection>0</SeqNoSelection>
            <DefaultValue/>
            <IsMandatory>N</IsMandatory>
            <AD_InfoColumn_Trl type="translation">
                <Help/>
                <Description/>
                <Name>Localidad de Nómina</Name>
                <AD_Language>es_VE</AD_Language>
                <IsActive>Y</IsActive>
                <IsTranslated>Y</IsTranslated>
            </AD_InfoColumn_Trl>
            <AD_InfoColumn_Trl type="translation">
                <Help/>
                <Description/>
                <Name>Localidad de Nómina</Name>
                <AD_Language>es_CO</AD_Language>
                <IsActive>Y</IsActive>
                <IsTranslated>Y</IsTranslated>
            </AD_InfoColumn_Trl>
        </AD_InfoColumn>
        <AD_InfoColumn type="table">
            <AD_Client_ID>0</AD_Client_ID>
            <AD_Org_ID>0</AD_Org_ID>
            <IsActive>Y</IsActive>
            <Name>Tax ID</Name>
            <Description>Tax Identification</Description>
            <Help>The Tax ID field identifies the legal Identification number of this Entity.</Help>
            <AD_InfoWindow_ID reference="uuid" reference-key="AD_InfoWindow">4ea713e1-6941-47bc-b65a-5d21101b0251</AD_InfoWindow_ID>
            <EntityType>AMERP</EntityType>
            <SelectClause>b.TaxID</SelectClause>
            <SeqNo>40</SeqNo>
            <IsDisplayed>Y</IsDisplayed>
            <IsQueryCriteria>Y</IsQueryCriteria>
            <AD_Element_ID reference="id">590</AD_Element_ID>
            <AD_Reference_ID reference="id">10</AD_Reference_ID>
            <AD_InfoColumn_UU>addbf27f-d1e9-4126-8a73-6b1a2647c83b</AD_InfoColumn_UU>
            <AD_Reference_Value_ID reference="id"/>
            <AD_Val_Rule_ID reference="id"/>
            <IsCentrallyMaintained>Y</IsCentrallyMaintained>
            <DisplayLogic/>
            <ColumnName>TaxID</ColumnName>
            <QueryOperator>Like</QueryOperator>
            <QueryFunction/>
            <IsIdentifier>N</IsIdentifier>
            <SeqNoSelection>0</SeqNoSelection>
            <DefaultValue/>
            <IsMandatory>N</IsMandatory>
            <AD_InfoColumn_Trl type="translation">
                <Help>Número de Identificación Tributaria es el número de identificación gubernamental de esta entidad</Help>
                <Description>Número de Identificación Tributaria</Description>
                <Name>Número Identificación</Name>
                <AD_Language>es_VE</AD_Language>
                <IsActive>Y</IsActive>
                <IsTranslated>Y</IsTranslated>
            </AD_InfoColumn_Trl>
            <AD_InfoColumn_Trl type="translation">
                <Help>Número de Identificación Tributaria es el número de identificación gubernamental de esta entidad</Help>
                <Description>Número de Identificación Tributaria</Description>
                <Name>Número Identificación</Name>
                <AD_Language>es_CO</AD_Language>
                <IsActive>Y</IsActive>
                <IsTranslated>Y</IsTranslated>
            </AD_InfoColumn_Trl>
        </AD_InfoColumn>
        <AD_InfoColumn type="table">
            <AD_Client_ID>0</AD_Client_ID>
            <AD_Org_ID>0</AD_Org_ID>
            <IsActive>Y</IsActive>
            <Name>Status</Name>
            <Description>Status of the currently running check</Description>
            <Help>Status of the currently running check</Help>
            <AD_InfoWindow_ID reference="uuid" reference-key="AD_InfoWindow">4ea713e1-6941-47bc-b65a-5d21101b0251</AD_InfoWindow_ID>
            <EntityType>AMERP</EntityType>
            <SelectClause>a.Status</SelectClause>
            <SeqNo>30</SeqNo>
            <IsDisplayed>Y</IsDisplayed>
            <IsQueryCriteria>Y</IsQueryCriteria>
            <AD_Element_ID reference="id">3020</AD_Element_ID>
            <AD_Reference_ID reference="id">17</AD_Reference_ID>
            <AD_InfoColumn_UU>6d86a029-368d-42a9-990f-2e9617684fac</AD_InfoColumn_UU>
            <AD_Reference_Value_ID reference="uuid" reference-key="AD_Reference">10f86732-5251-427d-9e97-abd23271b556</AD_Reference_Value_ID>
            <AD_Val_Rule_ID reference="id"/>
            <IsCentrallyMaintained>Y</IsCentrallyMaintained>
            <DisplayLogic/>
            <ColumnName>Status</ColumnName>
            <QueryOperator>=</QueryOperator>
            <QueryFunction/>
            <IsIdentifier>N</IsIdentifier>
            <SeqNoSelection>0</SeqNoSelection>
            <DefaultValue/>
            <IsMandatory>N</IsMandatory>
            <AD_InfoColumn_Trl type="translation">
                <Help>Estado de la actual ejecución</Help>
                <Description>Estado de la actual ejecución</Description>
                <Name>Estado</Name>
                <AD_Language>es_CO</AD_Language>
                <IsActive>Y</IsActive>
                <IsTranslated>Y</IsTranslated>
            </AD_InfoColumn_Trl>
            <AD_InfoColumn_Trl type="translation">
                <Help>Estado de la actual ejecución</Help>
                <Description>Estado de la actual ejecución</Description>
                <Name>Estado</Name>
                <AD_Language>es_VE</AD_Language>
                <IsActive>Y</IsActive>
                <IsTranslated>Y</IsTranslated>
            </AD_InfoColumn_Trl>
        </AD_InfoColumn>
        <AD_InfoColumn type="table">
            <AD_Client_ID>0</AD_Client_ID>
            <AD_Org_ID>0</AD_Org_ID>
            <IsActive>Y</IsActive>
            <Name>Salary</Name>
            <Description/>
            <Help/>
            <AD_InfoWindow_ID reference="uuid" reference-key="AD_InfoWindow">4ea713e1-6941-47bc-b65a-5d21101b0251</AD_InfoWindow_ID>
            <EntityType>AMERP</EntityType>
            <SelectClause>a.Salary</SelectClause>
            <SeqNo>50</SeqNo>
            <IsDisplayed>Y</IsDisplayed>
            <IsQueryCriteria>N</IsQueryCriteria>
            <AD_Element_ID reference="uuid" reference-key="AD_Element">525897ba-3ecd-4473-9c76-53ae5f9ee5f6</AD_Element_ID>
            <AD_Reference_ID reference="id">22</AD_Reference_ID>
            <AD_InfoColumn_UU>fce5fd29-45fb-4678-bbeb-3ab9b3455f94</AD_InfoColumn_UU>
            <AD_Reference_Value_ID reference="id"/>
            <AD_Val_Rule_ID reference="id"/>
            <IsCentrallyMaintained>Y</IsCentrallyMaintained>
            <DisplayLogic/>
            <ColumnName>Salary</ColumnName>
            <QueryOperator/>
            <QueryFunction/>
            <IsIdentifier>N</IsIdentifier>
            <SeqNoSelection>0</SeqNoSelection>
            <DefaultValue/>
            <IsMandatory>N</IsMandatory>
            <AD_InfoColumn_Trl type="translation">
                <Help/>
                <Description>Salario Mensual del Trabajador en Moneda Local</Description>
                <Name>Salario Mensual</Name>
                <AD_Language>es_CO</AD_Language>
                <IsActive>Y</IsActive>
                <IsTranslated>Y</IsTranslated>
            </AD_InfoColumn_Trl>
            <AD_InfoColumn_Trl type="translation">
                <Help/>
                <Description>Salario Mensual del Trabajador en Moneda Local</Description>
                <Name>Salario Mensual</Name>
                <AD_Language>es_VE</AD_Language>
                <IsActive>Y</IsActive>
                <IsTranslated>Y</IsTranslated>
            </AD_InfoColumn_Trl>
        </AD_InfoColumn>
        <AD_InfoColumn type="table">
            <AD_Client_ID>0</AD_Client_ID>
            <AD_Org_ID>0</AD_Org_ID>
            <IsActive>Y</IsActive>
            <Name>incomedate</Name>
            <Description/>
            <Help/>
            <AD_InfoWindow_ID reference="uuid" reference-key="AD_InfoWindow">4ea713e1-6941-47bc-b65a-5d21101b0251</AD_InfoWindow_ID>
            <EntityType>AMERP</EntityType>
            <SelectClause>a.incomedate</SelectClause>
            <SeqNo>55</SeqNo>
            <IsDisplayed>Y</IsDisplayed>
            <IsQueryCriteria>N</IsQueryCriteria>
            <AD_Element_ID reference="uuid" reference-key="AD_Element">a38b39c5-9187-4257-9a65-99984e855099</AD_Element_ID>
            <AD_Reference_ID reference="id">15</AD_Reference_ID>
            <AD_InfoColumn_UU>8994b6f6-8534-4aad-b0dd-7e97dcaa8f1e</AD_InfoColumn_UU>
            <AD_Reference_Value_ID reference="id"/>
            <AD_Val_Rule_ID reference="id"/>
            <IsCentrallyMaintained>Y</IsCentrallyMaintained>
            <DisplayLogic/>
            <ColumnName>incomedate</ColumnName>
            <QueryOperator/>
            <QueryFunction/>
            <IsIdentifier>N</IsIdentifier>
            <SeqNoSelection>0</SeqNoSelection>
            <DefaultValue/>
            <IsMandatory>N</IsMandatory>
            <AD_InfoColumn_Trl type="translation">
                <Help/>
                <Description>Fecha de Ingreso del Trabajador</Description>
                <Name>Fecha de Ingreso</Name>
                <AD_Language>es_CO</AD_Language>
                <IsActive>Y</IsActive>
                <IsTranslated>Y</IsTranslated>
            </AD_InfoColumn_Trl>
            <AD_InfoColumn_Trl type="translation">
                <Help/>
                <Description>Fecha de Ingreso del Trabajador</Description>
                <Name>Fecha de Ingreso</Name>
                <AD_Language>es_VE</AD_Language>
                <IsActive>Y</IsActive>
                <IsTranslated>Y</IsTranslated>
            </AD_InfoColumn_Trl>
        </AD_InfoColumn>
        <AD_InfoWindow_Access type="table">
            <AD_Client_ID>0</AD_Client_ID>
            <AD_Org_ID>0</AD_Org_ID>
            <IsActive>Y</IsActive>
            <AD_InfoWindow_Access_UU>e77d85f3-62d0-4d82-89c2-41f7a11c1164</AD_InfoWindow_Access_UU>
            <AD_Role_ID reference="id">0</AD_Role_ID>
            <AD_InfoWindow_ID reference="uuid" reference-key="AD_InfoWindow">4ea713e1-6941-47bc-b65a-5d21101b0251</AD_InfoWindow_ID>
        </AD_InfoWindow_Access>
    </AD_InfoWindow>
</idempiere>
