<?xml version="1.0" encoding="UTF-8"?><idempiere Name="AMERP Personnel and Payroll Periods" Version="1.0" idempiereVersion="" DataBaseVersion="" Description="Changes to carry on Payroll Period generation from a given accounting period." Author="" AuthorEmail="" CreatedDate="2023-01-10 15:23:07.655" UpdatedDate="2023-01-10 15:23:07.655" PackOutVersion="100" UpdateDictionary="true" Client="0-SYSTEM-System" AD_Client_UU="11237b53-9592-4af1-b3c5-afd216514b5d">
    <AD_Process type="table">
        <AD_Client_ID>0</AD_Client_ID>
        <AD_Org_ID>0</AD_Org_ID>
        <AD_Org_ID reference="id">0</AD_Org_ID>
        <IsActive>Y</IsActive>
        <Name>Amper Period Create From Period Process</Name>
        <Description>Amper Period Create Process</Description>
        <Help/>
        <ProcedureName/>
        <IsReport>N</IsReport>
        <Value>AmperProcPeriodCreateFromPeriod</Value>
        <IsDirectPrint>N</IsDirectPrint>
        <AD_ReportView_ID reference="id"/>
        <Classname>org.amerp.process.AMNYearCreatePeriodsFromPeriod</Classname>
        <AccessLevel>7</AccessLevel>
        <EntityType>U</EntityType>
        <Statistic_Count>2</Statistic_Count>
        <Statistic_Seconds>132</Statistic_Seconds>
        <AD_PrintFormat_ID reference="id"/>
        <WorkflowValue/>
        <AD_Workflow_ID reference="id"/>
        <IsBetaFunctionality>N</IsBetaFunctionality>
        <ShowHelp>Y</ShowHelp>
        <JasperReport/>
        <AD_Form_ID reference="id"/>
        <CopyFromProcess>N</CopyFromProcess>
        <AD_Process_UU>a0d025ab-c51b-4606-8eb0-b17614b1ba4a</AD_Process_UU>
        <AD_CtxHelp_ID reference="id"/>
        <ExecutionType/>
        <AllowMultipleExecution>P</AllowMultipleExecution>
        <AD_Process_Trl type="translation">
            <Description>Amper Crear Períodos de Nóminas desde un Período dado</Description>
            <Help/>
            <Name>Amper Crear Períodos de Nóminas desde un Período</Name>
            <AD_Language>es_CO</AD_Language>
            <IsActive>Y</IsActive>
            <IsTranslated>N</IsTranslated>
        </AD_Process_Trl>
        <AD_Process_Trl type="translation">
            <Description>Amper Crear Períodos de Nóminas desde un Período dado</Description>
            <Help/>
            <Name>Amper Crear Períodos de Nóminas desde un Período</Name>
            <AD_Language>es_VE</AD_Language>
            <IsActive>Y</IsActive>
            <IsTranslated>N</IsTranslated>
        </AD_Process_Trl>
        <AD_Reference type="table">
            <AD_Reference_ID>18</AD_Reference_ID>
            <AD_Client_ID>0</AD_Client_ID>
            <AD_Org_ID>0</AD_Org_ID>
            <AD_Reference_ID>18</AD_Reference_ID>
            <Name>Table</Name>
            <Description>Table List</Description>
            <Help/>
            <ValidationType>D</ValidationType>
            <AD_Org_ID reference="id">0</AD_Org_ID>
            <IsActive>Y</IsActive>
            <VFormat/>
            <EntityType>D</EntityType>
            <IsOrderByValue>N</IsOrderByValue>
            <AD_Reference_UU>d79e151d-6401-4e9f-8549-15357111a1ed</AD_Reference_UU>
            <AD_Element_ID reference="id"/>
            <AD_Reference_Trl type="translation">
                <Description>Lista de Tablas</Description>
                <Help/>
                <Name>Tabla</Name>
                <AD_Language>es_CO</AD_Language>
                <IsActive>Y</IsActive>
                <IsTranslated>Y</IsTranslated>
            </AD_Reference_Trl>
            <AD_Reference_Trl type="translation">
                <Description>Lista de Tablas</Description>
                <Help/>
                <Name>Tabla</Name>
                <AD_Language>es_VE</AD_Language>
                <IsActive>Y</IsActive>
                <IsTranslated>Y</IsTranslated>
            </AD_Reference_Trl>
        </AD_Reference>
        <AD_Process_Para type="table">
            <AD_Client_ID>0</AD_Client_ID>
            <AD_Org_ID>0</AD_Org_ID>
            <AD_Org_ID reference="id">0</AD_Org_ID>
            <IsActive>Y</IsActive>
            <Name>C_Calendar_ID</Name>
            <Description>C_Calendar_ID</Description>
            <Help/>
            <AD_Process_ID reference="uuid" reference-key="AD_Process">a0d025ab-c51b-4606-8eb0-b17614b1ba4a</AD_Process_ID>
            <SeqNo>15</SeqNo>
            <AD_Reference_ID reference="id">18</AD_Reference_ID>
            <AD_Reference_Value_ID reference="id"/>
            <IsRange>N</IsRange>
            <AD_Val_Rule_ID reference="id"/>
            <FieldLength>0</FieldLength>
            <IsMandatory>Y</IsMandatory>
            <DefaultValue>@SQL=SELECT C_Calendar_ID FROM C_Calendar WHERE C_Calendar.AD_Client_ID = @#AD_Client_ID@</DefaultValue>
            <VFormat/>
            <ValueMin/>
            <ValueMax/>
            <ColumnName>C_Calendar_ID</ColumnName>
            <DefaultValue2/>
            <IsCentrallyMaintained>N</IsCentrallyMaintained>
            <EntityType>U</EntityType>
            <AD_Element_ID reference="id"/>
            <ReadOnlyLogic>1=1</ReadOnlyLogic>
            <DisplayLogic/>
            <AD_Process_Para_UU>6ffa62e2-40b7-43ba-b384-a573195d43ec</AD_Process_Para_UU>
            <IsEncrypted>N</IsEncrypted>
            <MandatoryLogic/>
            <Placeholder/>
            <Placeholder2/>
            <IsAutocomplete>N</IsAutocomplete>
            <AD_Process_Para_Trl type="translation">
                <Description>C_Calendar_ID</Description>
                <Help/>
                <Name>Calendario</Name>
                <Placeholder/>
                <Placeholder2/>
                <AD_Language>es_CO</AD_Language>
                <IsActive>Y</IsActive>
                <IsTranslated>Y</IsTranslated>
            </AD_Process_Para_Trl>
            <AD_Process_Para_Trl type="translation">
                <Description>C_Calendar_ID</Description>
                <Help/>
                <Name>Calendario</Name>
                <Placeholder/>
                <Placeholder2/>
                <AD_Language>es_VE</AD_Language>
                <IsActive>Y</IsActive>
                <IsTranslated>Y</IsTranslated>
            </AD_Process_Para_Trl>
        </AD_Process_Para>
        <AD_Reference type="table">
            <AD_Client_ID>0</AD_Client_ID>
            <AD_Org_ID>0</AD_Org_ID>
            <Name>AMF_Year_ID</Name>
            <Description>Fiscal Years</Description>
            <Help/>
            <ValidationType>T</ValidationType>
            <AD_Org_ID reference="id">0</AD_Org_ID>
            <IsActive>Y</IsActive>
            <VFormat/>
            <EntityType>AMERP</EntityType>
            <IsOrderByValue>N</IsOrderByValue>
            <AD_Reference_UU>6d32c138-c222-4a9a-b8ce-6aee7837eaee</AD_Reference_UU>
            <AD_Element_ID reference="id"/>
            <AD_Reference_Trl type="translation">
                <Description>Fiscal Years</Description>
                <Help/>
                <Name>C_Year_ID</Name>
                <AD_Language>es_VE</AD_Language>
                <IsActive>Y</IsActive>
                <IsTranslated>N</IsTranslated>
            </AD_Reference_Trl>
            <AD_Reference_Trl type="translation">
                <Description>Fiscal Years</Description>
                <Help/>
                <Name>C_Year_ID</Name>
                <AD_Language>es_CO</AD_Language>
                <IsActive>Y</IsActive>
                <IsTranslated>N</IsTranslated>
            </AD_Reference_Trl>
            <AD_Ref_Table type="table">
                <AD_Client_ID>0</AD_Client_ID>
                <AD_Org_ID>0</AD_Org_ID>
                <AD_Reference_ID reference="uuid" reference-key="AD_Reference">6d32c138-c222-4a9a-b8ce-6aee7837eaee</AD_Reference_ID>
                <AD_Table_ID reference="id">177</AD_Table_ID>
                <WhereClause>c_calendar_id=@C_Calendar_ID@</WhereClause>
                <OrderByClause/>
                <AD_Org_ID reference="id">0</AD_Org_ID>
                <IsActive>Y</IsActive>
                <IsValueDisplayed>N</IsValueDisplayed>
                <EntityType>AMERP</EntityType>
                <AD_Window_ID reference="id"/>
                <AD_Ref_Table_UU>9fb8ab5a-07db-4155-a32e-edbf87248a2a</AD_Ref_Table_UU>
                <AD_InfoWindow_ID reference="id"/>
                <AD_Display reference="id">1038</AD_Display>
                <AD_Key reference="id">1031</AD_Key>
            </AD_Ref_Table>
        </AD_Reference>
        <AD_Process_Para type="table">
            <AD_Client_ID>0</AD_Client_ID>
            <AD_Org_ID>0</AD_Org_ID>
            <AD_Org_ID reference="id">0</AD_Org_ID>
            <IsActive>Y</IsActive>
            <Name>C_Year_ID</Name>
            <Description/>
            <Help>@SQL=SELECT DISTINCT C_Year_ID FROM C_year WHERE  FiscalYear ='@FiscalYear@' </Help>
            <AD_Process_ID reference="uuid" reference-key="AD_Process">a0d025ab-c51b-4606-8eb0-b17614b1ba4a</AD_Process_ID>
            <SeqNo>20</SeqNo>
            <AD_Reference_ID reference="id">18</AD_Reference_ID>
            <AD_Reference_Value_ID reference="uuid" reference-key="AD_Reference">6d32c138-c222-4a9a-b8ce-6aee7837eaee</AD_Reference_Value_ID>
            <IsRange>N</IsRange>
            <AD_Val_Rule_ID reference="id"/>
            <FieldLength>0</FieldLength>
            <IsMandatory>Y</IsMandatory>
            <DefaultValue>@C_Year_ID@</DefaultValue>
            <VFormat/>
            <ValueMin/>
            <ValueMax/>
            <ColumnName>C_Year_ID</ColumnName>
            <DefaultValue2/>
            <IsCentrallyMaintained>N</IsCentrallyMaintained>
            <EntityType>U</EntityType>
            <AD_Element_ID reference="id"/>
            <ReadOnlyLogic>1=1</ReadOnlyLogic>
            <DisplayLogic/>
            <AD_Process_Para_UU>858d33b7-0d48-4223-bd59-c0980fcc6db0</AD_Process_Para_UU>
            <IsEncrypted>N</IsEncrypted>
            <MandatoryLogic/>
            <Placeholder/>
            <Placeholder2/>
            <IsAutocomplete>N</IsAutocomplete>
            <AD_Process_Para_Trl type="translation">
                <Description/>
                <Help/>
                <Name>C_Year_ID</Name>
                <Placeholder/>
                <Placeholder2/>
                <AD_Language>es_CO</AD_Language>
                <IsActive>Y</IsActive>
                <IsTranslated>N</IsTranslated>
            </AD_Process_Para_Trl>
            <AD_Process_Para_Trl type="translation">
                <Description/>
                <Help/>
                <Name>C_Year_ID</Name>
                <Placeholder/>
                <Placeholder2/>
                <AD_Language>es_VE</AD_Language>
                <IsActive>Y</IsActive>
                <IsTranslated>N</IsTranslated>
            </AD_Process_Para_Trl>
        </AD_Process_Para>
        <AD_Reference type="table">
            <AD_Client_ID>0</AD_Client_ID>
            <AD_Org_ID>0</AD_Org_ID>
            <Name>AMN_Process_ID</Name>
            <Description>Personnel and Payrol Process</Description>
            <Help>Personnel and Payrol Process</Help>
            <ValidationType>T</ValidationType>
            <AD_Org_ID reference="id">0</AD_Org_ID>
            <IsActive>Y</IsActive>
            <VFormat/>
            <EntityType>AMERP</EntityType>
            <IsOrderByValue>N</IsOrderByValue>
            <AD_Reference_UU>811d0657-f33c-4822-b342-fe259239e4b6</AD_Reference_UU>
            <AD_Element_ID reference="id"/>
            <AD_Reference_Trl type="translation">
                <Description>Proceso de Nómina</Description>
                <Help>Proceso de Nómina</Help>
                <Name>Proceso de Nómina</Name>
                <AD_Language>es_CO</AD_Language>
                <IsActive>Y</IsActive>
                <IsTranslated>Y</IsTranslated>
            </AD_Reference_Trl>
            <AD_Reference_Trl type="translation">
                <Description>Proceso de Nómina</Description>
                <Help>Proceso de Nómina</Help>
                <Name>Proceso de Nómina</Name>
                <AD_Language>es_VE</AD_Language>
                <IsActive>Y</IsActive>
                <IsTranslated>Y</IsTranslated>
            </AD_Reference_Trl>
            <AD_Ref_Table type="table">
                <AD_Client_ID>0</AD_Client_ID>
                <AD_Org_ID>0</AD_Org_ID>
                <AD_Reference_ID reference="uuid" reference-key="AD_Reference">811d0657-f33c-4822-b342-fe259239e4b6</AD_Reference_ID>
                <AD_Table_ID reference="uuid" reference-key="AD_Table">6884c042-ce65-43ed-8e9f-72d0aa8ff169</AD_Table_ID>
                <WhereClause/>
                <OrderByClause/>
                <AD_Org_ID reference="id">0</AD_Org_ID>
                <IsActive>Y</IsActive>
                <IsValueDisplayed>Y</IsValueDisplayed>
                <EntityType>AMERP</EntityType>
                <AD_Window_ID reference="id"/>
                <AD_Ref_Table_UU>25e8b211-3b3c-43ca-89e2-0cb522ff5813</AD_Ref_Table_UU>
                <AD_InfoWindow_ID reference="id"/>
                <AD_Display reference="uuid" reference-key="AD_Column">164249c7-606a-499a-aeff-0ac50de41df0</AD_Display>
                <AD_Key reference="uuid" reference-key="AD_Column">a15d23d7-9d79-4b3a-b3be-02b565ce8eed</AD_Key>
            </AD_Ref_Table>
        </AD_Reference>
        <AD_Process_Para type="table">
            <AD_Client_ID>0</AD_Client_ID>
            <AD_Org_ID>0</AD_Org_ID>
            <AD_Org_ID reference="id">0</AD_Org_ID>
            <IsActive>Y</IsActive>
            <Name>AMN_Process_ID</Name>
            <Description/>
            <Help/>
            <AD_Process_ID reference="uuid" reference-key="AD_Process">a0d025ab-c51b-4606-8eb0-b17614b1ba4a</AD_Process_ID>
            <SeqNo>30</SeqNo>
            <AD_Reference_ID reference="id">18</AD_Reference_ID>
            <AD_Reference_Value_ID reference="uuid" reference-key="AD_Reference">811d0657-f33c-4822-b342-fe259239e4b6</AD_Reference_Value_ID>
            <IsRange>N</IsRange>
            <AD_Val_Rule_ID reference="id"/>
            <FieldLength>0</FieldLength>
            <IsMandatory>Y</IsMandatory>
            <DefaultValue>@SQL=SELECT DISTINCT AMN_Process_ID FROM AMN_Process WHERE AMN_Process_Value = '@AMN_Process_Value@'</DefaultValue>
            <VFormat/>
            <ValueMin/>
            <ValueMax/>
            <ColumnName>AMN_Process_ID</ColumnName>
            <DefaultValue2/>
            <IsCentrallyMaintained>N</IsCentrallyMaintained>
            <EntityType>U</EntityType>
            <AD_Element_ID reference="id"/>
            <ReadOnlyLogic>1=1</ReadOnlyLogic>
            <DisplayLogic/>
            <AD_Process_Para_UU>1a7ef290-d188-4acf-ba3a-1021c3f38fd6</AD_Process_Para_UU>
            <IsEncrypted>N</IsEncrypted>
            <MandatoryLogic/>
            <Placeholder/>
            <Placeholder2/>
            <IsAutocomplete>N</IsAutocomplete>
            <AD_Process_Para_Trl type="translation">
                <Description>AMN_Process_ID</Description>
                <Help/>
                <Name>Proceso</Name>
                <Placeholder/>
                <Placeholder2/>
                <AD_Language>es_CO</AD_Language>
                <IsActive>Y</IsActive>
                <IsTranslated>Y</IsTranslated>
            </AD_Process_Para_Trl>
            <AD_Process_Para_Trl type="translation">
                <Description>AMN_Process_ID</Description>
                <Help/>
                <Name>Proceso</Name>
                <Placeholder/>
                <Placeholder2/>
                <AD_Language>es_VE</AD_Language>
                <IsActive>Y</IsActive>
                <IsTranslated>Y</IsTranslated>
            </AD_Process_Para_Trl>
        </AD_Process_Para>
        <AD_Reference type="table">
            <AD_Client_ID>0</AD_Client_ID>
            <AD_Org_ID>0</AD_Org_ID>
            <Name>AMN_Contract_ID</Name>
            <Description>Personnel and Payroll Contract</Description>
            <Help/>
            <ValidationType>T</ValidationType>
            <AD_Org_ID reference="id">0</AD_Org_ID>
            <IsActive>Y</IsActive>
            <VFormat/>
            <EntityType>AMERP</EntityType>
            <IsOrderByValue>N</IsOrderByValue>
            <AD_Reference_UU>a5a3c592-ca1c-4de8-8a65-105b1b843a03</AD_Reference_UU>
            <AD_Element_ID reference="id"/>
            <AD_Reference_Trl type="translation">
                <Description>Tipo de Contrato</Description>
                <Help>Tipo de Contrato, SE:Semanal, QU:Quincenal ...</Help>
                <Name>Tipo de Contrato</Name>
                <AD_Language>es_VE</AD_Language>
                <IsActive>Y</IsActive>
                <IsTranslated>Y</IsTranslated>
            </AD_Reference_Trl>
            <AD_Reference_Trl type="translation">
                <Description>Tipo de Contrato</Description>
                <Help>Tipo de Contrato, SE:Semanal, QU:Quincenal ...</Help>
                <Name>Tipo de Contrato</Name>
                <AD_Language>es_CO</AD_Language>
                <IsActive>Y</IsActive>
                <IsTranslated>Y</IsTranslated>
            </AD_Reference_Trl>
            <AD_Ref_Table type="table">
                <AD_Client_ID>0</AD_Client_ID>
                <AD_Org_ID>0</AD_Org_ID>
                <AD_Reference_ID reference="uuid" reference-key="AD_Reference">a5a3c592-ca1c-4de8-8a65-105b1b843a03</AD_Reference_ID>
                <AD_Table_ID reference="uuid" reference-key="AD_Table">da85fecc-c5b7-47af-b9aa-abdfc598b289</AD_Table_ID>
                <WhereClause/>
                <OrderByClause/>
                <AD_Org_ID reference="id">0</AD_Org_ID>
                <IsActive>Y</IsActive>
                <IsValueDisplayed>Y</IsValueDisplayed>
                <EntityType>AMERP</EntityType>
                <AD_Window_ID reference="id"/>
                <AD_Ref_Table_UU>66825630-9f46-40d9-b537-24f0c42ea04c</AD_Ref_Table_UU>
                <AD_InfoWindow_ID reference="id"/>
                <AD_Display reference="uuid" reference-key="AD_Column">a4146e53-ace5-4abc-ba61-d7a0a33ba06b</AD_Display>
                <AD_Key reference="uuid" reference-key="AD_Column">4a01b04b-70dc-4eb6-9f0f-aa5091c4dab1</AD_Key>
            </AD_Ref_Table>
        </AD_Reference>
        <AD_Process_Para type="table">
            <AD_Client_ID>0</AD_Client_ID>
            <AD_Org_ID>0</AD_Org_ID>
            <AD_Org_ID reference="id">0</AD_Org_ID>
            <IsActive>Y</IsActive>
            <Name>AMN_Contract_ID</Name>
            <Description/>
            <Help/>
            <AD_Process_ID reference="uuid" reference-key="AD_Process">a0d025ab-c51b-4606-8eb0-b17614b1ba4a</AD_Process_ID>
            <SeqNo>40</SeqNo>
            <AD_Reference_ID reference="id">18</AD_Reference_ID>
            <AD_Reference_Value_ID reference="uuid" reference-key="AD_Reference">a5a3c592-ca1c-4de8-8a65-105b1b843a03</AD_Reference_Value_ID>
            <IsRange>N</IsRange>
            <AD_Val_Rule_ID reference="id"/>
            <FieldLength>0</FieldLength>
            <IsMandatory>Y</IsMandatory>
            <DefaultValue>@AMN_Contract_ID@</DefaultValue>
            <VFormat/>
            <ValueMin/>
            <ValueMax/>
            <ColumnName>AMN_Contract_ID</ColumnName>
            <DefaultValue2/>
            <IsCentrallyMaintained>N</IsCentrallyMaintained>
            <EntityType>U</EntityType>
            <AD_Element_ID reference="id"/>
            <ReadOnlyLogic>1=1</ReadOnlyLogic>
            <DisplayLogic/>
            <AD_Process_Para_UU>a82907d4-e1a3-4585-99b3-a5e9b86e6fda</AD_Process_Para_UU>
            <IsEncrypted>N</IsEncrypted>
            <MandatoryLogic/>
            <Placeholder/>
            <Placeholder2/>
            <IsAutocomplete>N</IsAutocomplete>
            <AD_Process_Para_Trl type="translation">
                <Description>AMN_Contract_ID</Description>
                <Help/>
                <Name>Tipo de Contrato</Name>
                <Placeholder/>
                <Placeholder2/>
                <AD_Language>es_CO</AD_Language>
                <IsActive>Y</IsActive>
                <IsTranslated>Y</IsTranslated>
            </AD_Process_Para_Trl>
            <AD_Process_Para_Trl type="translation">
                <Description>AMN_Contract_ID</Description>
                <Help/>
                <Name>Tipo de Contrato</Name>
                <Placeholder/>
                <Placeholder2/>
                <AD_Language>es_VE</AD_Language>
                <IsActive>Y</IsActive>
                <IsTranslated>Y</IsTranslated>
            </AD_Process_Para_Trl>
        </AD_Process_Para>
        <AD_Reference type="table">
            <AD_Reference_ID>11</AD_Reference_ID>
            <AD_Client_ID>0</AD_Client_ID>
            <AD_Org_ID>0</AD_Org_ID>
            <AD_Reference_ID>11</AD_Reference_ID>
            <Name>Integer</Name>
            <Description>10 Digit numeric</Description>
            <Help/>
            <ValidationType>D</ValidationType>
            <AD_Org_ID reference="id">0</AD_Org_ID>
            <IsActive>Y</IsActive>
            <VFormat/>
            <EntityType>D</EntityType>
            <IsOrderByValue>N</IsOrderByValue>
            <AD_Reference_UU>04246702-9e19-4942-89d8-643ca98535ef</AD_Reference_UU>
            <AD_Element_ID reference="id"/>
            <AD_Reference_Trl type="translation">
                <Description>Numérico de 10 dígitos</Description>
                <Help/>
                <Name>Entero</Name>
                <AD_Language>es_VE</AD_Language>
                <IsActive>Y</IsActive>
                <IsTranslated>Y</IsTranslated>
            </AD_Reference_Trl>
            <AD_Reference_Trl type="translation">
                <Description>Numérico de 10 dígitos</Description>
                <Help/>
                <Name>Entero</Name>
                <AD_Language>es_CO</AD_Language>
                <IsActive>Y</IsActive>
                <IsTranslated>Y</IsTranslated>
            </AD_Reference_Trl>
        </AD_Reference>
        <AD_Element type="table">
            <AD_Client_ID>0</AD_Client_ID>
            <AD_Org_ID>0</AD_Org_ID>
            <AD_Org_ID reference="id">0</AD_Org_ID>
            <IsActive>Y</IsActive>
            <ColumnName>PayRollDays</ColumnName>
            <Name>PayRollDays</Name>
            <Description>Payroll Days of Period in Contract</Description>
            <Help>Indicates the number of days payed in each period.</Help>
            <PrintName>Payroll Days of Period</PrintName>
            <PO_Description/>
            <PO_Help/>
            <PO_Name/>
            <PO_PrintName/>
            <EntityType>AMERP</EntityType>
            <AD_Element_UU>1765bb6f-4375-4f03-bda4-e603363b2f5b</AD_Element_UU>
            <Placeholder/>
            <AD_Element_Trl type="translation">
                <Description>Payroll Days of Period in Contract</Description>
                <Help>Indicates the number of days payed in each period.</Help>
                <Name>Días de Nómina</Name>
                <PO_Description/>
                <PO_Help/>
                <PO_Name/>
                <PO_PrintName/>
                <Placeholder/>
                <PrintName>Días de Nómina</PrintName>
                <AD_Language>es_CO</AD_Language>
                <IsActive>Y</IsActive>
                <IsTranslated>Y</IsTranslated>
            </AD_Element_Trl>
            <AD_Element_Trl type="translation">
                <Description>Payroll Days of Period in Contract</Description>
                <Help>Indicates the number of days payed in each period.</Help>
                <Name>Días de Nómina</Name>
                <PO_Description/>
                <PO_Help/>
                <PO_Name/>
                <PO_PrintName/>
                <Placeholder/>
                <PrintName>Días de Nómina</PrintName>
                <AD_Language>es_VE</AD_Language>
                <IsActive>Y</IsActive>
                <IsTranslated>Y</IsTranslated>
            </AD_Element_Trl>
        </AD_Element>
        <AD_Process_Para type="table">
            <AD_Client_ID>0</AD_Client_ID>
            <AD_Org_ID>0</AD_Org_ID>
            <AD_Org_ID reference="id">0</AD_Org_ID>
            <IsActive>Y</IsActive>
            <Name>PayRollDays</Name>
            <Description>Payroll Days of Period in Contract</Description>
            <Help>Indicates the number of days payed in each period.</Help>
            <AD_Process_ID reference="uuid" reference-key="AD_Process">a0d025ab-c51b-4606-8eb0-b17614b1ba4a</AD_Process_ID>
            <SeqNo>50</SeqNo>
            <AD_Reference_ID reference="id">11</AD_Reference_ID>
            <AD_Reference_Value_ID reference="id"/>
            <IsRange>N</IsRange>
            <AD_Val_Rule_ID reference="id"/>
            <FieldLength>0</FieldLength>
            <IsMandatory>N</IsMandatory>
            <DefaultValue>@SQL= SELECT PayRollDays FROM AMN_Contract WHERE AMN_Contract_ID = @AMN_Contract_ID@</DefaultValue>
            <VFormat/>
            <ValueMin/>
            <ValueMax/>
            <ColumnName>PayRollDays</ColumnName>
            <DefaultValue2/>
            <IsCentrallyMaintained>Y</IsCentrallyMaintained>
            <EntityType>U</EntityType>
            <AD_Element_ID reference="uuid" reference-key="AD_Element">1765bb6f-4375-4f03-bda4-e603363b2f5b</AD_Element_ID>
            <ReadOnlyLogic/>
            <DisplayLogic/>
            <AD_Process_Para_UU>5859f60f-a1ac-4107-b2ca-df86fe2e2159</AD_Process_Para_UU>
            <IsEncrypted>N</IsEncrypted>
            <MandatoryLogic/>
            <Placeholder/>
            <Placeholder2/>
            <IsAutocomplete>N</IsAutocomplete>
            <AD_Process_Para_Trl type="translation">
                <Description>Payroll Days of Period in Contract</Description>
                <Help>Indicates the number of days payed in each period.</Help>
                <Name>Días de Nómina</Name>
                <Placeholder/>
                <Placeholder2/>
                <AD_Language>es_CO</AD_Language>
                <IsActive>Y</IsActive>
                <IsTranslated>Y</IsTranslated>
            </AD_Process_Para_Trl>
            <AD_Process_Para_Trl type="translation">
                <Description>Payroll Days of Period in Contract</Description>
                <Help>Indicates the number of days payed in each period.</Help>
                <Name>Días de Nómina</Name>
                <Placeholder/>
                <Placeholder2/>
                <AD_Language>es_VE</AD_Language>
                <IsActive>Y</IsActive>
                <IsTranslated>Y</IsTranslated>
            </AD_Process_Para_Trl>
        </AD_Process_Para>
        <AD_Reference type="table">
            <AD_Reference_ID>233</AD_Reference_ID>
            <AD_Client_ID>0</AD_Client_ID>
            <AD_Org_ID>0</AD_Org_ID>
            <AD_Reference_ID>233</AD_Reference_ID>
            <Name>C_Period (Open)</Name>
            <Description>Periods Sorted by Date</Description>
            <Help/>
            <ValidationType>T</ValidationType>
            <AD_Org_ID reference="id">0</AD_Org_ID>
            <IsActive>Y</IsActive>
            <VFormat/>
            <EntityType>D</EntityType>
            <IsOrderByValue>N</IsOrderByValue>
            <AD_Reference_UU>38fe8cc7-e915-4d3c-868e-31c0e9816e45</AD_Reference_UU>
            <AD_Element_ID reference="id"/>
            <AD_Reference_Trl type="translation">
                <Description>Períodos ordenados por fecha</Description>
                <Help/>
                <Name>C_Period (Open)</Name>
                <AD_Language>es_VE</AD_Language>
                <IsActive>Y</IsActive>
                <IsTranslated>Y</IsTranslated>
            </AD_Reference_Trl>
            <AD_Reference_Trl type="translation">
                <Description>Períodos ordenados por fecha</Description>
                <Help/>
                <Name>C_Period (Open)</Name>
                <AD_Language>es_CO</AD_Language>
                <IsActive>Y</IsActive>
                <IsTranslated>Y</IsTranslated>
            </AD_Reference_Trl>
            <AD_Ref_Table type="table">
                <AD_Reference_ID>233</AD_Reference_ID>
                <AD_Client_ID>0</AD_Client_ID>
                <AD_Org_ID>0</AD_Org_ID>
                <AD_Reference_ID reference="id">233</AD_Reference_ID>
                <AD_Table_ID reference="id">145</AD_Table_ID>
                <WhereClause>EXISTS (SELECT * FROM C_PeriodControl pc WHERE C_Period.C_Period_ID=pc.C_Period_ID AND pc.PeriodStatus='O')</WhereClause>
                <OrderByClause>C_Period.StartDate</OrderByClause>
                <AD_Org_ID reference="id">0</AD_Org_ID>
                <IsActive>Y</IsActive>
                <IsValueDisplayed>N</IsValueDisplayed>
                <EntityType>D</EntityType>
                <AD_Window_ID reference="id"/>
                <AD_Ref_Table_UU>8ecc191b-6cec-4013-ba10-c9554178ac4e</AD_Ref_Table_UU>
                <AD_InfoWindow_ID reference="id"/>
                <AD_Display reference="id">482</AD_Display>
                <AD_Key reference="id">837</AD_Key>
            </AD_Ref_Table>
        </AD_Reference>
        <AD_Val_Rule type="table">
            <AD_Val_Rule_ID>199</AD_Val_Rule_ID>
            <AD_Client_ID>0</AD_Client_ID>
            <AD_Org_ID>0</AD_Org_ID>
            <AD_Val_Rule_ID>199</AD_Val_Rule_ID>
            <Name>C_Period of Year</Name>
            <Description/>
            <Type>S</Type>
            <Code>C_Period.C_Year_ID=@C_Year_ID@</Code>
            <AD_Org_ID reference="id">0</AD_Org_ID>
            <IsActive>Y</IsActive>
            <EntityType>D</EntityType>
            <AD_Val_Rule_UU>bb52c464-7f97-4c0b-a1a0-df9b5f08012e</AD_Val_Rule_UU>
        </AD_Val_Rule>
        <AD_Element type="table">
            <AD_Element_ID>206</AD_Element_ID>
            <AD_Client_ID>0</AD_Client_ID>
            <AD_Org_ID>0</AD_Org_ID>
            <AD_Element_ID>206</AD_Element_ID>
            <AD_Org_ID reference="id">0</AD_Org_ID>
            <IsActive>Y</IsActive>
            <ColumnName>C_Period_ID</ColumnName>
            <Name>Period</Name>
            <Description>Period of the Calendar</Description>
            <Help>The Period indicates an exclusive range of dates for a calendar.</Help>
            <PrintName>Period</PrintName>
            <PO_Description/>
            <PO_Help/>
            <PO_Name/>
            <PO_PrintName/>
            <EntityType>D</EntityType>
            <AD_Element_UU>b15f8d14-dc08-4d1d-a34f-dfdbb7921c0b</AD_Element_UU>
            <Placeholder/>
            <AD_Element_Trl type="translation">
                <Description>Período de Calendario</Description>
                <Help>El Período indica un rango de fechas exclusivo para un calendario</Help>
                <Name>Período</Name>
                <PO_Description/>
                <PO_Help/>
                <PO_Name/>
                <PO_PrintName/>
                <Placeholder/>
                <PrintName>Período</PrintName>
                <AD_Language>es_VE</AD_Language>
                <IsActive>Y</IsActive>
                <IsTranslated>Y</IsTranslated>
            </AD_Element_Trl>
            <AD_Element_Trl type="translation">
                <Description>Período de Calendario</Description>
                <Help>El Período indica un rango de fechas exclusivo para un calendario</Help>
                <Name>Período</Name>
                <PO_Description/>
                <PO_Help/>
                <PO_Name/>
                <PO_PrintName/>
                <Placeholder/>
                <PrintName>Período</PrintName>
                <AD_Language>es_CO</AD_Language>
                <IsActive>Y</IsActive>
                <IsTranslated>Y</IsTranslated>
            </AD_Element_Trl>
        </AD_Element>
        <AD_Process_Para type="table">
            <AD_Client_ID>0</AD_Client_ID>
            <AD_Org_ID>0</AD_Org_ID>
            <AD_Org_ID reference="id">0</AD_Org_ID>
            <IsActive>Y</IsActive>
            <Name>Period</Name>
            <Description>Period of the Calendar</Description>
            <Help>The Period indicates an exclusive range of dates for a calendar.</Help>
            <AD_Process_ID reference="uuid" reference-key="AD_Process">a0d025ab-c51b-4606-8eb0-b17614b1ba4a</AD_Process_ID>
            <SeqNo>25</SeqNo>
            <AD_Reference_ID reference="id">18</AD_Reference_ID>
            <AD_Reference_Value_ID reference="id">233</AD_Reference_Value_ID>
            <IsRange>N</IsRange>
            <AD_Val_Rule_ID reference="id">199</AD_Val_Rule_ID>
            <FieldLength>0</FieldLength>
            <IsMandatory>Y</IsMandatory>
            <DefaultValue/>
            <VFormat/>
            <ValueMin/>
            <ValueMax/>
            <ColumnName>C_Period_ID</ColumnName>
            <DefaultValue2/>
            <IsCentrallyMaintained>Y</IsCentrallyMaintained>
            <EntityType>D</EntityType>
            <AD_Element_ID reference="id">206</AD_Element_ID>
            <ReadOnlyLogic/>
            <DisplayLogic/>
            <AD_Process_Para_UU>fa18e5a0-bb85-4356-908f-51f585ed1c85</AD_Process_Para_UU>
            <IsEncrypted>N</IsEncrypted>
            <MandatoryLogic/>
            <Placeholder/>
            <Placeholder2/>
            <IsAutocomplete>N</IsAutocomplete>
            <AD_Process_Para_Trl type="translation">
                <Description>Período de Calendario</Description>
                <Help>El Período indica un rango de fechas exclusivo para un calendario</Help>
                <Name>Período</Name>
                <Placeholder/>
                <Placeholder2/>
                <AD_Language>es_CO</AD_Language>
                <IsActive>Y</IsActive>
                <IsTranslated>Y</IsTranslated>
            </AD_Process_Para_Trl>
            <AD_Process_Para_Trl type="translation">
                <Description>Período de Calendario</Description>
                <Help>El Período indica un rango de fechas exclusivo para un calendario</Help>
                <Name>Período</Name>
                <Placeholder/>
                <Placeholder2/>
                <AD_Language>es_VE</AD_Language>
                <IsActive>Y</IsActive>
                <IsTranslated>Y</IsTranslated>
            </AD_Process_Para_Trl>
        </AD_Process_Para>
    </AD_Process>
</idempiere>
