<?xml version="1.0" encoding="UTF-8"?><idempiere Name="AMERPSOFT CSS Styles" Version="11" idempiereVersion="" DataBaseVersion="" Description="" Author="" AuthorEmail="" CreatedDate="2024-09-18 08:17:27.08" UpdatedDate="2024-09-18 08:17:27.08" PackOutVersion="100" UpdateDictionary="false" Client="0-SYSTEM-System" AD_Client_UU="11237b53-9592-4af1-b3c5-afd216514b5d">
    <AD_Style type="table">
        <AD_Client_ID>0</AD_Client_ID>
        <AD_Org_ID>0</AD_Org_ID>
        <IsActive>Y</IsActive>
        <AD_Style_UU>b41b6974-c6fc-417f-9ae8-fcb0c7ff42f1</AD_Style_UU>
        <Name>DateDeposit</Name>
        <Description>Date for deposit</Description>
        <EntityType>AMERP</EntityType>
        <IsWrapWithSpan>N</IsWrapWithSpan>
    </AD_Style>
    <AD_Style type="table">
        <AD_Client_ID>0</AD_Client_ID>
        <AD_Org_ID>0</AD_Org_ID>
        <IsActive>Y</IsActive>
        <AD_Style_UU>594f19a1-9d81-49a0-b481-20abf20505aa</AD_Style_UU>
        <Name>DateAcct</Name>
        <Description>Date Account for Transaction</Description>
        <EntityType>AMERP</EntityType>
        <IsWrapWithSpan>N</IsWrapWithSpan>
    </AD_Style>
    <AD_Style type="table">
        <AD_Client_ID>0</AD_Client_ID>
        <AD_Org_ID>0</AD_Org_ID>
        <IsActive>Y</IsActive>
        <AD_Style_UU>de5a37ff-0f5f-4a38-9145-1ffc2a3d673e</AD_Style_UU>
        <Name>DateTrx</Name>
        <Description>Date Transaction Trx</Description>
        <EntityType>AMERP</EntityType>
        <IsWrapWithSpan>N</IsWrapWithSpan>
    </AD_Style>
    <AD_Style type="table">
        <AD_Client_ID>0</AD_Client_ID>
        <AD_Org_ID>0</AD_Org_ID>
        <IsActive>Y</IsActive>
        <AD_Style_UU>eff0b5df-3f60-4fed-a475-f1e867e6238d</AD_Style_UU>
        <Name>DateInvoiced</Name>
        <Description>Date for Invoice</Description>
        <EntityType>AMERP</EntityType>
        <IsWrapWithSpan>N</IsWrapWithSpan>
    </AD_Style>
    <AD_Style type="table">
        <AD_Client_ID>0</AD_Client_ID>
        <AD_Org_ID>0</AD_Org_ID>
        <IsActive>Y</IsActive>
        <AD_Style_UU>70048a30-cee7-4c72-ba20-57cf232b157c</AD_Style_UU>
        <Name>DocumentNo</Name>
        <Description>Document Number</Description>
        <EntityType>AMERP</EntityType>
        <IsWrapWithSpan>N</IsWrapWithSpan>
    </AD_Style>
    <AD_Style type="table">
        <AD_Client_ID>0</AD_Client_ID>
        <AD_Org_ID>0</AD_Org_ID>
        <IsActive>Y</IsActive>
        <AD_Style_UU>ea3d41da-46e3-4fd3-9903-f9e55d25ffa7</AD_Style_UU>
        <Name>Amount</Name>
        <Description>Amounts </Description>
        <EntityType>AMERP</EntityType>
        <IsWrapWithSpan>N</IsWrapWithSpan>
    </AD_Style>
    <AD_Style type="table">
        <AD_Client_ID>0</AD_Client_ID>
        <AD_Org_ID>0</AD_Org_ID>
        <IsActive>Y</IsActive>
        <AD_Style_UU>bcf21ae6-8d6f-4721-9b2a-4103e390b99d</AD_Style_UU>
        <Name>Button</Name>
        <Description>Button</Description>
        <EntityType>AMERP</EntityType>
        <IsWrapWithSpan>N</IsWrapWithSpan>
    </AD_Style>
    <AD_Style type="table">
        <AD_Client_ID>0</AD_Client_ID>
        <AD_Org_ID>0</AD_Org_ID>
        <IsActive>Y</IsActive>
        <AD_Style_UU>beb8aba4-038c-4f32-b5a1-3a5fccf81ecc</AD_Style_UU>
        <Name>BankAccount</Name>
        <Description>BankAccount</Description>
        <EntityType>AMERP</EntityType>
        <IsWrapWithSpan>N</IsWrapWithSpan>
    </AD_Style>
    <AD_Style type="table">
        <AD_Client_ID>0</AD_Client_ID>
        <AD_Org_ID>0</AD_Org_ID>
        <IsActive>Y</IsActive>
        <AD_Style_UU>e123156b-a007-4db2-8d70-7e61810752f6</AD_Style_UU>
        <Name>BusinessPartner</Name>
        <Description>BusinessPartner</Description>
        <EntityType>AMERP</EntityType>
        <IsWrapWithSpan>N</IsWrapWithSpan>
    </AD_Style>
    <AD_Style type="table">
        <AD_Client_ID>0</AD_Client_ID>
        <AD_Org_ID>0</AD_Org_ID>
        <IsActive>Y</IsActive>
        <AD_Style_UU>9d537bea-b4a9-4cce-b4e3-a17a9ca1a3ad</AD_Style_UU>
        <Name>Currency</Name>
        <Description>Currency</Description>
        <EntityType>U</EntityType>
        <IsWrapWithSpan>N</IsWrapWithSpan>
    </AD_Style>
    <AD_Style type="table">
        <AD_Client_ID>0</AD_Client_ID>
        <AD_Org_ID>0</AD_Org_ID>
        <IsActive>Y</IsActive>
        <AD_Style_UU>2e3a88db-07bd-4e8e-8e72-ac0e277599f9</AD_Style_UU>
        <Name>AmountDifference</Name>
        <Description>AmountDifference</Description>
        <EntityType>AMERP</EntityType>
        <IsWrapWithSpan>N</IsWrapWithSpan>
    </AD_Style>
    <AD_Style type="table">
        <AD_Client_ID>0</AD_Client_ID>
        <AD_Org_ID>0</AD_Org_ID>
        <IsActive>Y</IsActive>
        <AD_Style_UU>002eedfd-bd33-4dd1-8e8e-fc89753eaf4b</AD_Style_UU>
        <Name>Employee Image</Name>
        <Description>Employee Image</Description>
        <EntityType>AMERP</EntityType>
        <IsWrapWithSpan>N</IsWrapWithSpan>
    </AD_Style>
    <AD_Style type="table">
        <AD_Client_ID>0</AD_Client_ID>
        <AD_Org_ID>0</AD_Org_ID>
        <IsActive>Y</IsActive>
        <AD_Style_UU>951cf041-1f71-4b4a-8f5d-c8d1bb2986fc</AD_Style_UU>
        <Name>Value</Name>
        <Description>Value</Description>
        <EntityType>AMERP</EntityType>
        <IsWrapWithSpan>N</IsWrapWithSpan>
    </AD_Style>
    <AD_Style type="table">
        <AD_Client_ID>0</AD_Client_ID>
        <AD_Org_ID>0</AD_Org_ID>
        <IsActive>Y</IsActive>
        <AD_Style_UU>d78ccaa1-418a-49f2-a4a5-870077a85930</AD_Style_UU>
        <Name>Organization</Name>
        <Description>Organization</Description>
        <EntityType>AMERP</EntityType>
        <IsWrapWithSpan>N</IsWrapWithSpan>
    </AD_Style>
    <AD_Style type="table">
        <AD_Client_ID>0</AD_Client_ID>
        <AD_Org_ID>0</AD_Org_ID>
        <IsActive>Y</IsActive>
        <AD_Style_UU>34b2dfea-4ffb-46d6-8fe2-4d0728802189</AD_Style_UU>
        <Name>Name</Name>
        <Description>Name</Description>
        <EntityType>AMERP</EntityType>
        <IsWrapWithSpan>N</IsWrapWithSpan>
    </AD_Style>
    <AD_Style type="table">
        <AD_Client_ID>0</AD_Client_ID>
        <AD_Org_ID>0</AD_Org_ID>
        <IsActive>Y</IsActive>
        <AD_Style_UU>58b36654-82b0-4f64-807b-6decd8ae3bf2</AD_Style_UU>
        <Name>Names</Name>
        <Description>Names (FirstName1, FirstName2, LastName1, LastName2)</Description>
        <EntityType>AMERP</EntityType>
        <IsWrapWithSpan>N</IsWrapWithSpan>
    </AD_Style>
    <AD_Style type="table">
        <AD_Client_ID>0</AD_Client_ID>
        <AD_Org_ID>0</AD_Org_ID>
        <IsActive>Y</IsActive>
        <AD_Style_UU>2df024cf-cb3d-4598-97e3-f19121c370f1</AD_Style_UU>
        <Name>Salary</Name>
        <Description>Salary</Description>
        <EntityType>AMERP</EntityType>
        <IsWrapWithSpan>N</IsWrapWithSpan>
    </AD_Style>
    <AD_Style type="table">
        <AD_Client_ID>0</AD_Client_ID>
        <AD_Org_ID>0</AD_Org_ID>
        <IsActive>Y</IsActive>
        <AD_Style_UU>648ecaf8-1067-4823-9856-4531ac329b7b</AD_Style_UU>
        <Name>DocumentStatus</Name>
        <Description>Document Status</Description>
        <EntityType>AMERP</EntityType>
        <IsWrapWithSpan>N</IsWrapWithSpan>
    </AD_Style>
    <AD_Style type="table">
        <AD_Client_ID>0</AD_Client_ID>
        <AD_Org_ID>0</AD_Org_ID>
        <IsActive>Y</IsActive>
        <AD_Style_UU>c383337e-8b1a-43ae-829d-9472329a1104</AD_Style_UU>
        <Name>DateShipment</Name>
        <Description>Date for shipment</Description>
        <EntityType>AMERP</EntityType>
        <IsWrapWithSpan>N</IsWrapWithSpan>
    </AD_Style>
    <AD_Style type="table">
        <AD_Client_ID>0</AD_Client_ID>
        <AD_Org_ID>0</AD_Org_ID>
        <IsActive>Y</IsActive>
        <AD_Style_UU>9981055a-139d-44a6-89f2-e56bd0636649</AD_Style_UU>
        <Name>Bold16-B</Name>
        <Description>Bold16 Black</Description>
        <EntityType>AMERP</EntityType>
        <IsWrapWithSpan>N</IsWrapWithSpan>
    </AD_Style>
    <AD_StyleLine type="table">
        <AD_Client_ID>0</AD_Client_ID>
        <AD_Org_ID>0</AD_Org_ID>
        <IsActive>Y</IsActive>
        <AD_Style_ID reference="uuid" reference-key="AD_Style">002eedfd-bd33-4dd1-8e8e-fc89753eaf4b</AD_Style_ID>
        <AD_StyleLine_UU>0ec89617-4b73-4643-8da6-6abecffe17bd</AD_StyleLine_UU>
        <InlineStyle>width: 144px; height: 144px; position: absolute; left: 0;</InlineStyle>
        <DisplayLogic>@_Editor_IsGridView@=N</DisplayLogic>
        <Theme/>
        <Line>10</Line>
        <EntityType>U</EntityType>
    </AD_StyleLine>
    <AD_StyleLine type="table">
        <AD_Client_ID>0</AD_Client_ID>
        <AD_Org_ID>0</AD_Org_ID>
        <IsActive>Y</IsActive>
        <AD_Style_ID reference="uuid" reference-key="AD_Style">de5a37ff-0f5f-4a38-9145-1ffc2a3d673e</AD_Style_ID>
        <AD_StyleLine_UU>b86944df-c8d4-478b-b2fc-f62d6d8caac7</AD_StyleLine_UU>
        <InlineStyle>font-size: 16px;  font-weight: bold!important;</InlineStyle>
        <DisplayLogic/>
        <Theme/>
        <Line>20</Line>
        <EntityType>AMERP</EntityType>
    </AD_StyleLine>
    <AD_StyleLine type="table">
        <AD_Client_ID>0</AD_Client_ID>
        <AD_Org_ID>0</AD_Org_ID>
        <IsActive>Y</IsActive>
        <AD_Style_ID reference="uuid" reference-key="AD_Style">de5a37ff-0f5f-4a38-9145-1ffc2a3d673e</AD_Style_ID>
        <AD_StyleLine_UU>6ecd6fb5-28b5-481b-ad51-c624d2b2dd2d</AD_StyleLine_UU>
        <InlineStyle>background-color: transparent!important; color: black!important;</InlineStyle>
        <DisplayLogic/>
        <Theme/>
        <Line>10</Line>
        <EntityType>AMERP</EntityType>
    </AD_StyleLine>
    <AD_StyleLine type="table">
        <AD_Client_ID>0</AD_Client_ID>
        <AD_Org_ID>0</AD_Org_ID>
        <IsActive>Y</IsActive>
        <AD_Style_ID reference="uuid" reference-key="AD_Style">594f19a1-9d81-49a0-b481-20abf20505aa</AD_Style_ID>
        <AD_StyleLine_UU>dbb03a4d-c10b-4013-9a2e-ac8b0356025c</AD_StyleLine_UU>
        <InlineStyle>background-color: transparent!important; color: black!important;</InlineStyle>
        <DisplayLogic/>
        <Theme/>
        <Line>10</Line>
        <EntityType>U</EntityType>
    </AD_StyleLine>
    <AD_StyleLine type="table">
        <AD_Client_ID>0</AD_Client_ID>
        <AD_Org_ID>0</AD_Org_ID>
        <IsActive>Y</IsActive>
        <AD_Style_ID reference="uuid" reference-key="AD_Style">594f19a1-9d81-49a0-b481-20abf20505aa</AD_Style_ID>
        <AD_StyleLine_UU>a6357eb5-f1ed-4edc-b13c-e7de44ec084a</AD_StyleLine_UU>
        <InlineStyle>font-size: 16px;  font-weight: bold!important;</InlineStyle>
        <DisplayLogic/>
        <Theme/>
        <Line>20</Line>
        <EntityType>U</EntityType>
    </AD_StyleLine>
    <AD_StyleLine type="table">
        <AD_Client_ID>0</AD_Client_ID>
        <AD_Org_ID>0</AD_Org_ID>
        <IsActive>Y</IsActive>
        <AD_Style_ID reference="uuid" reference-key="AD_Style">b41b6974-c6fc-417f-9ae8-fcb0c7ff42f1</AD_Style_ID>
        <AD_StyleLine_UU>c8b78a37-8cba-4fdc-957d-eab81310613f</AD_StyleLine_UU>
        <InlineStyle>font-size: 16px;  font-weight: bold!important;</InlineStyle>
        <DisplayLogic/>
        <Theme/>
        <Line>20</Line>
        <EntityType>AMERP</EntityType>
    </AD_StyleLine>
    <AD_StyleLine type="table">
        <AD_Client_ID>0</AD_Client_ID>
        <AD_Org_ID>0</AD_Org_ID>
        <IsActive>Y</IsActive>
        <AD_Style_ID reference="uuid" reference-key="AD_Style">b41b6974-c6fc-417f-9ae8-fcb0c7ff42f1</AD_Style_ID>
        <AD_StyleLine_UU>d45549c5-da92-4ac2-8997-cc5a6bdc04e0</AD_StyleLine_UU>
        <InlineStyle>background-color: transparent!important; color: black!important;</InlineStyle>
        <DisplayLogic/>
        <Theme/>
        <Line>10</Line>
        <EntityType>AMERP</EntityType>
    </AD_StyleLine>
    <AD_StyleLine type="table">
        <AD_Client_ID>0</AD_Client_ID>
        <AD_Org_ID>0</AD_Org_ID>
        <IsActive>Y</IsActive>
        <AD_Style_ID reference="uuid" reference-key="AD_Style">eff0b5df-3f60-4fed-a475-f1e867e6238d</AD_Style_ID>
        <AD_StyleLine_UU>76c0f384-e0af-44b9-a0dd-451463b2bd47</AD_StyleLine_UU>
        <InlineStyle>background-color: transparent!important; color: black!important;</InlineStyle>
        <DisplayLogic/>
        <Theme/>
        <Line>10</Line>
        <EntityType>U</EntityType>
    </AD_StyleLine>
    <AD_StyleLine type="table">
        <AD_Client_ID>0</AD_Client_ID>
        <AD_Org_ID>0</AD_Org_ID>
        <IsActive>Y</IsActive>
        <AD_Style_ID reference="uuid" reference-key="AD_Style">eff0b5df-3f60-4fed-a475-f1e867e6238d</AD_Style_ID>
        <AD_StyleLine_UU>0b4bc0b5-1cb8-4011-897e-1f8000f9efb4</AD_StyleLine_UU>
        <InlineStyle>font-size: 16px;  font-weight: bold!important;</InlineStyle>
        <DisplayLogic/>
        <Theme/>
        <Line>20</Line>
        <EntityType>U</EntityType>
    </AD_StyleLine>
    <AD_StyleLine type="table">
        <AD_Client_ID>0</AD_Client_ID>
        <AD_Org_ID>0</AD_Org_ID>
        <IsActive>Y</IsActive>
        <AD_Style_ID reference="uuid" reference-key="AD_Style">c383337e-8b1a-43ae-829d-9472329a1104</AD_Style_ID>
        <AD_StyleLine_UU>7909e60f-53e3-4e80-828e-28b1d2b2f4b7</AD_StyleLine_UU>
        <InlineStyle>font-size: 16px;  font-weight: bold!important;</InlineStyle>
        <DisplayLogic/>
        <Theme/>
        <Line>20</Line>
        <EntityType>AMERP</EntityType>
    </AD_StyleLine>
    <AD_StyleLine type="table">
        <AD_Client_ID>0</AD_Client_ID>
        <AD_Org_ID>0</AD_Org_ID>
        <IsActive>Y</IsActive>
        <AD_Style_ID reference="uuid" reference-key="AD_Style">c383337e-8b1a-43ae-829d-9472329a1104</AD_Style_ID>
        <AD_StyleLine_UU>e1760156-4f39-415c-97eb-5ccf301c6389</AD_StyleLine_UU>
        <InlineStyle>background-color: transparent!important; color: black!important;</InlineStyle>
        <DisplayLogic/>
        <Theme/>
        <Line>10</Line>
        <EntityType>AMERP</EntityType>
    </AD_StyleLine>
    <AD_StyleLine type="table">
        <AD_Client_ID>0</AD_Client_ID>
        <AD_Org_ID>0</AD_Org_ID>
        <IsActive>Y</IsActive>
        <AD_Style_ID reference="uuid" reference-key="AD_Style">70048a30-cee7-4c72-ba20-57cf232b157c</AD_Style_ID>
        <AD_StyleLine_UU>165c6e3b-4e10-4abd-b242-0ac5e691df76</AD_StyleLine_UU>
        <InlineStyle>font-size: 16px;  font-weight: bold!important;</InlineStyle>
        <DisplayLogic/>
        <Theme/>
        <Line>20</Line>
        <EntityType>U</EntityType>
    </AD_StyleLine>
    <AD_StyleLine type="table">
        <AD_Client_ID>0</AD_Client_ID>
        <AD_Org_ID>0</AD_Org_ID>
        <IsActive>Y</IsActive>
        <AD_Style_ID reference="uuid" reference-key="AD_Style">ea3d41da-46e3-4fd3-9903-f9e55d25ffa7</AD_Style_ID>
        <AD_StyleLine_UU>d2af4278-9559-4ecf-bbbc-32e1484538a6</AD_StyleLine_UU>
        <InlineStyle>background-color: transparent!important; color: black!important;</InlineStyle>
        <DisplayLogic/>
        <Theme/>
        <Line>10</Line>
        <EntityType>U</EntityType>
    </AD_StyleLine>
    <AD_StyleLine type="table">
        <AD_Client_ID>0</AD_Client_ID>
        <AD_Org_ID>0</AD_Org_ID>
        <IsActive>Y</IsActive>
        <AD_Style_ID reference="uuid" reference-key="AD_Style">ea3d41da-46e3-4fd3-9903-f9e55d25ffa7</AD_Style_ID>
        <AD_StyleLine_UU>338b0298-1925-4d9a-a2d1-9e0df6bb16d3</AD_StyleLine_UU>
        <InlineStyle>font-size: 16px;  font-weight: bold!important;</InlineStyle>
        <DisplayLogic/>
        <Theme/>
        <Line>20</Line>
        <EntityType>U</EntityType>
    </AD_StyleLine>
    <AD_StyleLine type="table">
        <AD_Client_ID>0</AD_Client_ID>
        <AD_Org_ID>0</AD_Org_ID>
        <IsActive>Y</IsActive>
        <AD_Style_ID reference="uuid" reference-key="AD_Style">bcf21ae6-8d6f-4721-9b2a-4103e390b99d</AD_Style_ID>
        <AD_StyleLine_UU>48c0b1e5-f312-49a1-a2fd-7b79872d3739</AD_StyleLine_UU>
        <InlineStyle>font-size: 16px;  font-weight: bold!important;</InlineStyle>
        <DisplayLogic/>
        <Theme/>
        <Line>20</Line>
        <EntityType>U</EntityType>
    </AD_StyleLine>
    <AD_StyleLine type="table">
        <AD_Client_ID>0</AD_Client_ID>
        <AD_Org_ID>0</AD_Org_ID>
        <IsActive>Y</IsActive>
        <AD_Style_ID reference="uuid" reference-key="AD_Style">bcf21ae6-8d6f-4721-9b2a-4103e390b99d</AD_Style_ID>
        <AD_StyleLine_UU>6d4f3dcc-7983-46cc-86a4-608cda5669c0</AD_StyleLine_UU>
        <InlineStyle>background-color: transparent!important; color: black!important; text-align: left;</InlineStyle>
        <DisplayLogic/>
        <Theme/>
        <Line>10</Line>
        <EntityType>U</EntityType>
    </AD_StyleLine>
    <AD_StyleLine type="table">
        <AD_Client_ID>0</AD_Client_ID>
        <AD_Org_ID>0</AD_Org_ID>
        <IsActive>Y</IsActive>
        <AD_Style_ID reference="uuid" reference-key="AD_Style">beb8aba4-038c-4f32-b5a1-3a5fccf81ecc</AD_Style_ID>
        <AD_StyleLine_UU>2ffbf75e-dc85-4567-9ead-e8023aafef8e</AD_StyleLine_UU>
        <InlineStyle>background-color: transparent!important; color: black!important; text-align: left;</InlineStyle>
        <DisplayLogic/>
        <Theme/>
        <Line>10</Line>
        <EntityType>U</EntityType>
    </AD_StyleLine>
    <AD_StyleLine type="table">
        <AD_Client_ID>0</AD_Client_ID>
        <AD_Org_ID>0</AD_Org_ID>
        <IsActive>Y</IsActive>
        <AD_Style_ID reference="uuid" reference-key="AD_Style">beb8aba4-038c-4f32-b5a1-3a5fccf81ecc</AD_Style_ID>
        <AD_StyleLine_UU>0de0129c-c25b-495a-b424-bf49e0898330</AD_StyleLine_UU>
        <InlineStyle>font-size: 16px;  font-weight: bold!important;</InlineStyle>
        <DisplayLogic/>
        <Theme/>
        <Line>20</Line>
        <EntityType>U</EntityType>
    </AD_StyleLine>
    <AD_StyleLine type="table">
        <AD_Client_ID>0</AD_Client_ID>
        <AD_Org_ID>0</AD_Org_ID>
        <IsActive>Y</IsActive>
        <AD_Style_ID reference="uuid" reference-key="AD_Style">e123156b-a007-4db2-8d70-7e61810752f6</AD_Style_ID>
        <AD_StyleLine_UU>075155f0-7f41-4e04-8486-130139299a2a</AD_StyleLine_UU>
        <InlineStyle>font-size: 16px;  font-weight: bold!important;</InlineStyle>
        <DisplayLogic/>
        <Theme/>
        <Line>20</Line>
        <EntityType>U</EntityType>
    </AD_StyleLine>
    <AD_StyleLine type="table">
        <AD_Client_ID>0</AD_Client_ID>
        <AD_Org_ID>0</AD_Org_ID>
        <IsActive>Y</IsActive>
        <AD_Style_ID reference="uuid" reference-key="AD_Style">9d537bea-b4a9-4cce-b4e3-a17a9ca1a3ad</AD_Style_ID>
        <AD_StyleLine_UU>eaf21a4b-4e0b-493a-ae9f-743c3beec4dc</AD_StyleLine_UU>
        <InlineStyle>background-color: transparent!important; color: black!important;</InlineStyle>
        <DisplayLogic/>
        <Theme/>
        <Line>10</Line>
        <EntityType>U</EntityType>
    </AD_StyleLine>
    <AD_StyleLine type="table">
        <AD_Client_ID>0</AD_Client_ID>
        <AD_Org_ID>0</AD_Org_ID>
        <IsActive>Y</IsActive>
        <AD_Style_ID reference="uuid" reference-key="AD_Style">9d537bea-b4a9-4cce-b4e3-a17a9ca1a3ad</AD_Style_ID>
        <AD_StyleLine_UU>71049e5f-be9c-44a8-b7f2-2001618aaada</AD_StyleLine_UU>
        <InlineStyle>font-size: 16px;  font-weight: bold!important;</InlineStyle>
        <DisplayLogic/>
        <Theme/>
        <Line>20</Line>
        <EntityType>U</EntityType>
    </AD_StyleLine>
    <AD_StyleLine type="table">
        <AD_Client_ID>0</AD_Client_ID>
        <AD_Org_ID>0</AD_Org_ID>
        <IsActive>Y</IsActive>
        <AD_Style_ID reference="uuid" reference-key="AD_Style">2e3a88db-07bd-4e8e-8e72-ac0e277599f9</AD_Style_ID>
        <AD_StyleLine_UU>160dbafa-c95b-406a-851e-7963c6815ed8</AD_StyleLine_UU>
        <InlineStyle>background-color: transparent!important; color: red!important;</InlineStyle>
        <DisplayLogic/>
        <Theme/>
        <Line>10</Line>
        <EntityType>U</EntityType>
    </AD_StyleLine>
    <AD_StyleLine type="table">
        <AD_Client_ID>0</AD_Client_ID>
        <AD_Org_ID>0</AD_Org_ID>
        <IsActive>Y</IsActive>
        <AD_Style_ID reference="uuid" reference-key="AD_Style">2e3a88db-07bd-4e8e-8e72-ac0e277599f9</AD_Style_ID>
        <AD_StyleLine_UU>210a18c9-7178-40dd-a70e-12c34cd7c53d</AD_StyleLine_UU>
        <InlineStyle>font-size: 16px;  font-weight: bold!important;</InlineStyle>
        <DisplayLogic/>
        <Theme/>
        <Line>20</Line>
        <EntityType>U</EntityType>
    </AD_StyleLine>
    <AD_StyleLine type="table">
        <AD_Client_ID>0</AD_Client_ID>
        <AD_Org_ID>0</AD_Org_ID>
        <IsActive>Y</IsActive>
        <AD_Style_ID reference="uuid" reference-key="AD_Style">648ecaf8-1067-4823-9856-4531ac329b7b</AD_Style_ID>
        <AD_StyleLine_UU>330b9ce2-5e61-4263-88cc-db0b658b2107</AD_StyleLine_UU>
        <InlineStyle>AmFormPaymentSelectionReceiptFormat</InlineStyle>
        <DisplayLogic/>
        <Theme/>
        <Line>10</Line>
        <EntityType>U</EntityType>
    </AD_StyleLine>
    <AD_StyleLine type="table">
        <AD_Client_ID>0</AD_Client_ID>
        <AD_Org_ID>0</AD_Org_ID>
        <IsActive>Y</IsActive>
        <AD_Style_ID reference="uuid" reference-key="AD_Style">648ecaf8-1067-4823-9856-4531ac329b7b</AD_Style_ID>
        <AD_StyleLine_UU>12ad0673-7a3a-46d5-a7dd-3c1ee5aea087</AD_StyleLine_UU>
        <InlineStyle>font-size: 16px;  font-weight: bold!important;</InlineStyle>
        <DisplayLogic/>
        <Theme/>
        <Line>20</Line>
        <EntityType>U</EntityType>
    </AD_StyleLine>
    <AD_StyleLine type="table">
        <AD_Client_ID>0</AD_Client_ID>
        <AD_Org_ID>0</AD_Org_ID>
        <IsActive>Y</IsActive>
        <AD_Style_ID reference="uuid" reference-key="AD_Style">2df024cf-cb3d-4598-97e3-f19121c370f1</AD_Style_ID>
        <AD_StyleLine_UU>802ab711-4b5a-42ae-9d0e-48859ed07c86</AD_StyleLine_UU>
        <InlineStyle>background-color: transparent!important; color: black!important;</InlineStyle>
        <DisplayLogic/>
        <Theme/>
        <Line>10</Line>
        <EntityType>AMERP</EntityType>
    </AD_StyleLine>
    <AD_StyleLine type="table">
        <AD_Client_ID>0</AD_Client_ID>
        <AD_Org_ID>0</AD_Org_ID>
        <IsActive>Y</IsActive>
        <AD_Style_ID reference="uuid" reference-key="AD_Style">951cf041-1f71-4b4a-8f5d-c8d1bb2986fc</AD_Style_ID>
        <AD_StyleLine_UU>d20d88a2-588d-49fc-88b7-02d80ce6fc2a</AD_StyleLine_UU>
        <InlineStyle>font-size: 16px;  font-weight: bold!important;</InlineStyle>
        <DisplayLogic/>
        <Theme/>
        <Line>20</Line>
        <EntityType>U</EntityType>
    </AD_StyleLine>
    <AD_StyleLine type="table">
        <AD_Client_ID>0</AD_Client_ID>
        <AD_Org_ID>0</AD_Org_ID>
        <IsActive>Y</IsActive>
        <AD_Style_ID reference="uuid" reference-key="AD_Style">70048a30-cee7-4c72-ba20-57cf232b157c</AD_Style_ID>
        <AD_StyleLine_UU>da5a3b3c-cbb2-4119-bef1-03432c928118</AD_StyleLine_UU>
        <InlineStyle>background-color: transparent!important; color: blue!important;</InlineStyle>
        <DisplayLogic/>
        <Theme/>
        <Line>10</Line>
        <EntityType>AMERP</EntityType>
    </AD_StyleLine>
    <AD_StyleLine type="table">
        <AD_Client_ID>0</AD_Client_ID>
        <AD_Org_ID>0</AD_Org_ID>
        <IsActive>Y</IsActive>
        <AD_Style_ID reference="uuid" reference-key="AD_Style">d78ccaa1-418a-49f2-a4a5-870077a85930</AD_Style_ID>
        <AD_StyleLine_UU>8c24a6ac-de5b-4f10-addb-f1e185f55319</AD_StyleLine_UU>
        <InlineStyle>font-size: 16px; font-weight: bold!important;</InlineStyle>
        <DisplayLogic/>
        <Theme/>
        <Line>20</Line>
        <EntityType>U</EntityType>
    </AD_StyleLine>
    <AD_StyleLine type="table">
        <AD_Client_ID>0</AD_Client_ID>
        <AD_Org_ID>0</AD_Org_ID>
        <IsActive>Y</IsActive>
        <AD_Style_ID reference="uuid" reference-key="AD_Style">951cf041-1f71-4b4a-8f5d-c8d1bb2986fc</AD_Style_ID>
        <AD_StyleLine_UU>1ecf8605-19cf-44ed-9a6c-b671d497aa78</AD_StyleLine_UU>
        <InlineStyle>background-color: transparent!important; color: navy!important;</InlineStyle>
        <DisplayLogic/>
        <Theme/>
        <Line>10</Line>
        <EntityType>U</EntityType>
    </AD_StyleLine>
    <AD_StyleLine type="table">
        <AD_Client_ID>0</AD_Client_ID>
        <AD_Org_ID>0</AD_Org_ID>
        <IsActive>Y</IsActive>
        <AD_Style_ID reference="uuid" reference-key="AD_Style">34b2dfea-4ffb-46d6-8fe2-4d0728802189</AD_Style_ID>
        <AD_StyleLine_UU>c782f190-3f48-4787-bd9d-9b5eef6387fc</AD_StyleLine_UU>
        <InlineStyle>font-size: 16px;  font-weight: bold!important;</InlineStyle>
        <DisplayLogic/>
        <Theme/>
        <Line>20</Line>
        <EntityType>U</EntityType>
    </AD_StyleLine>
    <AD_StyleLine type="table">
        <AD_Client_ID>0</AD_Client_ID>
        <AD_Org_ID>0</AD_Org_ID>
        <IsActive>Y</IsActive>
        <AD_Style_ID reference="uuid" reference-key="AD_Style">34b2dfea-4ffb-46d6-8fe2-4d0728802189</AD_Style_ID>
        <AD_StyleLine_UU>b37b3430-8a15-4e43-89ad-9f5d80de2762</AD_StyleLine_UU>
        <InlineStyle>background-color: transparent!important; color: navy!important;</InlineStyle>
        <DisplayLogic/>
        <Theme/>
        <Line>10</Line>
        <EntityType>AMERP</EntityType>
    </AD_StyleLine>
    <AD_StyleLine type="table">
        <AD_Client_ID>0</AD_Client_ID>
        <AD_Org_ID>0</AD_Org_ID>
        <IsActive>Y</IsActive>
        <AD_Style_ID reference="uuid" reference-key="AD_Style">e123156b-a007-4db2-8d70-7e61810752f6</AD_Style_ID>
        <AD_StyleLine_UU>3f5a71ce-983e-4b31-b65d-5b82aa6a5583</AD_StyleLine_UU>
        <InlineStyle>background-color: transparent!important; color: green!important; text-align: left;</InlineStyle>
        <DisplayLogic/>
        <Theme/>
        <Line>10</Line>
        <EntityType>U</EntityType>
    </AD_StyleLine>
    <AD_StyleLine type="table">
        <AD_Client_ID>0</AD_Client_ID>
        <AD_Org_ID>0</AD_Org_ID>
        <IsActive>Y</IsActive>
        <AD_Style_ID reference="uuid" reference-key="AD_Style">d78ccaa1-418a-49f2-a4a5-870077a85930</AD_Style_ID>
        <AD_StyleLine_UU>74fce84b-d72f-4f5d-8210-67c205238feb</AD_StyleLine_UU>
        <InlineStyle>background-color: transparent!important; color: green!important; text-align: left;</InlineStyle>
        <DisplayLogic/>
        <Theme/>
        <Line>10</Line>
        <EntityType>AMERP</EntityType>
    </AD_StyleLine>
    <AD_StyleLine type="table">
        <AD_Client_ID>0</AD_Client_ID>
        <AD_Org_ID>0</AD_Org_ID>
        <IsActive>Y</IsActive>
        <AD_Style_ID reference="uuid" reference-key="AD_Style">58b36654-82b0-4f64-807b-6decd8ae3bf2</AD_Style_ID>
        <AD_StyleLine_UU>df375000-53f9-4179-af48-9a86c933523e</AD_StyleLine_UU>
        <InlineStyle>background-color: transparent!important; color: navy!important;</InlineStyle>
        <DisplayLogic/>
        <Theme/>
        <Line>20</Line>
        <EntityType>U</EntityType>
    </AD_StyleLine>
    <AD_StyleLine type="table">
        <AD_Client_ID>0</AD_Client_ID>
        <AD_Org_ID>0</AD_Org_ID>
        <IsActive>Y</IsActive>
        <AD_Style_ID reference="uuid" reference-key="AD_Style">58b36654-82b0-4f64-807b-6decd8ae3bf2</AD_Style_ID>
        <AD_StyleLine_UU>4edd61ea-9a07-42df-abc4-9b910bc09536</AD_StyleLine_UU>
        <InlineStyle>font-size: 16px;  font-weight: normal!important;</InlineStyle>
        <DisplayLogic/>
        <Theme/>
        <Line>10</Line>
        <EntityType>U</EntityType>
    </AD_StyleLine>
    <AD_StyleLine type="table">
        <AD_Client_ID>0</AD_Client_ID>
        <AD_Org_ID>0</AD_Org_ID>
        <IsActive>Y</IsActive>
        <AD_Style_ID reference="uuid" reference-key="AD_Style">2df024cf-cb3d-4598-97e3-f19121c370f1</AD_Style_ID>
        <AD_StyleLine_UU>d9503d10-78b9-4129-9dff-08f1cb1682ed</AD_StyleLine_UU>
        <InlineStyle>font-size: 16px;  font-weight: bold!important;</InlineStyle>
        <DisplayLogic/>
        <Theme/>
        <Line>20</Line>
        <EntityType>U</EntityType>
    </AD_StyleLine>
    <AD_StyleLine type="table">
        <AD_Client_ID>0</AD_Client_ID>
        <AD_Org_ID>0</AD_Org_ID>
        <IsActive>Y</IsActive>
        <AD_Style_ID reference="uuid" reference-key="AD_Style">9981055a-139d-44a6-89f2-e56bd0636649</AD_Style_ID>
        <AD_StyleLine_UU>2654876f-58e4-4098-8515-d6e07ce00d8f</AD_StyleLine_UU>
        <InlineStyle>background-color: transparent!important; color: black!important;</InlineStyle>
        <DisplayLogic/>
        <Theme/>
        <Line>10</Line>
        <EntityType>U</EntityType>
    </AD_StyleLine>
    <AD_StyleLine type="table">
        <AD_Client_ID>0</AD_Client_ID>
        <AD_Org_ID>0</AD_Org_ID>
        <IsActive>Y</IsActive>
        <AD_Style_ID reference="uuid" reference-key="AD_Style">9981055a-139d-44a6-89f2-e56bd0636649</AD_Style_ID>
        <AD_StyleLine_UU>0ab43f71-c2ff-4248-b82e-1c39caf61078</AD_StyleLine_UU>
        <InlineStyle>font-size: 16px;  font-weight: bold!important;</InlineStyle>
        <DisplayLogic/>
        <Theme/>
        <Line>20</Line>
        <EntityType>U</EntityType>
    </AD_StyleLine>
    <AD_Package_Exp type="table">
        <AD_Client_ID>0</AD_Client_ID>
        <AD_Org_ID>0</AD_Org_ID>
        <AD_Package_Type>X</AD_Package_Type>
        <EMail/>
        <Instructions/>
        <Name>AMERPSOFT CSS Styles</Name>
        <Processed>N</Processed>
        <ReleaseNo/>
        <Version/>
        <UserName/>
        <Processing>N</Processing>
        <PK_Version>11</PK_Version>
        <IsActive>Y</IsActive>
        <File_Directory/>
        <Description/>
        <AD_Package_Exp_UU>91b8a413-7a07-45b6-9781-7767664d267a</AD_Package_Exp_UU>
        <DateFrom/>
        <IsExportDictionaryEntity>N</IsExportDictionaryEntity>
        <AD_Package_Exp_Detail type="table">
            <AD_Client_ID>0</AD_Client_ID>
            <AD_Org_ID>0</AD_Org_ID>
            <AD_Form_ID reference="id"/>
            <AD_ImpFormat_ID reference="id"/>
            <AD_Menu_ID reference="id"/>
            <AD_Process_ID reference="id"/>
            <AD_Role_ID reference="id"/>
            <AD_Window_ID reference="id"/>
            <AD_Workflow_ID reference="id"/>
            <IsActive>Y</IsActive>
            <File_Directory/>
            <FileName/>
            <Destination_FileName/>
            <Destination_Directory/>
            <Description/>
            <DBType>ALL</DBType>
            <Type>D</Type>
            <Target_Directory/>
            <SQLStatement>SELECT * FROM AD_Package_Exp WHERE AD_Package_Exp_UU='91b8a413-7a07-45b6-9781-7767664d267a';AD_Package_Exp_Detail</SQLStatement>
            <ReleaseNo/>
            <Processing>N</Processing>
            <Processed>N</Processed>
            <Name2/>
            <Line>1000</Line>
            <AD_Table_ID reference="id">50005</AD_Table_ID>
            <AD_ReportView_ID reference="id"/>
            <AD_Package_Exp_ID reference="uuid" reference-key="AD_Package_Exp">91b8a413-7a07-45b6-9781-7767664d267a</AD_Package_Exp_ID>
            <AD_Package_Code_New/>
            <AD_Package_Code_Old/>
            <AD_Val_Rule_ID reference="id"/>
            <AD_Message_ID reference="id"/>
            <AD_PrintFormat_ID reference="id"/>
            <AD_Reference_ID reference="id"/>
            <AD_ModelValidator_ID reference="id"/>
            <AD_EntityType_ID reference="id"/>
            <AD_Package_Exp_Detail_UU>3cbc9794-3ac5-4132-b449-5e9f0b58c4d0</AD_Package_Exp_Detail_UU>
            <AD_InfoWindow_ID reference="id"/>
            <ExecCode/>
        </AD_Package_Exp_Detail>
        <AD_Package_Exp_Detail type="table">
            <AD_Client_ID>0</AD_Client_ID>
            <AD_Org_ID>0</AD_Org_ID>
            <AD_Form_ID reference="id"/>
            <AD_ImpFormat_ID reference="id"/>
            <AD_Menu_ID reference="id"/>
            <AD_Process_ID reference="id"/>
            <AD_Role_ID reference="id"/>
            <AD_Window_ID reference="id"/>
            <AD_Workflow_ID reference="id"/>
            <IsActive>Y</IsActive>
            <File_Directory/>
            <FileName/>
            <Destination_FileName/>
            <Destination_Directory/>
            <Description/>
            <DBType>ALL</DBType>
            <Type>D</Type>
            <Target_Directory/>
            <SQLStatement>SELECT * FROM ad_styleline  WHERE AD_Style_id IN (200000, 1000003, 1000002, 1000001, 1000004, 1000005, 1000006, 1000007, 1000008, 1000009, 1000010, 1000011, 1000012, 1000013, 1000000, 1000014, 1000015, 1000016, 1000017, 1000018, 1000019)
</SQLStatement>
            <ReleaseNo/>
            <Processing>N</Processing>
            <Processed>N</Processed>
            <Name2/>
            <Line>20</Line>
            <AD_Table_ID reference="id">200208</AD_Table_ID>
            <AD_ReportView_ID reference="id"/>
            <AD_Package_Exp_ID reference="uuid" reference-key="AD_Package_Exp">91b8a413-7a07-45b6-9781-7767664d267a</AD_Package_Exp_ID>
            <AD_Package_Code_New/>
            <AD_Package_Code_Old/>
            <AD_Val_Rule_ID reference="id"/>
            <AD_Message_ID reference="id"/>
            <AD_PrintFormat_ID reference="id"/>
            <AD_Reference_ID reference="id"/>
            <AD_ModelValidator_ID reference="id"/>
            <AD_EntityType_ID reference="id"/>
            <AD_Package_Exp_Detail_UU>a58c3956-4322-43a2-8566-af89014308b8</AD_Package_Exp_Detail_UU>
            <AD_InfoWindow_ID reference="id"/>
            <ExecCode/>
        </AD_Package_Exp_Detail>
        <AD_Package_Exp_Detail type="table">
            <AD_Client_ID>0</AD_Client_ID>
            <AD_Org_ID>0</AD_Org_ID>
            <AD_Form_ID reference="id"/>
            <AD_ImpFormat_ID reference="id"/>
            <AD_Menu_ID reference="id"/>
            <AD_Process_ID reference="id"/>
            <AD_Role_ID reference="id"/>
            <AD_Window_ID reference="id"/>
            <AD_Workflow_ID reference="id"/>
            <IsActive>Y</IsActive>
            <File_Directory/>
            <FileName/>
            <Destination_FileName/>
            <Destination_Directory/>
            <Description/>
            <DBType>ALL</DBType>
            <Type>D</Type>
            <Target_Directory/>
            <SQLStatement>SELECT * FROM ad_style  WHERE AD_Style_id IN (200000, 1000003, 1000002, 1000001, 1000004, 1000005, 1000006, 1000007, 1000008, 1000009, 1000010, 1000011, 1000012, 1000013, 1000000, 1000014, 1000015, 1000016, 1000017, 1000018, 1000019)
</SQLStatement>
            <ReleaseNo/>
            <Processing>N</Processing>
            <Processed>N</Processed>
            <Name2/>
            <Line>10</Line>
            <AD_Table_ID reference="id">200207</AD_Table_ID>
            <AD_ReportView_ID reference="id"/>
            <AD_Package_Exp_ID reference="uuid" reference-key="AD_Package_Exp">91b8a413-7a07-45b6-9781-7767664d267a</AD_Package_Exp_ID>
            <AD_Package_Code_New/>
            <AD_Package_Code_Old/>
            <AD_Val_Rule_ID reference="id"/>
            <AD_Message_ID reference="id"/>
            <AD_PrintFormat_ID reference="id"/>
            <AD_Reference_ID reference="id"/>
            <AD_ModelValidator_ID reference="id"/>
            <AD_EntityType_ID reference="id"/>
            <AD_Package_Exp_Detail_UU>9f196254-f833-4d08-ad81-73e7e903e998</AD_Package_Exp_Detail_UU>
            <AD_InfoWindow_ID reference="id"/>
            <ExecCode/>
        </AD_Package_Exp_Detail>
    </AD_Package_Exp>
</idempiere>
