Value,Name,Description,year,month,StartDate,EndDate,C_Currency_ID,ipc,IsActive,salary_mo,Salary_Day,active_int_rate,active_int_rate2,inflation,TaxUnit,salary_day_20,salary_mo_20,salary_day_ru,salary_mo_ru
1975-01,ene-75,enero-1975,1975,1,1975-01-01,1975-01-31,205,"0,00",Y,"0,00","0,00","0,00","5,50","0,00",,"0,00","0,00",,
1975-02,feb-75,febrero-1975,1975,2,1975-02-01,1975-02-28,205,"0,00",Y,"0,00","0,00","0,00","5,50","0,00",,"0,00","0,00",,
1975-03,mar-75,marzo-1975,1975,3,1975-03-01,1975-03-31,205,"0,00",Y,"0,00","0,00","0,00","5,50","0,00",,"0,00","0,00",,
1975-04,abr-75,abril-1975,1975,4,1975-04-01,1975-04-30,205,"0,00",Y,"0,00","0,00","0,00","5,50","0,00",,"0,00","0,00",,
1975-05,may-75,mayo-1975,1975,5,1975-05-01,1975-05-31,205,"0,00",Y,"0,00","0,00","0,00","5,50","0,00",,"0,00","0,00",,
1975-06,jun-75,junio-1975,1975,6,1975-06-01,1975-06-30,205,"0,00",Y,"0,00","0,00","0,00","5,50","0,00",,"0,00","0,00",,
1975-07,jul-75,julio-1975,1975,7,1975-07-01,1975-07-31,205,"0,00",Y,"0,00","0,00","0,00","5,50","0,00",,"0,00","0,00",,
1975-08,ago-75,agosto-1975,1975,8,1975-08-01,1975-08-31,205,"0,00",Y,"0,00","0,00","0,00","5,50","0,00",,"0,00","0,00",,
1975-09,sep-75,septiembre-1975,1975,9,1975-09-01,1975-09-30,205,"0,00",Y,"0,00","0,00","0,00","5,50","0,00",,"0,00","0,00",,
1975-10,oct-75,octubre-1975,1975,10,1975-10-01,1975-10-31,205,"0,00",Y,"0,00","0,00","0,00","5,50","0,00",,"0,00","0,00",,
1975-11,nov-75,noviembre-1975,1975,11,1975-11-01,1975-11-30,205,"0,00",Y,"0,00","0,00","0,00","5,50","0,00",,"0,00","0,00",,
1975-12,dic-75,diciembre-1975,1975,12,1975-12-01,1975-12-31,205,"0,00",Y,"0,00","0,00","0,00","5,50","0,00",,"0,00","0,00",,
1976-01,ene-76,enero-1976,1976,1,1976-01-01,1976-01-31,205,"0,00",Y,"0,00","0,00","0,00","6,00","0,00",,"0,00","0,00",,
1976-02,feb-76,febrero-1976,1976,2,1976-02-01,1976-02-29,205,"0,00",Y,"0,00","0,00","0,00","6,00","0,00",,"0,00","0,00",,
1976-03,mar-76,marzo-1976,1976,3,1976-03-01,1976-03-31,205,"0,00",Y,"0,00","0,00","0,00","6,00","0,00",,"0,00","0,00",,
1976-04,abr-76,abril-1976,1976,4,1976-04-01,1976-04-30,205,"0,00",Y,"0,00","0,00","0,00","6,00","0,00",,"0,00","0,00",,
1976-05,may-76,mayo-1976,1976,5,1976-05-01,1976-05-31,205,"0,00",Y,"0,00","0,00","0,00","6,00","0,00",,"0,00","0,00",,
1976-06,jun-76,junio-1976,1976,6,1976-06-01,1976-06-30,205,"0,00",Y,"0,00","0,00","0,00","6,00","0,00",,"0,00","0,00",,
1976-07,jul-76,julio-1976,1976,7,1976-07-01,1976-07-31,205,"0,00",Y,"0,00","0,00","0,00","6,00","0,00",,"0,00","0,00",,
1976-08,ago-76,agosto-1976,1976,8,1976-08-01,1976-08-31,205,"0,00",Y,"0,00","0,00","0,00","6,00","0,00",,"0,00","0,00",,
1976-09,sep-76,septiembre-1976,1976,9,1976-09-01,1976-09-30,205,"0,00",Y,"0,00","0,00","0,00","6,00","0,00",,"0,00","0,00",,
1976-10,oct-76,octubre-1976,1976,10,1976-10-01,1976-10-31,205,"0,00",Y,"0,00","0,00","0,00","6,00","0,00",,"0,00","0,00",,
1976-11,nov-76,noviembre-1976,1976,11,1976-11-01,1976-11-30,205,"0,00",Y,"0,00","0,00","0,00","6,00","0,00",,"0,00","0,00",,
1976-12,dic-76,diciembre-1976,1976,12,1976-12-01,1976-12-31,205,"0,00",Y,"0,00","0,00","0,00","6,00","0,00",,"0,00","0,00",,
1977-01,ene-77,enero-1977,1977,1,1977-01-01,1977-01-31,205,"0,00",Y,"0,00","0,00","0,00","6,50","0,00",,"0,00","0,00",,
1977-02,feb-77,febrero-1977,1977,2,1977-02-01,1977-02-28,205,"0,00",Y,"0,00","0,00","0,00","6,50","0,00",,"0,00","0,00",,
1977-03,mar-77,marzo-1977,1977,3,1977-03-01,1977-03-31,205,"0,00",Y,"0,00","0,00","0,00","6,50","0,00",,"0,00","0,00",,
1977-04,abr-77,abril-1977,1977,4,1977-04-01,1977-04-30,205,"0,00",Y,"0,00","0,00","0,00","6,50","0,00",,"0,00","0,00",,
1977-05,may-77,mayo-1977,1977,5,1977-05-01,1977-05-31,205,"0,00",Y,"0,00","0,00","0,00","6,50","0,00",,"0,00","0,00",,
1977-06,jun-77,junio-1977,1977,6,1977-06-01,1977-06-30,205,"0,00",Y,"0,00","0,00","0,00","6,50","0,00",,"0,00","0,00",,
1977-07,jul-77,julio-1977,1977,7,1977-07-01,1977-07-31,205,"0,00",Y,"0,00","0,00","0,00","6,50","0,00",,"0,00","0,00",,
1977-08,ago-77,agosto-1977,1977,8,1977-08-01,1977-08-31,205,"0,00",Y,"0,00","0,00","0,00","6,50","0,00",,"0,00","0,00",,
1977-09,sep-77,septiembre-1977,1977,9,1977-09-01,1977-09-30,205,"0,00",Y,"0,00","0,00","0,00","6,50","0,00",,"0,00","0,00",,
1977-10,oct-77,octubre-1977,1977,10,1977-10-01,1977-10-31,205,"0,00",Y,"0,00","0,00","0,00","6,50","0,00",,"0,00","0,00",,
1977-11,nov-77,noviembre-1977,1977,11,1977-11-01,1977-11-30,205,"0,00",Y,"0,00","0,00","0,00","6,50","0,00",,"0,00","0,00",,
1977-12,dic-77,diciembre-1977,1977,12,1977-12-01,1977-12-31,205,"0,00",Y,"0,00","0,00","0,00","6,50","0,00",,"0,00","0,00",,
1978-01,ene-78,enero-1978,1978,1,1978-01-01,1978-01-31,205,"0,00",Y,"0,00","0,00","0,00","7,00","0,00",,"0,00","0,00",,
1978-02,feb-78,febrero-1978,1978,2,1978-02-01,1978-02-28,205,"0,00",Y,"0,00","0,00","0,00","7,00","0,00",,"0,00","0,00",,
1978-03,mar-78,marzo-1978,1978,3,1978-03-01,1978-03-31,205,"0,00",Y,"0,00","0,00","0,00","7,00","0,00",,"0,00","0,00",,
1978-04,abr-78,abril-1978,1978,4,1978-04-01,1978-04-30,205,"0,00",Y,"0,00","0,00","0,00","7,00","0,00",,"0,00","0,00",,
1978-05,may-78,mayo-1978,1978,5,1978-05-01,1978-05-31,205,"0,00",Y,"0,00","0,00","0,00","7,00","0,00",,"0,00","0,00",,
1978-06,jun-78,junio-1978,1978,6,1978-06-01,1978-06-30,205,"0,00",Y,"0,00","0,00","0,00","7,00","0,00",,"0,00","0,00",,
1978-07,jul-78,julio-1978,1978,7,1978-07-01,1978-07-31,205,"0,00",Y,"0,00","0,00","0,00","7,00","0,00",,"0,00","0,00",,
1978-08,ago-78,agosto-1978,1978,8,1978-08-01,1978-08-31,205,"0,00",Y,"0,00","0,00","0,00","7,00","0,00",,"0,00","0,00",,
1978-09,sep-78,septiembre-1978,1978,9,1978-09-01,1978-09-30,205,"0,00",Y,"0,00","0,00","0,00","7,00","0,00",,"0,00","0,00",,
1978-10,oct-78,octubre-1978,1978,10,1978-10-01,1978-10-31,205,"0,00",Y,"0,00","0,00","0,00","7,00","0,00",,"0,00","0,00",,
1978-11,nov-78,noviembre-1978,1978,11,1978-11-01,1978-11-30,205,"0,00",Y,"0,00","0,00","0,00","7,00","0,00",,"0,00","0,00",,
1978-12,dic-78,diciembre-1978,1978,12,1978-12-01,1978-12-31,205,"0,00",Y,"0,00","0,00","0,00","7,00","0,00",,"0,00","0,00",,
1979-01,ene-79,enero-1979,1979,1,1979-01-01,1979-01-31,205,"0,00",Y,"0,00","0,00","0,00","8,00","0,00",,"0,00","0,00",,
1979-02,feb-79,febrero-1979,1979,2,1979-02-01,1979-02-28,205,"0,00",Y,"0,00","0,00","0,00","8,00","0,00",,"0,00","0,00",,
1979-03,mar-79,marzo-1979,1979,3,1979-03-01,1979-03-31,205,"0,00",Y,"0,00","0,00","0,00","8,00","0,00",,"0,00","0,00",,
1979-04,abr-79,abril-1979,1979,4,1979-04-01,1979-04-30,205,"0,00",Y,"0,00","0,00","0,00","8,00","0,00",,"0,00","0,00",,
1979-05,may-79,mayo-1979,1979,5,1979-05-01,1979-05-31,205,"0,00",Y,"0,00","0,00","0,00","8,00","0,00",,"0,00","0,00",,
1979-06,jun-79,junio-1979,1979,6,1979-06-01,1979-06-30,205,"0,00",Y,"0,00","0,00","0,00","8,00","0,00",,"0,00","0,00",,
1979-07,jul-79,julio-1979,1979,7,1979-07-01,1979-07-31,205,"0,00",Y,"0,00","0,00","0,00","8,00","0,00",,"0,00","0,00",,
1979-08,ago-79,agosto-1979,1979,8,1979-08-01,1979-08-31,205,"0,00",Y,"0,00","0,00","0,00","8,00","0,00",,"0,00","0,00",,
1979-09,sep-79,septiembre-1979,1979,9,1979-09-01,1979-09-30,205,"0,00",Y,"0,00","0,00","0,00","8,00","0,00",,"0,00","0,00",,
1979-10,oct-79,octubre-1979,1979,10,1979-10-01,1979-10-31,205,"0,00",Y,"0,00","0,00","0,00","8,00","0,00",,"0,00","0,00",,
1979-11,nov-79,noviembre-1979,1979,11,1979-11-01,1979-11-30,205,"0,00",Y,"0,00","0,00","0,00","8,00","0,00",,"0,00","0,00",,
1979-12,dic-79,diciembre-1979,1979,12,1979-12-01,1979-12-31,205,"0,00",Y,"0,00","0,00","0,00","8,00","0,00",,"0,00","0,00",,
1980-01,ene-80,enero-1980,1980,1,1980-01-01,1980-01-31,205,"0,00",Y,"0,00","0,00","0,00","10,00","0,00",,"0,00","0,00",,
1980-02,feb-80,febrero-1980,1980,2,1980-02-01,1980-02-29,205,"0,00",Y,"0,00","0,00","0,00","10,00","0,00",,"0,00","0,00",,
1980-03,mar-80,marzo-1980,1980,3,1980-03-01,1980-03-31,205,"0,00",Y,"0,00","0,00","0,00","10,00","0,00",,"0,00","0,00",,
1980-04,abr-80,abril-1980,1980,4,1980-04-01,1980-04-30,205,"0,00",Y,"0,00","0,00","0,00","10,00","0,00",,"0,00","0,00",,
1980-05,may-80,mayo-1980,1980,5,1980-05-01,1980-05-31,205,"0,00",Y,"0,00","0,00","0,00","10,00","0,00",,"0,00","0,00",,
1980-06,jun-80,junio-1980,1980,6,1980-06-01,1980-06-30,205,"0,00",Y,"0,00","0,00","0,00","10,00","0,00",,"0,00","0,00",,
1980-07,jul-80,julio-1980,1980,7,1980-07-01,1980-07-31,205,"0,00",Y,"0,00","0,00","0,00","10,00","0,00",,"0,00","0,00",,
1980-08,ago-80,agosto-1980,1980,8,1980-08-01,1980-08-31,205,"0,00",Y,"0,00","0,00","0,00","10,00","0,00",,"0,00","0,00",,
1980-09,sep-80,septiembre-1980,1980,9,1980-09-01,1980-09-30,205,"0,00",Y,"0,00","0,00","0,00","10,00","0,00",,"0,00","0,00",,
1980-10,oct-80,octubre-1980,1980,10,1980-10-01,1980-10-31,205,"0,00",Y,"0,00","0,00","0,00","10,00","0,00",,"0,00","0,00",,
1980-11,nov-80,noviembre-1980,1980,11,1980-11-01,1980-11-30,205,"0,00",Y,"0,00","0,00","0,00","10,00","0,00",,"0,00","0,00",,
1980-12,dic-80,diciembre-1980,1980,12,1980-12-01,1980-12-31,205,"0,00",Y,"0,00","0,00","0,00","10,00","0,00",,"0,00","0,00",,
1981-01,ene-81,enero-1981,1981,1,1981-01-01,1981-01-31,205,"0,00",Y,"0,00","0,00","0,00","10,50","0,00",,"0,00","0,00",,
1981-02,feb-81,febrero-1981,1981,2,1981-02-01,1981-02-28,205,"0,00",Y,"0,00","0,00","0,00","10,50","0,00",,"0,00","0,00",,
1981-03,mar-81,marzo-1981,1981,3,1981-03-01,1981-03-31,205,"0,00",Y,"0,00","0,00","0,00","10,50","0,00",,"0,00","0,00",,
1981-04,abr-81,abril-1981,1981,4,1981-04-01,1981-04-30,205,"0,00",Y,"0,00","0,00","0,00","10,50","0,00",,"0,00","0,00",,
1981-05,may-81,mayo-1981,1981,5,1981-05-01,1981-05-31,205,"0,00",Y,"0,00","0,00","0,00","10,50","0,00",,"0,00","0,00",,
1981-06,jun-81,junio-1981,1981,6,1981-06-01,1981-06-30,205,"0,00",Y,"0,00","0,00","0,00","10,50","0,00",,"0,00","0,00",,
1981-07,jul-81,julio-1981,1981,7,1981-07-01,1981-07-31,205,"0,00",Y,"0,00","0,00","0,00","10,50","0,00",,"0,00","0,00",,
1981-08,ago-81,agosto-1981,1981,8,1981-08-01,1981-08-31,205,"0,00",Y,"0,00","0,00","0,00","10,50","0,00",,"0,00","0,00",,
1981-09,sep-81,septiembre-1981,1981,9,1981-09-01,1981-09-30,205,"0,00",Y,"0,00","0,00","0,00","10,50","0,00",,"0,00","0,00",,
1981-10,oct-81,octubre-1981,1981,10,1981-10-01,1981-10-31,205,"0,00",Y,"0,00","0,00","0,00","10,50","0,00",,"0,00","0,00",,
1981-11,nov-81,noviembre-1981,1981,11,1981-11-01,1981-11-30,205,"0,00",Y,"0,00","0,00","0,00","10,50","0,00",,"0,00","0,00",,
1981-12,dic-81,diciembre-1981,1981,12,1981-12-01,1981-12-31,205,"0,00",Y,"0,00","0,00","0,00","10,50","0,00",,"0,00","0,00",,
1982-01,ene-82,enero-1982,1982,1,1982-01-01,1982-01-31,205,"0,00",Y,"0,00","0,00","0,00","11,50","0,00",,"0,00","0,00",,
1982-02,feb-82,febrero-1982,1982,2,1982-02-01,1982-02-28,205,"0,00",Y,"0,00","0,00","0,00","11,50","0,00",,"0,00","0,00",,
1982-03,mar-82,marzo-1982,1982,3,1982-03-01,1982-03-31,205,"0,00",Y,"0,00","0,00","0,00","11,50","0,00",,"0,00","0,00",,
1982-04,abr-82,abril-1982,1982,4,1982-04-01,1982-04-30,205,"0,00",Y,"0,00","0,00","0,00","11,50","0,00",,"0,00","0,00",,
1982-05,may-82,mayo-1982,1982,5,1982-05-01,1982-05-31,205,"0,00",Y,"0,00","0,00","0,00","11,50","0,00",,"0,00","0,00",,
1982-06,jun-82,junio-1982,1982,6,1982-06-01,1982-06-30,205,"0,00",Y,"0,00","0,00","0,00","11,50","0,00",,"0,00","0,00",,
1982-07,jul-82,julio-1982,1982,7,1982-07-01,1982-07-31,205,"0,00",Y,"0,00","0,00","0,00","11,50","0,00",,"0,00","0,00",,
1982-08,ago-82,agosto-1982,1982,8,1982-08-01,1982-08-31,205,"0,00",Y,"0,00","0,00","0,00","11,50","0,00",,"0,00","0,00",,
1982-09,sep-82,septiembre-1982,1982,9,1982-09-01,1982-09-30,205,"0,00",Y,"0,00","0,00","0,00","11,50","0,00",,"0,00","0,00",,
1982-10,oct-82,octubre-1982,1982,10,1982-10-01,1982-10-31,205,"0,00",Y,"0,00","0,00","0,00","11,50","0,00",,"0,00","0,00",,
1982-11,nov-82,noviembre-1982,1982,11,1982-11-01,1982-11-30,205,"0,00",Y,"0,00","0,00","0,00","11,50","0,00",,"0,00","0,00",,
1982-12,dic-82,diciembre-1982,1982,12,1982-12-01,1982-12-31,205,"0,00",Y,"0,00","0,00","0,00","11,50","0,00",,"0,00","0,00",,
1983-01,ene-83,enero-1983,1983,1,1983-01-01,1983-01-31,205,"0,00",Y,"0,00","0,00","0,00","12,00","0,00",,"0,00","0,00",,
1983-02,feb-83,febrero-1983,1983,2,1983-02-01,1983-02-28,205,"0,00",Y,"0,00","0,00","0,00","12,00","0,00",,"0,00","0,00",,
1983-03,mar-83,marzo-1983,1983,3,1983-03-01,1983-03-31,205,"0,00",Y,"0,00","0,00","0,00","12,00","0,00",,"0,00","0,00",,
1983-04,abr-83,abril-1983,1983,4,1983-04-01,1983-04-30,205,"0,00",Y,"0,00","0,00","0,00","12,00","0,00",,"0,00","0,00",,
1983-05,may-83,mayo-1983,1983,5,1983-05-01,1983-05-31,205,"0,00",Y,"0,00","0,00","0,00","12,00","0,00",,"0,00","0,00",,
1983-06,jun-83,junio-1983,1983,6,1983-06-01,1983-06-30,205,"0,00",Y,"0,00","0,00","0,00","12,00","0,00",,"0,00","0,00",,
1983-07,jul-83,julio-1983,1983,7,1983-07-01,1983-07-31,205,"0,00",Y,"0,00","0,00","0,00","12,00","0,00",,"0,00","0,00",,
1983-08,ago-83,agosto-1983,1983,8,1983-08-01,1983-08-31,205,"0,00",Y,"0,00","0,00","0,00","12,00","0,00",,"0,00","0,00",,
1983-09,sep-83,septiembre-1983,1983,9,1983-09-01,1983-09-30,205,"0,00",Y,"0,00","0,00","0,00","12,00","0,00",,"0,00","0,00",,
1983-10,oct-83,octubre-1983,1983,10,1983-10-01,1983-10-31,205,"0,00",Y,"0,00","0,00","0,00","12,00","0,00",,"0,00","0,00",,
1983-11,nov-83,noviembre-1983,1983,11,1983-11-01,1983-11-30,205,"0,00",Y,"0,00","0,00","0,00","12,00","0,00",,"0,00","0,00",,
1983-12,dic-83,diciembre-1983,1983,12,1983-12-01,1983-12-31,205,"0,00",Y,"0,00","0,00","0,00","12,00","0,00",,"0,00","0,00",,
1984-01,ene-84,enero-1984,1984,1,1984-01-01,1984-01-31,205,"0,00",Y,"0,00","0,00","0,00","12,00","0,00",,"0,00","0,00",,
1984-02,feb-84,febrero-1984,1984,2,1984-02-01,1984-02-29,205,"0,00",Y,"0,00","0,00","0,00","12,00","0,00",,"0,00","0,00",,
1984-03,mar-84,marzo-1984,1984,3,1984-03-01,1984-03-31,205,"0,00",Y,"0,00","0,00","0,00","12,00","0,00",,"0,00","0,00",,
1984-04,abr-84,abril-1984,1984,4,1984-04-01,1984-04-30,205,"0,00",Y,"0,00","0,00","0,00","12,00","0,00",,"0,00","0,00",,
1984-05,may-84,mayo-1984,1984,5,1984-05-01,1984-05-31,205,"0,00",Y,"0,00","0,00","0,00","12,00","0,00",,"0,00","0,00",,
1984-06,jun-84,junio-1984,1984,6,1984-06-01,1984-06-30,205,"0,00",Y,"0,00","0,00","0,00","12,00","0,00",,"0,00","0,00",,
1984-07,jul-84,julio-1984,1984,7,1984-07-01,1984-07-31,205,"0,00",Y,"0,00","0,00","0,00","12,00","0,00",,"0,00","0,00",,
1984-08,ago-84,agosto-1984,1984,8,1984-08-01,1984-08-31,205,"0,00",Y,"0,00","0,00","0,00","12,00","0,00",,"0,00","0,00",,
1984-09,sep-84,septiembre-1984,1984,9,1984-09-01,1984-09-30,205,"0,00",Y,"0,00","0,00","0,00","12,00","0,00",,"0,00","0,00",,
1984-10,oct-84,octubre-1984,1984,10,1984-10-01,1984-10-31,205,"0,00",Y,"0,00","0,00","0,00","12,00","0,00",,"0,00","0,00",,
1984-11,nov-84,noviembre-1984,1984,11,1984-11-01,1984-11-30,205,"0,00",Y,"0,00","0,00","0,00","12,00","0,00",,"0,00","0,00",,
1984-12,dic-84,diciembre-1984,1984,12,1984-12-01,1984-12-31,205,"0,00",Y,"0,00","0,00","0,00","12,00","0,00",,"0,00","0,00",,
1985-01,ene-85,enero-1985,1985,1,1985-01-01,1985-01-31,205,"0,00",Y,"0,00","0,00","0,00","12,00","0,00",,"0,00","0,00",,
1985-02,feb-85,febrero-1985,1985,2,1985-02-01,1985-02-28,205,"0,00",Y,"0,00","0,00","0,00","12,00","0,00",,"0,00","0,00",,
1985-03,mar-85,marzo-1985,1985,3,1985-03-01,1985-03-31,205,"0,00",Y,"0,00","0,00","0,00","12,00","0,00",,"0,00","0,00",,
1985-04,abr-85,abril-1985,1985,4,1985-04-01,1985-04-30,205,"0,00",Y,"0,00","0,00","0,00","12,00","0,00",,"0,00","0,00",,
1985-05,may-85,mayo-1985,1985,5,1985-05-01,1985-05-31,205,"0,00",Y,"0,00","0,00","0,00","12,00","0,00",,"0,00","0,00",,
1985-06,jun-85,junio-1985,1985,6,1985-06-01,1985-06-30,205,"0,00",Y,"0,00","0,00","0,00","12,00","0,00",,"0,00","0,00",,
1985-07,jul-85,julio-1985,1985,7,1985-07-01,1985-07-31,205,"0,00",Y,"0,00","0,00","0,00","12,00","0,00",,"0,00","0,00",,
1985-08,ago-85,agosto-1985,1985,8,1985-08-01,1985-08-31,205,"0,00",Y,"0,00","0,00","0,00","12,00","0,00",,"0,00","0,00",,
1985-09,sep-85,septiembre-1985,1985,9,1985-09-01,1985-09-30,205,"0,00",Y,"0,00","0,00","0,00","12,00","0,00",,"0,00","0,00",,
1985-10,oct-85,octubre-1985,1985,10,1985-10-01,1985-10-31,205,"0,00",Y,"0,00","0,00","0,00","12,00","0,00",,"0,00","0,00",,
1985-11,nov-85,noviembre-1985,1985,11,1985-11-01,1985-11-30,205,"0,00",Y,"0,00","0,00","0,00","12,00","0,00",,"0,00","0,00",,
1985-12,dic-85,diciembre-1985,1985,12,1985-12-01,1985-12-31,205,"0,00",Y,"0,00","0,00","0,00","12,00","0,00",,"0,00","0,00",,
1986-01,ene-86,enero-1986,1986,1,1986-01-01,1986-01-31,205,"0,00",Y,"0,00","0,00","0,00","12,00","0,00",,"0,00","0,00",,
1986-02,feb-86,febrero-1986,1986,2,1986-02-01,1986-02-28,205,"0,00",Y,"0,00","0,00","0,00","12,00","0,00",,"0,00","0,00",,
1986-03,mar-86,marzo-1986,1986,3,1986-03-01,1986-03-31,205,"0,00",Y,"0,00","0,00","0,00","12,00","0,00",,"0,00","0,00",,
1986-04,abr-86,abril-1986,1986,4,1986-04-01,1986-04-30,205,"0,00",Y,"0,00","0,00","0,00","12,00","0,00",,"0,00","0,00",,
1986-05,may-86,mayo-1986,1986,5,1986-05-01,1986-05-31,205,"0,00",Y,"0,00","0,00","0,00","12,00","0,00",,"0,00","0,00",,
1986-06,jun-86,junio-1986,1986,6,1986-06-01,1986-06-30,205,"0,00",Y,"0,00","0,00","0,00","12,00","0,00",,"0,00","0,00",,
1986-07,jul-86,julio-1986,1986,7,1986-07-01,1986-07-31,205,"0,00",Y,"0,00","0,00","0,00","12,00","0,00",,"0,00","0,00",,
1986-08,ago-86,agosto-1986,1986,8,1986-08-01,1986-08-31,205,"0,00",Y,"0,00","0,00","0,00","12,00","0,00",,"0,00","0,00",,
1986-09,sep-86,septiembre-1986,1986,9,1986-09-01,1986-09-30,205,"0,00",Y,"0,00","0,00","0,00","12,00","0,00",,"0,00","0,00",,
1986-10,oct-86,octubre-1986,1986,10,1986-10-01,1986-10-31,205,"0,00",Y,"0,00","0,00","0,00","12,00","0,00",,"0,00","0,00",,
1986-11,nov-86,noviembre-1986,1986,11,1986-11-01,1986-11-30,205,"0,00",Y,"0,00","0,00","0,00","12,00","0,00",,"0,00","0,00",,
1986-12,dic-86,diciembre-1986,1986,12,1986-12-01,1986-12-31,205,"0,00",Y,"0,00","0,00","0,00","12,00","0,00",,"0,00","0,00",,
1987-01,ene-87,enero-1987,1987,1,1987-01-01,1987-01-31,205,"0,00",Y,"0,00","0,00","0,00","12,00","0,00",,"0,00","0,00",,
1987-02,feb-87,febrero-1987,1987,2,1987-02-01,1987-02-28,205,"0,00",Y,"0,00","0,00","0,00","12,00","0,00",,"0,00","0,00",,
1987-03,mar-87,marzo-1987,1987,3,1987-03-01,1987-03-31,205,"0,00",Y,"0,00","0,00","0,00","12,00","0,00",,"0,00","0,00",,
1987-04,abr-87,abril-1987,1987,4,1987-04-01,1987-04-30,205,"0,00",Y,"0,00","0,00","0,00","12,00","0,00",,"0,00","0,00",,
1987-05,may-87,mayo-1987,1987,5,1987-05-01,1987-05-31,205,"0,00",Y,"0,00","0,00","0,00","12,00","0,00",,"0,00","0,00",,
1987-06,jun-87,junio-1987,1987,6,1987-06-01,1987-06-30,205,"0,00",Y,"0,00","0,00","0,00","12,00","0,00",,"0,00","0,00",,
1987-07,jul-87,julio-1987,1987,7,1987-07-01,1987-07-31,205,"0,00",Y,"0,00","0,00","0,00","12,00","0,00",,"0,00","0,00",,
1987-08,ago-87,agosto-1987,1987,8,1987-08-01,1987-08-31,205,"0,00",Y,"0,00","0,00","0,00","12,00","0,00",,"0,00","0,00",,
1987-09,sep-87,septiembre-1987,1987,9,1987-09-01,1987-09-30,205,"0,00",Y,"0,00","0,00","0,00","12,00","0,00",,"0,00","0,00",,
1987-10,oct-87,octubre-1987,1987,10,1987-10-01,1987-10-31,205,"0,00",Y,"0,00","0,00","0,00","12,00","0,00",,"0,00","0,00",,
1987-11,nov-87,noviembre-1987,1987,11,1987-11-01,1987-11-30,205,"0,00",Y,"0,00","0,00","0,00","12,00","0,00",,"0,00","0,00",,
1987-12,dic-87,diciembre-1987,1987,12,1987-12-01,1987-12-31,205,"0,00",Y,"0,00","0,00","0,00","12,00","0,00",,"0,00","0,00",,
1988-01,ene-88,enero-1988,1988,1,1988-01-01,1988-01-31,205,"0,00",Y,"0,00","0,00","0,00","12,00","0,00",,"0,00","0,00",,
1988-02,feb-88,febrero-1988,1988,2,1988-02-01,1988-02-29,205,"0,00",Y,"0,00","0,00","0,00","12,00","0,00",,"0,00","0,00",,
1988-03,mar-88,marzo-1988,1988,3,1988-03-01,1988-03-31,205,"0,00",Y,"0,00","0,00","0,00","12,00","0,00",,"0,00","0,00",,
1988-04,abr-88,abril-1988,1988,4,1988-04-01,1988-04-30,205,"0,00",Y,"0,00","0,00","0,00","12,00","0,00",,"0,00","0,00",,
1988-05,may-88,mayo-1988,1988,5,1988-05-01,1988-05-31,205,"0,00",Y,"0,00","0,00","0,00","12,00","0,00",,"0,00","0,00",,
1988-06,jun-88,junio-1988,1988,6,1988-06-01,1988-06-30,205,"0,00",Y,"0,00","0,00","0,00","12,00","0,00",,"0,00","0,00",,
1988-07,jul-88,julio-1988,1988,7,1988-07-01,1988-07-31,205,"0,00",Y,"0,00","0,00","0,00","12,00","0,00",,"0,00","0,00",,
1988-08,ago-88,agosto-1988,1988,8,1988-08-01,1988-08-31,205,"0,00",Y,"0,00","0,00","0,00","12,00","0,00",,"0,00","0,00",,
1988-09,sep-88,septiembre-1988,1988,9,1988-09-01,1988-09-30,205,"0,00",Y,"0,00","0,00","0,00","12,00","0,00",,"0,00","0,00",,
1988-10,oct-88,octubre-1988,1988,10,1988-10-01,1988-10-31,205,"0,00",Y,"0,00","0,00","0,00","12,00","0,00",,"0,00","0,00",,
1988-11,nov-88,noviembre-1988,1988,11,1988-11-01,1988-11-30,205,"0,00",Y,"0,00","0,00","0,00","12,00","0,00",,"0,00","0,00",,
1988-12,dic-88,diciembre-1988,1988,12,1988-12-01,1988-12-31,205,"0,00",Y,"0,00","0,00","0,00","12,00","0,00",,"0,00","0,00",,
1989-01,ene-89,enero-1989,1989,1,1989-01-01,1989-01-31,205,"0,00",Y,"4,00","0,13","0,00","12,00","0,00",,"0,00","0,00",,
1989-02,feb-89,febrero-1989,1989,2,1989-02-01,1989-02-28,205,"0,00",Y,"4,00","0,13","0,00","12,00","0,00",,"0,00","0,00",,
1989-03,mar-89,marzo-1989,1989,3,1989-03-01,1989-03-31,205,"0,00",Y,"4,00","0,13","0,00","12,00","0,00",,"0,00","0,00",,
1989-04,abr-89,abril-1989,1989,4,1989-04-01,1989-04-30,205,"0,00",Y,"4,00","0,13","0,00","12,00","0,00",,"0,00","0,00",,
1989-05,may-89,mayo-1989,1989,5,1989-05-01,1989-05-31,205,"0,00",Y,"4,00","0,13","0,00","12,00","0,00",,"0,00","0,00",,
1989-06,jun-89,junio-1989,1989,6,1989-06-01,1989-06-30,205,"0,00",Y,"4,00","0,13","0,00","27,00","0,00",,"0,00","0,00",,
1989-07,jul-89,julio-1989,1989,7,1989-07-01,1989-07-31,205,"0,00",Y,"4,00","0,13","0,00","29,00","0,00",,"0,00","0,00",,
1989-08,ago-89,agosto-1989,1989,8,1989-08-01,1989-08-31,205,"0,00",Y,"4,00","0,13","0,00","31,00","0,00",,"0,00","0,00",,
1989-09,sep-89,septiembre-1989,1989,9,1989-09-01,1989-09-30,205,"0,00",Y,"4,00","0,13","0,00","31,00","0,00",,"0,00","0,00",,
1989-10,oct-89,octubre-1989,1989,10,1989-10-01,1989-10-31,205,"0,00",Y,"4,00","0,13","0,00","31,00","0,00",,"0,00","0,00",,
1989-11,nov-89,noviembre-1989,1989,11,1989-11-01,1989-11-30,205,"0,00",Y,"4,00","0,13","0,00","31,00","0,00",,"0,00","0,00",,
1989-12,dic-89,diciembre-1989,1989,12,1989-12-01,1989-12-31,205,"0,00",Y,"4,00","0,13","0,00","34,00","0,00",,"0,00","0,00",,
1990-01,ene-90,enero-1990,1990,1,1990-01-01,1990-01-31,205,"0,00",Y,"6,00","0,20","0,00","34,00","0,00",,"0,00","0,00",,
1990-02,feb-90,febrero-1990,1990,2,1990-02-01,1990-02-28,205,"0,00",Y,"6,00","0,20","0,00","32,00","0,00",,"0,00","0,00",,
1990-03,mar-90,marzo-1990,1990,3,1990-03-01,1990-03-31,205,"0,00",Y,"6,00","0,20","0,00","30,00","0,00",,"0,00","0,00",,
1990-04,abr-90,abril-1990,1990,4,1990-04-01,1990-04-30,205,"0,00",Y,"6,00","0,20","0,00","19,00","0,00",,"0,00","0,00",,
1990-05,may-90,mayo-1990,1990,5,1990-05-01,1990-05-31,205,"0,00",Y,"6,00","0,20","0,00","24,40","0,00",,"0,00","0,00",,
1990-06,jun-90,junio-1990,1990,6,1990-06-01,1990-06-30,205,"0,00",Y,"6,00","0,20","0,00","27,01","0,00",,"0,00","0,00",,
1990-07,jul-90,julio-1990,1990,7,1990-07-01,1990-07-31,205,"0,00",Y,"6,00","0,20","0,00","32,21","0,00",,"0,00","0,00",,
1990-08,ago-90,agosto-1990,1990,8,1990-08-01,1990-08-31,205,"0,00",Y,"6,00","0,20","0,00","33,99","0,00",,"0,00","0,00",,
1990-09,sep-90,septiembre-1990,1990,9,1990-09-01,1990-09-30,205,"0,00",Y,"6,00","0,20","0,00","31,46","0,00",,"0,00","0,00",,
1990-10,oct-90,octubre-1990,1990,10,1990-10-01,1990-10-31,205,"0,00",Y,"6,00","0,20","0,00","22,21","0,00",,"0,00","0,00",,
1990-11,nov-90,noviembre-1990,1990,11,1990-11-01,1990-11-30,205,"0,00",Y,"6,00","0,20","0,00","22,44","0,00",,"0,00","0,00",,
1990-12,dic-90,diciembre-1990,1990,12,1990-12-01,1990-12-31,205,"0,00",Y,"9,00","0,30","0,00","25,25","0,00",,"0,00","0,00",,
1991-01,ene-91,enero-1991,1991,1,1991-01-01,1991-01-31,205,"0,00",Y,"9,00","0,30","0,00","26,33","0,00",,"0,00","0,00",,
1991-02,feb-91,febrero-1991,1991,2,1991-02-01,1991-02-28,205,"0,00",Y,"9,00","0,30","0,00","29,14","0,00",,"0,00","0,00",,
1991-03,mar-91,marzo-1991,1991,3,1991-03-01,1991-03-31,205,"0,00",Y,"9,00","0,30","0,00","31,73","0,00",,"0,00","0,00",,
1991-04,abr-91,abril-1991,1991,4,1991-04-01,1991-04-30,205,"0,00",Y,"9,00","0,30","0,00","31,56","0,00",,"0,00","0,00",,
1991-05,may-91,mayo-1991,1991,5,1991-05-01,1991-05-31,205,"0,00",Y,"9,00","0,30","0,00","31,52","0,00",,"0,00","0,00",,
1991-06,jun-91,junio-1991,1991,6,1991-06-01,1991-06-30,205,"0,00",Y,"9,00","0,30","0,00","32,76","0,00",,"0,00","0,00",,
1991-07,jul-91,julio-1991,1991,7,1991-07-01,1991-07-31,205,"0,00",Y,"9,00","0,30","0,00","32,57","0,00",,"0,00","0,00",,
1991-08,ago-91,agosto-1991,1991,8,1991-08-01,1991-08-31,205,"0,00",Y,"9,00","0,30","0,00","32,22","0,00",,"0,00","0,00",,
1991-09,sep-91,septiembre-1991,1991,9,1991-09-01,1991-09-30,205,"0,00",Y,"9,00","0,30","0,00","32,50","0,00",,"0,00","0,00",,
1991-10,oct-91,octubre-1991,1991,10,1991-10-01,1991-10-31,205,"0,00",Y,"9,00","0,30","0,00","31,74","0,00",,"0,00","0,00",,
1991-11,nov-91,noviembre-1991,1991,11,1991-11-01,1991-11-30,205,"0,00",Y,"9,00","0,30","0,00","32,72","0,00",,"0,00","0,00",,
1991-12,dic-91,diciembre-1991,1991,12,1991-12-01,1991-12-31,205,"0,00",Y,"9,00","0,30","0,00","31,03","0,00",,"0,00","0,00",,
1992-01,ene-92,enero-1992,1992,1,1992-01-01,1992-01-31,205,"0,00",Y,"9,00","0,30","0,00","28,20","0,00",,"0,00","0,00",,
1992-02,feb-92,febrero-1992,1992,2,1992-02-01,1992-02-29,205,"0,00",Y,"9,00","0,30","0,00","31,23","0,00",,"0,00","0,00",,
1992-03,mar-92,marzo-1992,1992,3,1992-03-01,1992-03-31,205,"0,00",Y,"9,00","0,30","0,00","34,29","0,00",,"0,00","0,00",,
1992-04,abr-92,abril-1992,1992,4,1992-04-01,1992-04-30,205,"0,00",Y,"9,00","0,30","0,00","36,22","0,00",,"0,00","0,00",,
1992-05,may-92,mayo-1992,1992,5,1992-05-01,1992-05-31,205,"0,00",Y,"9,00","0,30","0,00","36,54","0,00",,"0,00","0,00",,
1992-06,jun-92,junio-1992,1992,6,1992-06-01,1992-06-30,205,"0,00",Y,"9,00","0,30","0,00","36,14","0,00",,"0,00","0,00",,
1992-07,jul-92,julio-1992,1992,7,1992-07-01,1992-07-31,205,"0,00",Y,"9,00","0,30","0,00","35,46","0,00",,"0,00","0,00",,
1992-08,ago-92,agosto-1992,1992,8,1992-08-01,1992-08-31,205,"0,00",Y,"9,00","0,30","0,00","33,29","0,00",,"0,00","0,00",,
1992-09,sep-92,septiembre-1992,1992,9,1992-09-01,1992-09-30,205,"0,00",Y,"9,00","0,30","0,00","31,50","0,00",,"0,00","0,00",,
1992-10,oct-92,octubre-1992,1992,10,1992-10-01,1992-10-31,205,"0,00",Y,"9,00","0,30","0,00","35,10","0,00",,"0,00","0,00",,
1992-11,nov-92,noviembre-1992,1992,11,1992-11-01,1992-11-30,205,"0,00",Y,"9,00","0,30","0,00","42,95","0,00",,"0,00","0,00",,
1992-12,dic-92,diciembre-1992,1992,12,1992-12-01,1992-12-31,205,"0,00",Y,"9,00","0,30","0,00","43,80","0,00",,"0,00","0,00",,
1993-01,ene-93,enero-1993,1993,1,1993-01-01,1993-01-31,205,"0,00",Y,"15,00","0,50","0,00","45,30","0,00",,"0,00","0,00",,
1993-02,feb-93,febrero-1993,1993,2,1993-02-01,1993-02-28,205,"0,00",Y,"15,00","0,50","0,00","45,75","0,00",,"0,00","0,00",,
1993-03,mar-93,marzo-1993,1993,3,1993-03-01,1993-03-31,205,"0,00",Y,"15,00","0,50","0,00","46,47","0,00",,"0,00","0,00",,
1993-04,abr-93,abril-1993,1993,4,1993-04-01,1993-04-30,205,"0,00",Y,"15,00","0,50","0,00","63,05","0,00",,"0,00","0,00",,
1993-05,may-93,mayo-1993,1993,5,1993-05-01,1993-05-31,205,"0,00",Y,"15,00","0,50","0,00","53,21","0,00",,"0,00","0,00",,
1993-06,jun-93,junio-1993,1993,6,1993-06-01,1993-06-30,205,"0,00",Y,"15,00","0,50","0,00","54,15","0,00",,"0,00","0,00",,
1993-07,jul-93,julio-1993,1993,7,1993-07-01,1993-07-31,205,"0,00",Y,"15,00","0,50","0,00","46,07","0,00",,"0,00","0,00",,
1993-08,ago-93,agosto-1993,1993,8,1993-08-01,1993-08-31,205,"0,00",Y,"15,00","0,50","0,00","46,50","0,00",,"0,00","0,00",,
1993-09,sep-93,septiembre-1993,1993,9,1993-09-01,1993-09-30,205,"0,00",Y,"15,00","0,50","0,00","58,99","0,00",,"0,00","0,00",,
1993-10,oct-93,octubre-1993,1993,10,1993-10-01,1993-10-31,205,"0,00",Y,"15,00","0,50","0,00","61,59","0,00",,"0,00","0,00",,
1993-11,nov-93,noviembre-1993,1993,11,1993-11-01,1993-11-30,205,"0,00",Y,"15,00","0,50","0,00","64,11","0,00",,"0,00","0,00",,
1993-12,dic-93,diciembre-1993,1993,12,1993-12-01,1993-12-31,205,"0,00",Y,"15,00","0,50","0,00","69,15","0,00",,"0,00","0,00",,
1994-01,ene-94,enero-1994,1994,1,1994-01-01,1994-01-31,205,"0,00",Y,"15,00","0,50","0,00","60,13","0,00",,"0,00","0,00",,
1994-02,feb-94,febrero-1994,1994,2,1994-02-01,1994-02-28,205,"0,00",Y,"15,00","0,50","0,00","51,75","0,00",,"0,00","0,00",,
1994-03,mar-94,marzo-1994,1994,3,1994-03-01,1994-03-31,205,"0,00",Y,"15,00","0,50","0,00","45,16","0,00",,"0,00","0,00",,
1994-04,abr-94,abril-1994,1994,4,1994-04-01,1994-04-30,205,"0,00",Y,"15,00","0,50","0,00","44,85","0,00",,"0,00","0,00",,
1994-05,may-94,mayo-1994,1994,5,1994-05-01,1994-05-31,205,"0,00",Y,"15,00","0,50","0,00","46,65","0,00",,"0,00","0,00",,
1994-06,jun-94,junio-1994,1994,6,1994-06-01,1994-06-30,205,"0,00",Y,"15,00","0,50","0,00","51,22","0,00",,"0,00","0,00",,
1994-07,jul-94,julio-1994,1994,7,1994-07-01,1994-07-31,205,"0,00",Y,"15,00","0,50","0,00","49,76","0,00",,"0,00","0,00",,
1994-08,ago-94,agosto-1994,1994,8,1994-08-01,1994-08-31,205,"0,00",Y,"15,00","0,50","0,00","42,75","0,00",,"0,00","0,00",,
1994-09,sep-94,septiembre-1994,1994,9,1994-09-01,1994-09-30,205,"0,00",Y,"15,00","0,50","0,00","25,99","0,00",,"0,00","0,00",,
1994-10,oct-94,octubre-1994,1994,10,1994-10-01,1994-10-31,205,"0,00",Y,"15,00","0,50","0,00","23,19","0,00",,"0,00","0,00",,
1994-11,nov-94,noviembre-1994,1994,11,1994-11-01,1994-11-30,205,"0,00",Y,"15,00","0,50","0,00","23,29","0,00",,"0,00","0,00",,
1994-12,dic-94,diciembre-1994,1994,12,1994-12-01,1994-12-31,205,"0,00",Y,"15,00","0,50","0,00","25,96","0,00",,"0,00","0,00",,
1995-01,ene-95,enero-1995,1995,1,1995-01-01,1995-01-31,205,"0,00",Y,"15,00","0,50","0,00","24,28","0,00",,"0,00","0,00",,
1995-02,feb-95,febrero-1995,1995,2,1995-02-01,1995-02-28,205,"0,00",Y,"15,00","0,50","0,00","22,23","0,00",,"0,00","0,00",,
1995-03,mar-95,marzo-1995,1995,3,1995-03-01,1995-03-31,205,"0,00",Y,"15,00","0,50","0,00","17,83","0,00",,"0,00","0,00",,
1995-04,abr-95,abril-1995,1995,4,1995-04-01,1995-04-30,205,"0,00",Y,"15,00","0,50","0,00","18,22","0,00",,"0,00","0,00",,
1995-05,may-95,mayo-1995,1995,5,1995-05-01,1995-05-31,205,"0,00",Y,"15,00","0,50","0,00","22,61","0,00",,"0,00","0,00",,
1995-06,jun-95,junio-1995,1995,6,1995-06-01,1995-06-30,205,"0,00",Y,"15,00","0,50","0,00","24,96","0,00",,"0,00","0,00",,
1995-07,jul-95,julio-1995,1995,7,1995-07-01,1995-07-31,205,"0,00",Y,"15,00","0,50","0,00","24,97","0,00",,"0,00","0,00",,
1995-08,ago-95,agosto-1995,1995,8,1995-08-01,1995-08-31,205,"0,00",Y,"15,00","0,50","0,00","27,35","0,00",,"0,00","0,00",,
1995-09,sep-95,septiembre-1995,1995,9,1995-09-01,1995-09-30,205,"0,00",Y,"15,00","0,50","0,00","28,65","0,00",,"0,00","0,00",,
1995-10,oct-95,octubre-1995,1995,10,1995-10-01,1995-10-31,205,"0,00",Y,"15,00","0,50","0,00","29,17","0,00",,"0,00","0,00",,
1995-11,nov-95,noviembre-1995,1995,11,1995-11-01,1995-11-30,205,"0,00",Y,"15,00","0,50","0,00","30,02","0,00",,"0,00","0,00",,
1995-12,dic-95,diciembre-1995,1995,12,1995-12-01,1995-12-31,205,"0,00",Y,"15,00","0,50","0,00","31,07","0,00",,"0,00","0,00",,
1996-01,ene-96,enero-1996,1996,1,1996-01-01,1996-01-31,205,"0,00",Y,"20,00","0,67","0,00","30,56","0,00",,"0,00","0,00",,
1996-02,feb-96,febrero-1996,1996,2,1996-02-01,1996-02-29,205,"0,00",Y,"20,00","0,67","0,00","27,80","0,00",,"0,00","0,00",,
1996-03,mar-96,marzo-1996,1996,3,1996-03-01,1996-03-31,205,"0,00",Y,"20,00","0,67","0,00","27,81","0,00",,"0,00","0,00",,
1996-04,abr-96,abril-1996,1996,4,1996-04-01,1996-04-30,205,"0,00",Y,"20,00","0,67","0,00","41,12","0,00",,"0,00","0,00",,
1996-05,may-96,mayo-1996,1996,5,1996-05-01,1996-05-31,205,"0,00",Y,"20,00","0,67","0,00","41,87","0,00",,"0,00","0,00",,
1996-06,jun-96,junio-1996,1996,6,1996-06-01,1996-06-30,205,"0,00",Y,"20,00","0,67","0,00","27,94","0,00",,"0,00","0,00",,
1996-07,jul-96,julio-1996,1996,7,1996-07-01,1996-07-31,205,"0,00",Y,"20,00","0,67","0,00","24,33","0,00",,"0,00","0,00",,
1996-08,ago-96,agosto-1996,1996,8,1996-08-01,1996-08-31,205,"0,00",Y,"20,00","0,67","0,00","19,66","0,00",,"0,00","0,00",,
1996-09,sep-96,septiembre-1996,1996,9,1996-09-01,1996-09-30,205,"0,00",Y,"20,00","0,67","0,00","23,71","0,00",,"0,00","0,00",,
1996-10,oct-96,octubre-1996,1996,10,1996-10-01,1996-10-31,205,"0,00",Y,"20,00","0,67","0,00","22,19","0,00",,"0,00","0,00",,
1996-11,nov-96,noviembre-1996,1996,11,1996-11-01,1996-11-30,205,"0,00",Y,"20,00","0,67","0,00","20,18","0,00",,"0,00","0,00",,
1996-12,dic-96,diciembre-1996,1996,12,1996-12-01,1996-12-31,205,"0,00",Y,"20,00","0,67","0,00","14,32","0,00",,"0,00","0,00",,
1997-01,ene-97,enero-1997,1997,1,1997-01-01,1997-01-31,205,"0,00",Y,"75,00","2,50","0,00","13,34","0,00",,"0,00","0,00",,
1997-02,feb-97,febrero-1997,1997,2,1997-02-01,1997-02-28,205,"0,00",Y,"75,00","2,50","0,00","13,29","0,00",,"0,00","0,00",,
1997-03,mar-97,marzo-1997,1997,3,1997-03-01,1997-03-31,205,"0,00",Y,"75,00","2,50","0,00","11,77","0,00",,"0,00","0,00",,
1997-04,abr-97,abril-1997,1997,4,1997-04-01,1997-04-30,205,"0,00",Y,"75,00","2,50","0,00","12,96","0,00",,"0,00","0,00",,
1997-05,may-97,mayo-1997,1997,5,1997-05-01,1997-05-31,205,"0,00",Y,"75,00","2,50","0,00","13,46","0,00",,"0,00","0,00",,
1997-06,jun-97,junio-1997,1997,6,1997-06-19,1997-06-30,205,"0,00",Y,"75,00","2,50","26,14","20,53","0,00",,"0,00","0,00",,
1997-07,jul-97,julio-1997,1997,7,1997-07-01,1997-07-31,205,"0,00",Y,"75,00","2,50","23,73","19,43","0,00",,"0,00","0,00",,
1997-08,ago-97,agosto-1997,1997,8,1997-08-01,1997-08-31,205,"0,00",Y,"75,00","2,50","24,16","19,86","0,00",,"0,00","0,00",,
1997-09,sep-97,septiembre-1997,1997,9,1997-09-01,1997-09-30,205,"0,00",Y,"75,00","2,50","22,11","18,73","0,00",,"0,00","0,00",,
1997-10,oct-97,octubre-1997,1997,10,1997-10-01,1997-10-31,205,"0,00",Y,"75,00","2,50","21,80","18,34","0,00",,"0,00","0,00",,
1997-11,nov-97,noviembre-1997,1997,11,1997-11-01,1997-11-30,205,"0,00",Y,"75,00","2,50","21,76","18,72","0,00",,"0,00","0,00",,
1997-12,dic-97,diciembre-1997,1997,12,1997-12-01,1997-12-31,205,"0,00",Y,"75,00","2,50","25,24","21,14","0,00",,"0,00","0,00",,
1998-01,ene-98,enero-1998,1998,1,1998-01-01,1998-01-31,205,"0,00",Y,"100,00","3,33","24,15","21,51","0,00",,"0,00","0,00",,
1998-02,feb-98,febrero-1998,1998,2,1998-02-01,1998-02-28,205,"0,00",Y,"100,00","3,33","34,86","29,46","0,00",,"0,00","0,00",,
1998-03,mar-98,marzo-1998,1998,3,1998-03-01,1998-03-31,205,"0,00",Y,"100,00","3,33","35,79","30,84","0,00",,"0,00","0,00",,
1998-04,abr-98,abril-1998,1998,4,1998-04-01,1998-04-30,205,"0,00",Y,"100,00","3,33","36,03","32,26","0,00",,"0,00","0,00",,
1998-05,may-98,mayo-1998,1998,5,1998-05-01,1998-05-31,205,"0,00",Y,"100,00","3,33","41,42","38,18","0,00",,"0,00","0,00",,
1998-06,jun-98,junio-1998,1998,6,1998-06-01,1998-06-30,205,"0,00",Y,"100,00","3,33","42,22","38,79","0,00",,"0,00","0,00",,
1998-07,jul-98,julio-1998,1998,7,1998-07-01,1998-07-31,205,"0,00",Y,"100,00","3,33","60,92","53,25","0,00",,"0,00","0,00",,
1998-08,ago-98,agosto-1998,1998,8,1998-08-01,1998-08-31,205,"0,00",Y,"100,00","3,33","56,78","51,28","0,00",,"0,00","0,00",,
1998-09,sep-98,septiembre-1998,1998,9,1998-09-01,1998-09-30,205,"0,00",Y,"100,00","3,33","72,23","63,84","0,00",,"0,00","0,00",,
1998-10,oct-98,octubre-1998,1998,10,1998-10-01,1998-10-31,205,"0,00",Y,"100,00","3,33","49,61","47,06","0,00",,"0,00","0,00",,
1998-11,nov-98,noviembre-1998,1998,11,1998-11-01,1998-11-30,205,"0,00",Y,"100,00","3,33","44,95","42,71","0,00",,"0,00","0,00",,
1998-12,dic-98,diciembre-1998,1998,12,1998-12-01,1998-12-31,205,"0,00",Y,"100,00","3,33","44,10","39,72","0,00",,"0,00","0,00",,
1999-01,ene-99,enero-1999,1999,1,1999-01-01,1999-01-31,205,"0,00",Y,"120,00","4,00","38,96","36,73","0,00",,"0,00","0,00",,
1999-02,feb-99,febrero-1999,1999,2,1999-02-01,1999-02-28,205,"0,00",Y,"120,00","4,00","39,73","35,07","0,00",,"0,00","0,00",,
1999-03,mar-99,marzo-1999,1999,3,1999-03-01,1999-03-31,205,"0,00",Y,"120,00","4,00","34,38","30,55","0,00",,"0,00","0,00",,
1999-04,abr-99,abril-1999,1999,4,1999-04-01,1999-04-30,205,"0,00",Y,"120,00","4,00","30,28","27,26","0,00",,"0,00","0,00",,
1999-05,may-99,mayo-1999,1999,5,1999-05-01,1999-05-31,205,"0,00",Y,"120,00","4,00","28,20","24,80","0,00",,"0,00","0,00",,
1999-06,jun-99,junio-1999,1999,6,1999-06-01,1999-06-30,205,"0,00",Y,"120,00","4,00","31,03","24,84","0,00",,"0,00","0,00",,
1999-07,jul-99,julio-1999,1999,7,1999-07-01,1999-07-31,205,"0,00",Y,"120,00","4,00","30,19","23,00","0,00",,"0,00","0,00",,
1999-08,ago-99,agosto-1999,1999,8,1999-08-01,1999-08-31,205,"0,00",Y,"120,00","4,00","29,33","21,03","0,00",,"0,00","0,00",,
1999-09,sep-99,septiembre-1999,1999,9,1999-09-01,1999-09-30,205,"0,00",Y,"120,00","4,00","28,70","21,12","0,00",,"0,00","0,00",,
1999-10,oct-99,octubre-1999,1999,10,1999-10-01,1999-10-31,205,"0,00",Y,"120,00","4,00","29,00","21,74","0,00",,"0,00","0,00",,
1999-11,nov-99,noviembre-1999,1999,11,1999-11-01,1999-11-30,205,"0,00",Y,"120,00","4,00","28,14","22,95","0,00",,"0,00","0,00",,
1999-12,dic-99,diciembre-1999,1999,12,1999-12-01,1999-12-31,205,"0,00",Y,"120,00","4,00","28,13","22,69","0,00",,"0,00","0,00",,
2000-01,ene-00,enero-2000,2000,1,2000-01-01,2000-01-31,205,"0,00",Y,"144,00","4,80","29,15","23,76","0,00",,"0,00","0,00",,
2000-02,feb-00,febrero-2000,2000,2,2000-02-01,2000-02-29,205,"0,00",Y,"144,00","4,80","28,97","22,10","0,00",,"0,00","0,00",,
2000-03,mar-00,marzo-2000,2000,3,2000-03-01,2000-03-31,205,"0,00",Y,"144,00","4,80","25,14","19,78","0,00",,"0,00","0,00",,
2000-04,abr-00,abril-2000,2000,4,2000-04-01,2000-04-30,205,"0,00",Y,"144,00","4,80","25,98","20,49","0,00",,"0,00","0,00",,
2000-05,may-00,mayo-2000,2000,5,2000-05-01,2000-05-31,205,"0,00",Y,"144,00","4,80","23,06","19,04","0,00",,"0,00","0,00",,
2000-06,jun-00,junio-2000,2000,6,2000-06-01,2000-06-30,205,"0,00",Y,"144,00","4,80","26,19","21,31","0,00",,"0,00","0,00",,
2000-07,jul-00,julio-2000,2000,7,2000-07-01,2000-07-31,205,"0,00",Y,"144,00","4,80","23,42","18,81","0,00",,"0,00","0,00",,
2000-08,ago-00,agosto-2000,2000,8,2000-08-01,2000-08-31,205,"0,00",Y,"144,00","4,80","23,69","19,28","0,00",,"0,00","0,00",,
2000-09,sep-00,septiembre-2000,2000,9,2000-09-01,2000-09-30,205,"0,00",Y,"144,00","4,80","23,69","18,84","0,00",,"0,00","0,00",,
2000-10,oct-00,octubre-2000,2000,10,2000-10-01,2000-10-31,205,"0,00",Y,"144,00","4,80","21,09","17,43","0,00",,"0,00","0,00",,
2000-11,nov-00,noviembre-2000,2000,11,2000-11-01,2000-11-30,205,"0,00",Y,"144,00","4,80","21,67","17,43","0,00",,"0,00","0,00",,
2000-12,dic-00,diciembre-2000,2000,12,2000-12-01,2000-12-31,205,"0,00",Y,"144,00","4,80","21,98","17,43","0,00",,"0,00","0,00",,
2001-01,ene-01,enero-2001,2001,1,2001-01-01,2001-01-31,205,"0,00",Y,"158,40","5,28","22,43","17,34","0,00",,"0,00","0,00",,
2001-02,feb-01,febrero-2001,2001,2,2001-02-01,2001-02-28,205,"0,00",Y,"158,40","5,28","21,14","16,17","0,00",,"0,00","0,00",,
2001-03,mar-01,marzo-2001,2001,3,2001-03-01,2001-03-31,205,"0,00",Y,"158,40","5,28","21,07","16,17","0,00",,"0,00","0,00",,
2001-04,abr-01,abril-2001,2001,4,2001-04-01,2001-04-30,205,"0,00",Y,"158,40","5,28","20,02","16,05","0,00",,"0,00","0,00",,
2001-05,may-01,mayo-2001,2001,5,2001-05-01,2001-05-31,205,"0,00",Y,"158,40","5,28","20,82","16,56","0,00",,"0,00","0,00",,
2001-06,jun-01,junio-2001,2001,6,2001-06-01,2001-06-30,205,"0,00",Y,"158,40","5,28","23,37","18,50","0,00",,"0,00","0,00",,
2001-07,jul-01,julio-2001,2001,7,2001-07-01,2001-07-31,205,"0,00",Y,"158,40","5,28","22,76","18,54","0,00",,"0,00","0,00",,
2001-08,ago-01,agosto-2001,2001,8,2001-08-01,2001-08-31,205,"0,00",Y,"158,40","5,28","24,87","19,69","0,00",,"0,00","0,00",,
2001-09,sep-01,septiembre-2001,2001,9,2001-09-01,2001-09-30,205,"0,00",Y,"158,40","5,28","35,86","27,62","0,00",,"0,00","0,00",,
2001-10,oct-01,octubre-2001,2001,10,2001-10-01,2001-10-31,205,"0,00",Y,"158,40","5,28","31,31","25,59","0,00",,"0,00","0,00",,
2001-11,nov-01,noviembre-2001,2001,11,2001-11-01,2001-11-30,205,"0,00",Y,"158,40","5,28","26,75","21,51","0,00",,"0,00","0,00",,
2001-12,dic-01,diciembre-2001,2001,12,2001-12-01,2001-12-31,205,"0,00",Y,"158,40","5,28","27,66","23,57","0,00",,"0,00","0,00",,
2002-01,ene-02,enero-2002,2002,1,2002-01-01,2002-01-31,205,"0,00",Y,"190,08","6,34","35,35","28,91","0,00",,"0,00","0,00",,
2002-02,feb-02,febrero-2002,2002,2,2002-02-01,2002-02-28,205,"0,00",Y,"190,08","6,34","53,56","39,10","0,00",,"0,00","0,00",,
2002-03,mar-02,marzo-2002,2002,3,2002-03-01,2002-03-31,205,"0,00",Y,"190,08","6,34","55,84","50,10","0,00",,"0,00","0,00",,
2002-04,abr-02,abril-2002,2002,4,2002-04-01,2002-04-30,205,"0,00",Y,"190,08","6,34","48,46","43,59","0,00",,"0,00","0,00",,
2002-05,may-02,mayo-2002,2002,5,2002-05-01,2002-05-31,205,"0,00",Y,"190,08","6,34","38,49","36,20","0,00",,"0,00","0,00",,
2002-06,jun-02,junio-2002,2002,6,2002-06-01,2002-06-30,205,"0,00",Y,"190,08","6,34","35,15","31,64","0,00",,"0,00","0,00",,
2002-07,jul-02,julio-2002,2002,7,2002-07-01,2002-07-31,205,"0,00",Y,"190,08","6,34","32,80","29,90","0,00",,"0,00","0,00",,
2002-08,ago-02,agosto-2002,2002,8,2002-08-01,2002-08-31,205,"0,00",Y,"190,08","6,34","30,89","26,92","0,00",,"0,00","0,00",,
2002-09,sep-02,septiembre-2002,2002,9,2002-09-01,2002-09-30,205,"0,00",Y,"190,08","6,34","30,68","26,92","0,00",,"0,00","0,00",,
2002-10,oct-02,octubre-2002,2002,10,2002-10-01,2002-10-31,205,"0,00",Y,"190,08","6,34","32,72","29,44","0,00",,"0,00","0,00",,
2002-11,nov-02,noviembre-2002,2002,11,2002-11-01,2002-11-30,205,"0,00",Y,"190,08","6,34","33,08","30,47","0,00",,"0,00","0,00",,
2002-12,dic-02,diciembre-2002,2002,12,2002-12-01,2002-12-31,205,"0,00",Y,"190,08","6,34","33,86","29,99","0,00",,"0,00","0,00",,
2003-01,ene-03,enero-2003,2003,1,2003-01-01,2003-01-31,205,"0,00",Y,"209,08","6,97","36,96","31,63","0,00",,"0,00","0,00",,
2003-02,feb-03,febrero-2003,2003,2,2003-02-01,2003-02-28,205,"0,00",Y,"209,08","6,97","33,55","29,12","0,00",,"0,00","0,00",,
2003-03,mar-03,marzo-2003,2003,3,2003-03-01,2003-03-31,205,"0,00",Y,"209,08","6,97","31,80","25,05","0,00",,"0,00","0,00",,
2003-04,abr-03,abril-2003,2003,4,2003-04-01,2003-04-30,205,"0,00",Y,"209,08","6,97","29,01","24,52","0,00",,"0,00","0,00",,
2003-05,may-03,mayo-2003,2003,5,2003-05-01,2003-05-31,205,"0,00",Y,"247,10","8,24","25,50","20,12","0,00",,"0,00","0,00",,
2003-06,jun-03,junio-2003,2003,6,2003-06-01,2003-06-30,205,"0,00",Y,"247,10","8,24","23,17","18,33","0,00",,"0,00","0,00",,
2003-07,jul-03,julio-2003,2003,7,2003-07-01,2003-07-31,205,"0,00",Y,"247,10","8,24","22,09","18,49","0,00",,"0,00","0,00",,
2003-08,ago-03,agosto-2003,2003,8,2003-08-01,2003-08-31,205,"0,00",Y,"247,10","8,24","23,29","18,74","0,00",,"0,00","0,00",,
2003-09,sep-03,septiembre-2003,2003,9,2003-09-01,2003-09-30,205,"0,00",Y,"247,10","8,24","22,37","19,99","0,00",,"0,00","0,00",,
2003-10,oct-03,octubre-2003,2003,10,2003-10-01,2003-10-31,205,"0,00",Y,"247,10","8,24","21,13","16,87","0,00",,"0,00","0,00",,
2003-11,nov-03,noviembre-2003,2003,11,2003-11-01,2003-11-30,205,"0,00",Y,"247,10","8,24","19,82","17,67","0,00",,"0,00","0,00",,
2003-12,dic-03,diciembre-2003,2003,12,2003-12-01,2003-12-31,205,"0,00",Y,"247,10","8,24","19,48","16,83","0,00",,"0,00","0,00",,
2004-01,ene-04,enero-2004,2004,1,2004-01-01,2004-01-31,205,"0,00",Y,"247,10","8,24","18,38","15,09","0,00",,"0,00","0,00",,
2004-02,feb-04,febrero-2004,2004,2,2004-02-01,2004-02-29,205,"0,00",Y,"247,10","8,24","18,08","14,46","0,00",,"0,00","0,00",,
2004-03,mar-04,marzo-2004,2004,3,2004-03-01,2004-03-31,205,"0,00",Y,"247,10","8,24","17,56","15,20","0,00",,"0,00","0,00",,
2004-04,abr-04,abril-2004,2004,4,2004-04-01,2004-04-30,205,"0,00",Y,"247,10","8,24","17,97","15,22","0,00",,"0,00","0,00",,
2004-05,may-04,mayo-2004,2004,5,2004-05-01,2004-05-31,205,"0,00",Y,"296,52","9,88","17,68","15,40","0,00",,"0,00","0,00",,
2004-06,jun-04,junio-2004,2004,6,2004-06-01,2004-06-30,205,"0,00",Y,"296,52","9,88","17,08","14,92","0,00",,"0,00","0,00",,
2004-07,jul-04,julio-2004,2004,7,2004-07-01,2004-07-31,205,"0,00",Y,"296,52","9,88","17,22","14,45","0,00",,"0,00","0,00",,
2004-08,ago-04,agosto-2004,2004,8,2004-08-01,2004-08-31,205,"0,00",Y,"296,52","9,88","17,58","15,01","0,00",,"0,00","0,00",,
2004-09,sep-04,septiembre-2004,2004,9,2004-09-01,2004-09-30,205,"0,00",Y,"296,52","9,88","16,92","15,20","0,00",,"0,00","0,00",,
2004-10,oct-04,octubre-2004,2004,10,2004-10-01,2004-10-31,205,"0,00",Y,"296,52","9,88","17,01","15,02","0,00",,"0,00","0,00",,
2004-11,nov-04,noviembre-2004,2004,11,2004-11-01,2004-11-30,205,"0,00",Y,"321,24","10,71","16,11","14,51","0,00",,"0,00","0,00",,
2004-12,dic-04,diciembre-2004,2004,12,2004-12-01,2004-12-31,205,"0,00",Y,"321,24","10,71","16,00","15,25","0,00",,"0,00","0,00",,
2005-01,ene-05,enero-2005,2005,1,2005-01-01,2005-01-31,205,"0,00",Y,"321,24","10,71","16,30","14,93","0,00",,"0,00","0,00",,
2005-02,feb-05,febrero-2005,2005,2,2005-02-01,2005-02-28,205,"0,00",Y,"321,24","10,71","16,04","14,21","0,00",,"0,00","0,00",,
2005-03,mar-05,marzo-2005,2005,3,2005-03-01,2005-03-31,205,"0,00",Y,"321,24","10,71","16,48","14,44","0,00",,"0,00","0,00",,
2005-04,abr-05,abril-2005,2005,4,2005-04-01,2005-04-30,205,"0,00",Y,"321,24","10,71","15,45","13,96","0,00",,"0,00","0,00",,
2005-05,may-05,mayo-2005,2005,5,2005-05-01,2005-05-31,205,"0,00",Y,"405,00","13,50","16,37","14,02","0,00",,"0,00","0,00",,
2005-06,jun-05,junio-2005,2005,6,2005-06-01,2005-06-30,205,"0,00",Y,"405,00","13,50","15,25","13,47","0,00",,"0,00","0,00",,
2005-07,jul-05,julio-2005,2005,7,2005-07-01,2005-07-31,205,"0,00",Y,"405,00","13,50","15,82","13,53","0,00",,"0,00","0,00",,
2005-08,ago-05,agosto-2005,2005,8,2005-08-01,2005-08-31,205,"0,00",Y,"405,00","13,50","15,85","13,33","0,00",,"0,00","0,00",,
2005-09,sep-05,septiembre-2005,2005,9,2005-09-01,2005-09-30,205,"0,00",Y,"405,00","13,50","14,68","12,71","0,00",,"0,00","0,00",,
2005-10,oct-05,octubre-2005,2005,10,2005-10-01,2005-10-31,205,"0,00",Y,"405,00","13,50","15,26","13,18","0,00",,"0,00","0,00",,
2005-11,nov-05,noviembre-2005,2005,11,2005-11-01,2005-11-30,205,"0,00",Y,"405,00","13,50","15,07","12,95","0,00",,"0,00","0,00",,
2005-12,dic-05,diciembre-2005,2005,12,2005-12-01,2005-12-31,205,"0,00",Y,"405,00","13,50","14,40","12,79","0,00",,"0,00","0,00",,
2006-01,ene-06,enero-2006,2006,1,2006-01-01,2006-01-31,205,"0,00",Y,"405,00","13,50","14,93","12,71","0,00",,"0,00","0,00",,
2006-02,feb-06,febrero-2006,2006,2,2006-02-01,2006-02-28,205,"0,00",Y,"405,00","13,50","15,04","12,76","0,00",,"0,00","0,00",,
2006-03,mar-06,marzo-2006,2006,3,2006-03-01,2006-03-31,205,"0,00",Y,"405,00","13,50","14,55","12,31","0,00",,"0,00","0,00",,
2006-04,abr-06,abril-2006,2006,4,2006-04-01,2006-04-30,205,"0,00",Y,"405,00","13,50","14,16","12,11","0,00",,"0,00","0,00",,
2006-05,may-06,mayo-2006,2006,5,2006-05-01,2006-05-31,205,"0,00",Y,"465,75","15,53","14,17","12,15","0,00",,"0,00","0,00",,
2006-06,jun-06,junio-2006,2006,6,2006-06-01,2006-06-30,205,"0,00",Y,"465,75","15,53","13,83","11,94","0,00",,"0,00","0,00",,
2006-07,jul-06,julio-2006,2006,7,2006-07-01,2006-07-31,205,"0,00",Y,"465,75","15,53","14,50","12,29","0,00",,"0,00","0,00",,
2006-08,ago-06,agosto-2006,2006,8,2006-08-01,2006-08-31,205,"0,00",Y,"465,75","15,53","14,79","12,43","0,00",,"0,00","0,00",,
2006-09,sep-06,septiembre-2006,2006,9,2006-09-01,2006-09-30,205,"0,00",Y,"465,75","15,53","14,42","12,32","0,00",,"0,00","0,00",,
2006-10,oct-06,octubre-2006,2006,10,2006-10-01,2006-10-31,205,"0,00",Y,"465,75","15,53","14,87","12,46","0,00",,"0,00","0,00",,
2006-11,nov-06,noviembre-2006,2006,11,2006-11-01,2006-11-30,205,"0,00",Y,"465,75","15,53","15,20","12,63","0,00",,"0,00","0,00",,
2006-12,dic-06,diciembre-2006,2006,12,2006-12-01,2006-12-31,205,"0,00",Y,"512,54","17,08","15,23","12,64","0,00",,"0,00","0,00",,
2007-01,ene-07,enero-2007,2007,1,2007-01-01,2007-01-31,205,"0,00",Y,"512,54","17,08","15,78","12,92","0,00",,"0,00","0,00",,
2007-02,feb-07,febrero-2007,2007,2,2007-02-01,2007-02-28,205,"0,00",Y,"512,54","17,08","15,50","12,82","0,00",,"0,00","0,00",,
2007-03,mar-07,marzo-2007,2007,3,2007-03-01,2007-03-31,205,"0,00",Y,"512,54","17,08","14,94","12,53","0,00",,"0,00","0,00",,
2007-04,abr-07,abril-2007,2007,4,2007-04-01,2007-04-30,205,"0,00",Y,"512,54","17,08","15,99","13,05","0,00",,"0,00","0,00",,
2007-05,may-07,mayo-2007,2007,5,2007-05-01,2007-05-31,205,"0,00",Y,"614,79","20,49","15,94","13,03","0,00",,"0,00","0,00",,
2007-06,jun-07,junio-2007,2007,6,2007-06-01,2007-06-30,205,"0,00",Y,"614,79","20,49","14,91","12,53","0,00",,"0,00","0,00",,
2007-07,jul-07,julio-2007,2007,7,2007-07-01,2007-07-31,205,"0,00",Y,"614,79","20,49","16,17","13,51","0,00",,"0,00","0,00",,
2007-08,ago-07,agosto-2007,2007,8,2007-08-01,2007-08-31,205,"0,00",Y,"614,79","20,49","16,59","13,86","0,00",,"0,00","0,00",,
2007-09,sep-07,septiembre-2007,2007,9,2007-09-01,2007-09-30,205,"0,00",Y,"614,79","20,49","16,53","13,79","0,00",,"0,00","0,00",,
2007-10,oct-07,octubre-2007,2007,10,2007-10-01,2007-10-31,205,"0,00",Y,"614,79","20,49","16,96","14,00","0,00",,"0,00","0,00",,
2007-11,nov-07,noviembre-2007,2007,11,2007-11-01,2007-11-30,205,"0,00",Y,"614,79","20,49","19,91","15,75","0,00",,"0,00","0,00",,
2007-12,dic-07,diciembre-2007,2007,12,2007-12-01,2007-12-31,205,"0,00",Y,"614,79","20,49","21,73","16,44","0,00",,"0,00","0,00",,
2008-01,ene-08,enero-2008,2008,1,2008-01-01,2008-01-31,205,"0,00",Y,"614,79","20,49","24,14","18,53","0,00",,"0,00","0,00",,
2008-02,feb-08,febrero-2008,2008,2,2008-02-01,2008-02-29,205,"0,00",Y,"614,79","20,49","22,68","17,56","0,00",,"0,00","0,00",,
2008-03,mar-08,marzo-2008,2008,3,2008-03-01,2008-03-31,205,"0,00",Y,"614,79","20,49","22,24","18,17","0,00",,"0,00","0,00",,
2008-04,abr-08,abril-2008,2008,4,2008-04-01,2008-04-30,205,"0,00",Y,"799,23","26,64","22,62","18,35","0,00",,"0,00","0,00",,
2008-05,may-08,mayo-2008,2008,5,2008-05-01,2008-05-31,205,"0,00",Y,"799,23","26,64","24,00","20,85","0,00",,"0,00","0,00",,
2008-06,jun-08,junio-2008,2008,6,2008-06-01,2008-06-30,205,"0,00",Y,"799,23","26,64","22,38","20,09","0,00",,"0,00","0,00",,
2008-07,jul-08,julio-2008,2008,7,2008-07-01,2008-07-31,205,"0,00",Y,"799,23","26,64","23,47","20,30","0,00",,"0,00","0,00",,
2008-08,ago-08,agosto-2008,2008,8,2008-08-01,2008-08-31,205,"0,00",Y,"799,23","26,64","22,83","20,09","0,00",,"0,00","0,00",,
2008-09,sep-08,septiembre-2008,2008,9,2008-09-01,2008-09-30,205,"0,00",Y,"799,23","26,64","22,31","19,68","0,00",,"0,00","0,00",,
2008-10,oct-08,octubre-2008,2008,10,2008-10-01,2008-10-31,205,"0,00",Y,"799,23","26,64","22,62","19,82","0,00",,"0,00","0,00",,
2008-11,nov-08,noviembre-2008,2008,11,2008-11-01,2008-11-30,205,"0,00",Y,"799,23","26,64","23,18","20,24","0,00",,"0,00","0,00",,
2008-12,dic-08,diciembre-2008,2008,12,2008-12-01,2008-12-31,205,"0,00",Y,"799,23","26,64","21,67","19,65","0,00",,"0,00","0,00",,
2009-01,ene-09,enero-2009,2009,1,2009-01-01,2009-01-31,205,"0,00",Y,"799,23","26,64","22,38","19,76","0,00",,"0,00","0,00",,
2009-02,feb-09,febrero-2009,2009,2,2009-02-01,2009-02-28,205,"0,00",Y,"799,23","26,64","22,89","19,98","0,00",,"0,00","0,00",,
2009-03,mar-09,marzo-2009,2009,3,2009-03-01,2009-03-31,205,"0,00",Y,"799,23","26,64","22,37","19,74","0,00",,"0,00","0,00",,
2009-04,abr-09,abril-2009,2009,4,2009-04-01,2009-04-30,205,"0,00",Y,"799,23","26,64","21,46","18,77","0,00",,"0,00","0,00",,
2009-05,may-09,mayo-2009,2009,5,2009-05-01,2009-05-31,205,"0,00",Y,"879,30","29,31","21,54","18,77","0,00",,"0,00","0,00",,
2009-06,jun-09,junio-2009,2009,6,2009-06-01,2009-06-30,205,"0,00",Y,"879,30","29,31","20,41","17,56","0,00",,"0,00","0,00",,
2009-07,jul-09,julio-2009,2009,7,2009-07-01,2009-07-31,205,"0,00",Y,"879,30","29,31","20,01","17,26","0,00",,"0,00","0,00",,
2009-08,ago-09,agosto-2009,2009,8,2009-08-01,2009-08-31,205,"0,00",Y,"879,30","29,31","19,56","17,04","0,00",,"0,00","0,00",,
2009-09,sep-09,septiembre-2009,2009,9,2009-09-01,2009-09-30,205,"0,00",Y,"967,50","32,25","18,62","16,58","0,00",,"0,00","0,00",,
2009-10,oct-09,octubre-2009,2009,10,2009-10-01,2009-10-31,205,"0,00",Y,"967,50","32,25","20,35","17,62","0,00",,"0,00","0,00",,
2009-11,nov-09,noviembre-2009,2009,11,2009-11-01,2009-11-30,205,"0,00",Y,"967,50","32,25","18,84","17,05","0,00",,"0,00","0,00",,
2009-12,dic-09,diciembre-2009,2009,12,2009-12-01,2009-12-31,205,"0,00",Y,"967,50","32,25","18,94","16,97","0,00",,"0,00","0,00",,
2010-01,ene-10,enero-2010,2010,1,2010-01-01,2010-01-31,205,"0,00",Y,"967,50","32,25","18,96","16,74","0,00",,"0,00","0,00",,
2010-02,feb-10,febrero-2010,2010,2,2010-02-01,2010-02-28,205,"0,00",Y,"967,50","32,25","18,55","16,65","0,00",,"0,00","0,00",,
2010-03,mar-10,marzo-2010,2010,3,2010-03-01,2010-03-31,205,"0,00",Y,"1064,25","35,48","18,36","16,44","0,00",,"0,00","0,00",,
2010-04,abr-10,abril-2010,2010,4,2010-04-01,2010-04-30,205,"0,00",Y,"1064,25","35,48","17,95","16,23","0,00",,"0,00","0,00",,
2010-05,may-10,mayo-2010,2010,5,2010-05-01,2010-05-31,205,"0,00",Y,"1223,89","40,80","17,93","16,40","0,00",,"0,00","0,00",,
2010-06,jun-10,junio-2010,2010,6,2010-06-01,2010-06-30,205,"0,00",Y,"1223,89","40,80","17,65","16,10","0,00",,"0,00","0,00",,
2010-07,jul-10,julio-2010,2010,7,2010-07-01,2010-07-31,205,"0,00",Y,"1223,89","40,80","17,73","16,34","0,00",,"0,00","0,00",,
2010-08,ago-10,agosto-2010,2010,8,2010-08-01,2010-08-31,205,"0,00",Y,"1223,89","40,80","17,97","16,28","0,00",,"0,00","0,00",,
2010-09,sep-10,septiembre-2010,2010,9,2010-09-01,2010-09-30,205,"0,00",Y,"1223,89","40,80","17,43","16,10","0,00",,"0,00","0,00",,
2010-10,oct-10,octubre-2010,2010,10,2010-10-01,2010-10-31,205,"0,00",Y,"1223,89","40,80","17,70","16,38","0,00",,"0,00","0,00",,
2010-11,nov-10,noviembre-2010,2010,11,2010-11-01,2010-11-30,205,"0,00",Y,"1223,89","40,80","17,76","16,25","0,00",,"0,00","0,00",,
2010-12,dic-10,diciembre-2010,2010,12,2010-12-01,2010-12-31,205,"0,00",Y,"1223,89","40,80","17,89","16,45","0,00",,"0,00","0,00",,
2011-01,ene-11,enero-2011,2011,1,2011-01-01,2011-01-31,205,"0,00",Y,"1223,89","40,80","17,53","16,29","0,00",,"0,00","0,00",,
2011-02,feb-11,febrero-2011,2011,2,2011-02-01,2011-02-28,205,"0,00",Y,"1223,89","40,80","17,85","16,37","0,00",,"0,00","0,00",,
2011-03,mar-11,marzo-2011,2011,3,2011-03-01,2011-03-31,205,"0,00",Y,"1223,89","40,80","17,13","16,00","0,00",,"0,00","0,00",,
2011-04,abr-11,abril-2011,2011,4,2011-04-01,2011-04-30,205,"0,00",Y,"1223,89","40,80","17,69","16,37","0,00",,"0,00","0,00",,
2011-05,may-11,mayo-2011,2011,5,2011-05-01,2011-05-31,205,"0,00",Y,"1407,47","46,92","18,17","16,64","0,00",,"0,00","0,00",,
2011-06,jun-11,junio-2011,2011,6,2011-06-01,2011-06-30,205,"0,00",Y,"1407,47","46,92","17,41","16,09","0,00",,"0,00","0,00",,
2011-07,jul-11,julio-2011,2011,7,2011-07-01,2011-07-31,205,"0,00",Y,"1407,47","46,92","18,51","16,52","0,00",,"0,00","0,00",,
2011-08,ago-11,agosto-2011,2011,8,2011-08-01,2011-08-31,205,"0,00",Y,"1407,47","46,92","17,37","15,94","0,00",,"0,00","0,00",,
2011-09,sep-11,septiembre-2011,2011,9,2011-09-01,2011-09-30,205,"0,00",Y,"1548,21","51,61","17,50","16,00","0,00",,"0,00","0,00",,
2011-10,oct-11,octubre-2011,2011,10,2011-10-01,2011-10-31,205,"0,00",Y,"1548,21","51,61","18,28","16,39","0,00",,"0,00","0,00",,
2011-11,nov-11,noviembre-2011,2011,11,2011-11-01,2011-11-30,205,"0,00",Y,"1548,21","51,61","16,35","15,43","0,00",,"0,00","0,00",,
2011-12,dic-11,diciembre-2011,2011,12,2011-12-01,2011-12-31,205,"0,00",Y,"1548,21","51,61","15,55","15,03","0,00",,"0,00","0,00",,
2012-01,ene-12,enero-2012,2012,1,2012-01-01,2012-01-31,205,"0,00",Y,"1548,21","51,61","16,90","15,70","0,00",,"0,00","0,00",,
2012-02,feb-12,febrero-2012,2012,2,2012-02-01,2012-02-29,205,"0,00",Y,"1548,21","51,61","15,65","15,18","0,00",,"0,00","0,00",,
2012-03,mar-12,marzo-2012,2012,3,2012-03-01,2012-03-31,205,"0,00",Y,"1548,21","51,61","15,43","14,97","0,00",,"0,00","0,00",,
2012-04,abr-12,abril-2012,2012,4,2012-04-01,2012-04-30,205,"0,00",Y,"1548,21","51,61","16,31","15,41","0,00",,"0,00","0,00",,
2012-05,may-12,mayo-2012,2012,5,2012-05-01,2012-05-31,205,"0,00",Y,"1780,45","59,35","16,75","15,63","0,00",,"0,00","0,00",,
2012-06,jun-12,junio-2012,2012,6,2012-06-01,2012-06-30,205,"0,00",Y,"1780,45","59,35","16,25","15,38","0,00",,"0,00","0,00",,
2012-07,jul-12,julio-2012,2012,7,2012-07-01,2012-07-31,205,"0,00",Y,"1780,45","59,35","16,20","15,35","0,00",,"0,00","0,00",,
2012-08,ago-12,agosto-2012,2012,8,2012-08-01,2012-08-31,205,"0,00",Y,"1780,45","59,35","16,51","15,57","0,00",,"0,00","0,00",,
2012-09,sep-12,septiembre-2012,2012,9,2012-09-01,2012-09-30,205,"0,00",Y,"2047,52","68,25","16,80","15,65","0,00",,"0,00","0,00",,
2012-10,oct-12,octubre-2012,2012,10,2012-10-01,2012-10-31,205,"0,00",Y,"2047,52","68,25","16,49","15,50","0,00",,"0,00","0,00",,
2012-11,nov-12,noviembre-2012,2012,11,2012-11-01,2012-11-30,205,"0,00",Y,"2047,52","68,25","15,94","15,29","0,00",,"0,00","0,00",,
2012-12,dic-12,diciembre-2012,2012,12,2012-12-01,2012-12-31,205,"0,00",Y,"2047,52","68,25","15,57","15,06","0,00",,"0,00","0,00",,
2013-01,ene-13,enero-2013,2013,1,2013-01-01,2013-01-31,205,"0,00",Y,"2047,52","68,25","14,82","14,66","0,00",,"0,00","0,00",,
2013-02,feb-13,febrero-2013,2013,2,2013-02-01,2013-02-28,205,"0,00",Y,"2047,52","68,25","16,43","15,47","0,00",,"0,00","0,00",,
2013-03,mar-13,marzo-2013,2013,3,2013-03-01,2013-03-31,205,"0,00",Y,"2047,52","68,25","15,27","14,89","0,00",,"0,00","0,00",,
2013-04,abr-13,abril-2013,2013,4,2013-04-01,2013-04-30,205,"0,00",Y,"2047,52","68,25","15,67","15,09","0,00",,"0,00","0,00",,
2013-05,may-13,mayo-2013,2013,5,2013-05-01,2013-05-31,205,"0,00",Y,"2457,02","81,90","15,63","15,07","0,00",,"0,00","0,00",,
2013-06,jun-13,junio-2013,2013,6,2013-06-01,2013-06-30,205,"0,00",Y,"2457,02","81,90","15,26","14,88","0,00",,"0,00","0,00",,
2013-07,jul-13,julio-2013,2013,7,2013-07-01,2013-07-31,205,"0,00",Y,"2457,02","81,90","15,43","14,97","0,00",,"0,00","0,00",,
2013-08,ago-13,agosto-2013,2013,8,2013-08-01,2013-08-31,205,"0,00",Y,"2457,02","81,90","16,56","15,53","0,00",,"0,00","0,00",,
2013-09,sep-13,septiembre-2013,2013,9,2013-09-01,2013-09-30,205,"0,00",Y,"2702,73","90,09","15,76","15,13","0,00",,"0,00","0,00",,
2013-10,oct-13,octubre-2013,2013,10,2013-10-01,2013-10-31,205,"0,00",Y,"2702,73","90,09","15,47","14,99","0,00",,"0,00","0,00",,
2013-11,nov-13,noviembre-2013,2013,11,2013-11-01,2013-11-30,205,"0,00",Y,"2973,00","99,10","15,36","14,93","0,00",,"0,00","0,00",,
2013-12,dic-13,diciembre-2013,2013,12,2013-12-01,2013-12-31,205,"0,00",Y,"2973,00","99,10","15,57","15,15","0,00",,"0,00","0,00",,
2014-01,ene-14,enero-2014,2014,1,2014-01-01,2014-01-31,205,"0,00",Y,"3270,30","109,01","15,73","15,12","0,00","107,00","0,00","0,00",,
2014-02,feb-14,febrero-2014,2014,2,2014-02-01,2014-02-28,205,"0,00",Y,"3270,30","109,01","16,27","15,54","0,00","127,00","0,00","0,00",,
2014-03,mar-14,marzo-2014,2014,3,2014-03-01,2014-03-31,205,"0,00",Y,"3270,30","109,01","15,59","15,05","0,00","127,00","0,00","0,00",,
2014-04,abr-14,abril-2014,2014,4,2014-04-01,2014-04-30,205,"0,00",Y,"4251,40","109,01","16,38","15,44","0,00","127,00","0,00","0,00",,
2014-05,may-14,mayo-2014,2014,5,2014-05-01,2014-05-31,205,"0,00",Y,"4251,40","141,71","16,57","15,54","0,00","127,00","0,00","0,00",,
2014-06,jun-14,junio-2014,2014,6,2014-06-01,2014-06-30,205,"0,00",Y,"4251,40","141,71","16,56","15,56","0,00","127,00","0,00","0,00",,
2014-07,jul-14,julio-2014,2014,7,2014-07-01,2014-07-31,205,"0,00",Y,"4251,40","141,71","17,15","15,86","0,00","127,00","0,00","0,00",,
2014-08,ago-14,agosto-2014,2014,8,2014-08-01,2014-08-31,205,"0,00",Y,"4251,40","141,71","17,94","16,23","0,00","127,00","0,00","0,00",,
2014-09,sep-14,septiembre-2014,2014,9,2014-09-01,2014-09-30,205,"0,00",Y,"4251,40","141,71","17,76","16,16","0,00","127,00","0,00","0,00",,
2014-10,oct-14,octubre-2014,2014,10,2014-10-01,2014-10-31,205,"0,00",Y,"4251,40","141,71","18,39","16,65","0,00","127,00","0,00","0,00",,
2014-11,nov-14,noviembre-2014,2014,11,2014-11-01,2014-11-30,205,"0,00",Y,"4251,40","141,71","19,27","16,96","0,00","127,00","0,00","0,00",,
2014-12,dic-14,diciembre-2014,2014,12,2014-12-01,2014-12-31,205,"0,00",Y,"4889,10","162,97","19,17","16,85","0,00","127,00","0,00","0,00",,
2015-01,Enero-15,Enero-2015,2015,1,2015-01-01,2015-01-31,205,"0,00",Y,"4889,10","162,97","18,70","16,76","0,00","127,00","0,00","0,00",,
2015-02,Febrero-2015,Febrero-2015,2015,2,2015-02-01,2015-02-28,205,"0,00",Y,"5622,47","187,42","18,76","16,65","0,00","150,00","0,00","0,00",,
2015-03,Marzo 2015,Marzo 2015,2015,3,2015-03-01,2015-03-31,205,"0,00",Y,"5622,47","187,42","18,87","16,71","0,00","150,00","0,00","0,00",,
2015-04,Abril 2015,Abril 2015,2015,4,2015-04-01,2015-04-30,205,"0,00",Y,"5622,47","187,42","19,51","17,22","0,00","150,00","0,00","0,00",,
2015-05,Mayo 2015,Mayo 2015,2015,5,2015-05-01,2015-05-31,205,"0,00",Y,"6746,98","224,90","19,46","16,99","0,00","150,00","0,00","0,00",,
2015-09,Septiembre 2015,Septiembre 2015,2015,9,2015-09-01,2015-09-30,205,"0,00",Y,"7421,68","247,39","20,89","17,86","0,00","150,00","0,00","7421,68","0,00","7421,68"
2015-10,Octubre 2015,Octubre 2015,2015,10,2015-10-01,2015-10-31,205,"0,00",Y,"7421,68","247,39","21,35","18,13","0,00","150,00","0,00","7421,68","0,00","7421,68"
2015-11,Noviembre 2015,Noviembre 2015,2015,11,2015-11-01,2015-11-30,205,"0,00",Y,"9648,18","321,61","21,33","18,16","0,00","150,00","0,00","0,00","0,00","0,00"
2015-12,Diciembre 2015,Diciembre 2015,2015,12,2015-12-01,2015-12-31,205,"0,00",Y,"9648,18","321,61","21,03","18,05","0,00","150,00","0,00","0,00","0,00","0,00"
2016-01,Enero 2016,Enero 2016,2016,1,2016-01-01,2016-01-31,205,"0,00",Y,"9648,18","321,61","20,61","17,86","0,00","150,00","0,00","0,00","0,00","0,00"
2016-02,Febrero 2016,Febrero 2016,2016,2,2016-02-01,2016-02-11,205,"0,00",Y,"9648,18","321,61","19,54","17,05","0,00","150,00","0,00","0,00","0,00","0,00"
2016-02-2,Febrero 2016-2,Febrero 2016-2,2016,2,2016-02-12,2016-02-29,205,"0,00",Y,"9648,18","321,61","19,54","17,05","0,00","177,00","0,00","0,00","0,00","0,00"
2016-03,Marzo 2016,Marzo 2016,2016,3,2016-03-01,2016-03-31,205,"0,00",Y,"11577,81","385,93","21,09","17,93","0,00","177,00","0,00","0,00","0,00","0,00"
2016-04,Abril 2016,Abril 2016,2016,4,2016-04-01,2016-04-30,205,"0,00",Y,"11577,81","385,93","21,07","17,88","0,00","177,00","0,00","0,00","0,00","0,00"
2016-05,Mayo 2016,Mayo 2016,2016,5,2016-05-01,2016-05-31,205,"0,00",Y,"15051,15","501,71","21,36","18,36","0,00","177,00","0,00","0,00","0,00","0,00"
2016-06,Junio 2016,Junio 2016,2016,6,2016-06-01,2016-06-30,205,"0,00",Y,"15051,15","501,71","21,70","18,12","0,00","177,00","0,00","0,00","0,00","0,00"
2015-06,Junio 2015,Junio 2015,2015,6,2015-06-01,2015-06-30,205,"0,00",Y,"6746,98","224,90","19,68","17,10","0,00","150,00","0,00","0,00","0,00","0,00"
2015-07,Julio 2015,Julio 2015,2015,7,2015-07-01,2015-07-31,205,"0,00",Y,"7421,68","247,39","19,83","17,38","0,00","150,00","0,00","0,00","0,00","0,00"
2015-08,Agosto 2015,Agosto 2015,2015,8,2015-08-01,2015-08-31,205,"0,00",Y,"7421,68","247,39","20,37","17,49","0,00","150,00","0,00","0,00","0,00","0,00"
2016-07,Julio 2016,Julio 2016,2016,7,2016-07-01,2016-07-31,205,"0,00",Y,"15051,15","501,71","21,54","18,07","0,00","177,00","0,00","0,00","0,00","0,00"
2016-08,Agosto 2016,Agosto 2016,2016,8,2016-08-01,2016-08-31,205,"0,00",Y,"15051,15","501,71","21,99","18,54","0,00","177,00","0,00","0,00","0,00","0,00"
2016-09,Septiembre 2016,Septiembre 2016,2016,9,2016-09-01,2016-09-30,205,"0,00",Y,"22576,73","752,56","21,73","18,25","0,00","177,00","0,00","0,00","0,00","0,00"
2016-10,Octubre 2016,Octubre 2016,2016,10,2016-10-01,2016-10-31,205,"0,00",Y,"22576,73","752,56","22,37","18,69","0,00","177,00","0,00","0,00","0,00","0,00"
2016-11,NOVIEMBRE 2016,NOVIEMBRE 2016,2016,11,2016-11-01,2016-11-30,205,"0,00",Y,"27092,08","903,07","22,48","18,60","0,00","177,00","0,00","0,00","0,00","0,00"
2016-12,DICIEMBRE 2016,DICIEMBRE 2016,2016,12,2016-12-01,2016-12-31,205,"0,00",Y,"27092,08","903,07","22,49","18,71","0,00","177,00","0,00","0,00","0,00","0,00"
2017-01,ENERO 2017,ENERO 2017,2017,1,2017-01-01,2017-01-31,205,"0,00",Y,"40638,15","1354,61","0,00","0,00","0,00","177,00","0,00","0,00","0,00","0,00"
2017-02,FEBRERO 2017,FEBRERO 2017,2017,2,2017-02-01,2017-02-23,205,"0,00",Y,"40638,15","1354,61","0,00","0,00","0,00","177,00","0,00","0,00","0,00","0,00"
2017-03,MARZO 2017,MARZO 2017,2017,3,2017-03-01,2017-03-31,205,"0,00",Y,"40638,15","1354,61","0,00","0,00","0,00","300,00","0,00","0,00","0,00","0,00"
2017-02,FEBRERO 2017,FEBRERO 2017,2017,2,2017-02-24,2017-02-28,205,"0,00",Y,"40638,15","1354,61","0,00","0,00","0,00","300,00","0,00","0,00","0,00","0,00"
