<?xml version="1.0" encoding="UTF-8"?><idempiere Name="org.globalqss.idempiere.LCO.withholdings" Version="4.1.1" idempiereVersion="" DataBaseVersion="" Description="" Author="" AuthorEmail="info@globalqss.com" CreatedDate="2017-01-13 17:35:11.741" UpdatedDate="2017-01-13 17:35:11.741" PackOutVersion="100" UpdateDictionary="false" Client="0-SYSTEM-System" AD_Client_UU="11237b53-9592-4af1-b3c5-afd216514b5d">
    <AD_SysConfig type="table">
        <AD_Client_ID>0</AD_Client_ID>
        <AD_Org_ID>0</AD_Org_ID>
        <IsActive>Y</IsActive>
        <Name>PAYSELECTION_CUSTOM_INVOICEWRITEOFF_FUNCTION</Name>
        <Value>lco_invoicewriteoff</Value>
        <Description>Custom Invoice WriteOff calculations for withholdings of Colombia Localisation</Description>
        <EntityType>QSS_LCO</EntityType>
        <ConfigurationLevel>C</ConfigurationLevel>
        <AD_SysConfig_UU>a7522afa-f554-47d0-8803-84b1c334edbf</AD_SysConfig_UU>
    </AD_SysConfig>
    <SQLMandatory type="custom">
        <DBType>Postgres</DBType>
        <statement><![CDATA[CREATE OR REPLACE FUNCTION LCO_InvoiceWriteOff
(
    p_C_Invoice_ID NUMERIC
)
RETURNS numeric AS $body$
DECLARE
    v_Amount NUMERIC;
    v_ClientId C_Invoice.AD_Client_ID%TYPE;
    use_withholdings AD_SysConfig.Value%TYPE;
BEGIN
    SELECT AD_Client_ID INTO v_ClientId FROM C_Invoice WHERE C_Invoice_ID=p_C_Invoice_ID;
    use_withholdings := get_Sysconfig('LCO_USE_WITHHOLDINGS', 'Y', v_ClientId, 0);
    IF use_withholdings = 'Y'
    THEN
        SELECT COALESCE(SUM(TaxAmt),0)
	    INTO v_Amount
	    FROM LCO_InvoiceWithholding
	    WHERE C_Invoice_ID=p_C_Invoice_ID AND IsActive='Y' AND IsCalcOnPayment='Y' AND Processed='N';
    ELSE
        v_Amount := 0;
    END IF;
    RETURN v_Amount;
END;
$body$ LANGUAGE plpgsql STABLE;
]]></statement>
    </SQLMandatory>
    <SQLMandatory type="custom">
        <DBType>Oracle</DBType>
        <statement><![CDATA[CREATE OR REPLACE FUNCTION LCO_InvoiceWriteOff
(
    p_C_Invoice_ID IN NUMBER
)
RETURN NUMBER
AS
    v_Amount NUMERIC;
    v_ClientId C_Invoice.AD_Client_ID%TYPE;
    use_withholdings AD_SysConfig.Value%TYPE;
BEGIN
    SELECT AD_Client_ID INTO v_ClientId FROM C_Invoice WHERE C_Invoice_ID=p_C_Invoice_ID;
    use_withholdings := get_Sysconfig('LCO_USE_WITHHOLDINGS', 'Y', v_ClientId, 0);
    IF use_withholdings = 'Y'
    THEN
        SELECT COALESCE(SUM(TaxAmt),0)
	    INTO v_Amount
	    FROM LCO_InvoiceWithholding
	    WHERE C_Invoice_ID=p_C_Invoice_ID AND IsActive='Y' AND IsCalcOnPayment='Y' AND Processed='N';
    ELSE
        v_Amount := 0;
    END IF;
    RETURN v_Amount;
END LCO_InvoiceWriteOff;
]]></statement>
    </SQLMandatory>
</idempiere>
