<?xml version="1.0" encoding="UTF-8"?><?xml-stylesheet type="text/css" href="idempiereDocument.css"?><idempiereDocument>
    <header>AMERPSOFT Personnel and Payroll R11 LPY-51 Attendance Package Description</header>
    <H1>Package Name:</H1>
    <packagename>AMERPSOFT Personnel and Payroll R11 LPY-51 Attendance</packagename>
    <H1>Author:</H1>
    <Name:/>
    <H1>Email Address:</H1>
    <Email/>
    <H1>Created:</H1>
    <Date>2025-08-27 20:42:40.061</Date>
    <H1>Updated:</H1>
    <Date>2025-09-12 10:18:00.23</Date>
    <H1>Description:</H1>
    <description>Release 11 Addittional changes on Attendance, Social Security Reports, Historic
Base on LPY-51, LPY-52, LPY-53, LPY-54 LPY-55
</description>
    <H1>Instructions:</H1>
    <instructions/>
    <H1>Files in Package:</H1>
    <file>File: PackOut.xml</file>
    <filedirectory>Directory: \dict\</filedirectory>
    <filenotes>Notes: Contains all application/object settings for package</filenotes>
    <H1>Client:</H1>
    <Client>0-SYSTEM-System</Client>
</idempiereDocument>
