<?xml version="1.0" encoding="UTF-8"?><?xml-stylesheet type="text/css" href="idempiereDocument.css"?><idempiereDocument>
    <header>AMERPSOFT ZK_Themes Package Description</header>
    <H1>Package Name:</H1>
    <packagename>AMERPSOFT ZK_Themes</packagename>
    <H1>Author:</H1>
    <Name:/>
    <H1>Email Address:</H1>
    <Email/>
    <H1>Created:</H1>
    <Date>2024-04-13 15:38:55.741</Date>
    <H1>Updated:</H1>
    <Date>2024-04-15 10:08:45.7</Date>
    <H1>Description:</H1>
    <description>AMERPSOFT Editor for Extended Location</description>
    <H1>Instructions:</H1>
    <instructions>NEW CONFIG VAriable:
 ('ZK_THEME', 'ZK_LOGO_LARGE', 'ZK_LOGO_SMALL','ZK_BROWSER_TITLE', 'ZK_BROWSER_ICON','ZK_THEME_USE_FONT_ICON_FOR_IMAGE')</instructions>
    <H1>Files in Package:</H1>
    <file>File: PackOut.xml</file>
    <filedirectory>Directory: \dict\</filedirectory>
    <filenotes>Notes: Contains all application/object settings for package</filenotes>
    <H1>Client:</H1>
    <Client>0-SYSTEM-System</Client>
</idempiereDocument>
