<?xml version="1.0" encoding="UTF-8"?><idempiere Name="2Pack_6.2.0" Version="6.2.0" idempiereVersion="" DataBaseVersion="" Description="Fix database constraints to make them DEFERRABLE INITIALLY DEFERRED" Author="" AuthorEmail="info@globalqss.com" CreatedDate="2019-03-20 14:49:35.099" UpdatedDate="2019-03-20 14:50:39.854" PackOutVersion="100" UpdateDictionary="false" Client="0-SYSTEM-System" AD_Client_UU="11237b53-9592-4af1-b3c5-afd216514b5d">
    <SQLStatement type="custom">
        <DBType>Oracle</DBType>
        <statement>
            <![CDATA[ALTER TABLE ad_orginfo DROP CONSTRAINT lcoisic_adorginfo]]>
        </statement>
    </SQLStatement>
    <SQLMandatory type="custom">
        <DBType>Postgres</DBType>
        <statement>
            <![CDATA[ALTER TABLE ad_orginfo DROP CONSTRAINT IF EXISTS lcoisic_adorginfo]]>
        </statement>
    </SQLMandatory>
    <SQLMandatory type="custom">
        <DBType>ALL</DBType>
        <statement>
            <![CDATA[ALTER TABLE ad_orginfo ADD CONSTRAINT lcoisic_adorginfo FOREIGN KEY (lco_isic_id) REFERENCES lco_isic(lco_isic_id) DEFERRABLE INITIALLY DEFERRED]]>
        </statement>
    </SQLMandatory>
    <SQLStatement type="custom">
        <DBType>Oracle</DBType>
        <statement>
            <![CDATA[ALTER TABLE ad_orginfo DROP CONSTRAINT lcotaxpayertype_adorginfo]]>
        </statement>
    </SQLStatement>
    <SQLMandatory type="custom">
        <DBType>Postgres</DBType>
        <statement>
            <![CDATA[ALTER TABLE ad_orginfo DROP CONSTRAINT IF EXISTS lcotaxpayertype_adorginfo]]>
        </statement>
    </SQLMandatory>
    <SQLMandatory type="custom">
        <DBType>ALL</DBType>
        <statement>
            <![CDATA[ALTER TABLE ad_orginfo ADD CONSTRAINT lcotaxpayertype_adorginfo FOREIGN KEY (lco_taxpayertype_id) REFERENCES lco_taxpayertype(lco_taxpayertype_id) DEFERRABLE INITIALLY DEFERRED]]>
        </statement>
    </SQLMandatory>
    <SQLStatement type="custom">
        <DBType>Oracle</DBType>
        <statement>
            <![CDATA[ALTER TABLE c_bpartner DROP CONSTRAINT lcoisic_cbpartner]]>
        </statement>
    </SQLStatement>
    <SQLMandatory type="custom">
        <DBType>Postgres</DBType>
        <statement>
            <![CDATA[ALTER TABLE c_bpartner DROP CONSTRAINT IF EXISTS lcoisic_cbpartner]]>
        </statement>
    </SQLMandatory>
    <SQLMandatory type="custom">
        <DBType>ALL</DBType>
        <statement>
            <![CDATA[ALTER TABLE c_bpartner ADD CONSTRAINT lcoisic_cbpartner FOREIGN KEY (lco_isic_id) REFERENCES lco_isic(lco_isic_id) DEFERRABLE INITIALLY DEFERRED]]>
        </statement>
    </SQLMandatory>
    <SQLStatement type="custom">
        <DBType>Oracle</DBType>
        <statement>
            <![CDATA[ALTER TABLE c_bpartner DROP CONSTRAINT lcotaxpayertype_cbpartner]]>
        </statement>
    </SQLStatement>
    <SQLMandatory type="custom">
        <DBType>Postgres</DBType>
        <statement>
            <![CDATA[ALTER TABLE c_bpartner DROP CONSTRAINT IF EXISTS lcotaxpayertype_cbpartner]]>
        </statement>
    </SQLMandatory>
    <SQLMandatory type="custom">
        <DBType>ALL</DBType>
        <statement>
            <![CDATA[ALTER TABLE c_bpartner ADD CONSTRAINT lcotaxpayertype_cbpartner FOREIGN KEY (lco_taxpayertype_id) REFERENCES lco_taxpayertype(lco_taxpayertype_id) DEFERRABLE INITIALLY DEFERRED]]>
        </statement>
    </SQLMandatory>
    <SQLStatement type="custom">
        <DBType>Oracle</DBType>
        <statement>
            <![CDATA[ALTER TABLE c_charge DROP CONSTRAINT lcowithholdingcategory_ccharge]]>
        </statement>
    </SQLStatement>
    <SQLMandatory type="custom">
        <DBType>Postgres</DBType>
        <statement>
            <![CDATA[ALTER TABLE c_charge DROP CONSTRAINT IF EXISTS lcowithholdingcategory_ccharge]]>
        </statement>
    </SQLMandatory>
    <SQLMandatory type="custom">
        <DBType>ALL</DBType>
        <statement>
            <![CDATA[ALTER TABLE c_charge ADD CONSTRAINT lcowithholdingcategory_ccharge FOREIGN KEY (lco_withholdingcategory_id) REFERENCES lco_withholdingcategory(lco_withholdingcategory_id) DEFERRABLE INITIALLY DEFERRED]]>
        </statement>
    </SQLMandatory>
    <SQLStatement type="custom">
        <DBType>Oracle</DBType>
        <statement>
            <![CDATA[ALTER TABLE lco_invoicewithholding DROP CONSTRAINT callocationline_lcoinvoicewith]]>
        </statement>
    </SQLStatement>
    <SQLMandatory type="custom">
        <DBType>Postgres</DBType>
        <statement>
            <![CDATA[ALTER TABLE lco_invoicewithholding DROP CONSTRAINT IF EXISTS callocationline_lcoinvoicewith]]>
        </statement>
    </SQLMandatory>
    <SQLMandatory type="custom">
        <DBType>ALL</DBType>
        <statement>
            <![CDATA[ALTER TABLE lco_invoicewithholding ADD CONSTRAINT callocationline_lcoinvoicewith FOREIGN KEY (c_allocationline_id) REFERENCES c_allocationline(c_allocationline_id) DEFERRABLE INITIALLY DEFERRED]]>
        </statement>
    </SQLMandatory>
    <SQLStatement type="custom">
        <DBType>Oracle</DBType>
        <statement>
            <![CDATA[ALTER TABLE lco_invoicewithholding DROP CONSTRAINT cinvoice_lcoinvoicewithholding]]>
        </statement>
    </SQLStatement>
    <SQLMandatory type="custom">
        <DBType>Postgres</DBType>
        <statement>
            <![CDATA[ALTER TABLE lco_invoicewithholding DROP CONSTRAINT IF EXISTS cinvoice_lcoinvoicewithholding]]>
        </statement>
    </SQLMandatory>
    <SQLMandatory type="custom">
        <DBType>ALL</DBType>
        <statement>
            <![CDATA[ALTER TABLE lco_invoicewithholding ADD CONSTRAINT cinvoice_lcoinvoicewithholding FOREIGN KEY (c_invoice_id) REFERENCES c_invoice(c_invoice_id) DEFERRABLE INITIALLY DEFERRED]]>
        </statement>
    </SQLMandatory>
    <SQLStatement type="custom">
        <DBType>Oracle</DBType>
        <statement>
            <![CDATA[ALTER TABLE lco_invoicewithholding DROP CONSTRAINT ctax_lcoinvoicewithholding]]>
        </statement>
    </SQLStatement>
    <SQLMandatory type="custom">
        <DBType>Postgres</DBType>
        <statement>
            <![CDATA[ALTER TABLE lco_invoicewithholding DROP CONSTRAINT IF EXISTS ctax_lcoinvoicewithholding]]>
        </statement>
    </SQLMandatory>
    <SQLMandatory type="custom">
        <DBType>ALL</DBType>
        <statement>
            <![CDATA[ALTER TABLE lco_invoicewithholding ADD CONSTRAINT ctax_lcoinvoicewithholding FOREIGN KEY (c_tax_id) REFERENCES c_tax(c_tax_id) DEFERRABLE INITIALLY DEFERRED]]>
        </statement>
    </SQLMandatory>
    <SQLStatement type="custom">
        <DBType>Oracle</DBType>
        <statement>
            <![CDATA[ALTER TABLE lco_invoicewithholding DROP CONSTRAINT lcowithholdingrule_lcoinvoicew]]>
        </statement>
    </SQLStatement>
    <SQLMandatory type="custom">
        <DBType>Postgres</DBType>
        <statement>
            <![CDATA[ALTER TABLE lco_invoicewithholding DROP CONSTRAINT IF EXISTS lcowithholdingrule_lcoinvoicew]]>
        </statement>
    </SQLMandatory>
    <SQLMandatory type="custom">
        <DBType>ALL</DBType>
        <statement>
            <![CDATA[ALTER TABLE lco_invoicewithholding ADD CONSTRAINT lcowithholdingrule_lcoinvoicew FOREIGN KEY (lco_withholdingrule_id) REFERENCES lco_withholdingrule(lco_withholdingrule_id) DEFERRABLE INITIALLY DEFERRED]]>
        </statement>
    </SQLMandatory>
    <SQLStatement type="custom">
        <DBType>Oracle</DBType>
        <statement>
            <![CDATA[ALTER TABLE lco_invoicewithholding DROP CONSTRAINT lcowithholdingtype_lcoinvoicew]]>
        </statement>
    </SQLStatement>
    <SQLMandatory type="custom">
        <DBType>Postgres</DBType>
        <statement>
            <![CDATA[ALTER TABLE lco_invoicewithholding DROP CONSTRAINT IF EXISTS lcowithholdingtype_lcoinvoicew]]>
        </statement>
    </SQLMandatory>
    <SQLMandatory type="custom">
        <DBType>ALL</DBType>
        <statement>
            <![CDATA[ALTER TABLE lco_invoicewithholding ADD CONSTRAINT lcowithholdingtype_lcoinvoicew FOREIGN KEY (lco_withholdingtype_id) REFERENCES lco_withholdingtype(lco_withholdingtype_id) DEFERRABLE INITIALLY DEFERRED]]>
        </statement>
    </SQLMandatory>
    <SQLStatement type="custom">
        <DBType>Oracle</DBType>
        <statement>
            <![CDATA[ALTER TABLE lco_withholdingcalc DROP CONSTRAINT cbasetax_lcowithholdingcalc]]>
        </statement>
    </SQLStatement>
    <SQLMandatory type="custom">
        <DBType>Postgres</DBType>
        <statement>
            <![CDATA[ALTER TABLE lco_withholdingcalc DROP CONSTRAINT IF EXISTS cbasetax_lcowithholdingcalc]]>
        </statement>
    </SQLMandatory>
    <SQLMandatory type="custom">
        <DBType>ALL</DBType>
        <statement>
            <![CDATA[ALTER TABLE lco_withholdingcalc ADD CONSTRAINT cbasetax_lcowithholdingcalc FOREIGN KEY (c_basetax_id) REFERENCES c_tax(c_tax_id) DEFERRABLE INITIALLY DEFERRED]]>
        </statement>
    </SQLMandatory>
    <SQLStatement type="custom">
        <DBType>Oracle</DBType>
        <statement>
            <![CDATA[ALTER TABLE lco_withholdingcalc DROP CONSTRAINT ctax_lcowithholdingcalc]]>
        </statement>
    </SQLStatement>
    <SQLMandatory type="custom">
        <DBType>Postgres</DBType>
        <statement>
            <![CDATA[ALTER TABLE lco_withholdingcalc DROP CONSTRAINT IF EXISTS ctax_lcowithholdingcalc]]>
        </statement>
    </SQLMandatory>
    <SQLMandatory type="custom">
        <DBType>ALL</DBType>
        <statement>
            <![CDATA[ALTER TABLE lco_withholdingcalc ADD CONSTRAINT ctax_lcowithholdingcalc FOREIGN KEY (c_tax_id) REFERENCES c_tax(c_tax_id) DEFERRABLE INITIALLY DEFERRED]]>
        </statement>
    </SQLMandatory>
    <SQLStatement type="custom">
        <DBType>Oracle</DBType>
        <statement>
            <![CDATA[ALTER TABLE lco_withholdingcalc DROP CONSTRAINT lcowithholdingtype_lcowhcalc]]>
        </statement>
    </SQLStatement>
    <SQLMandatory type="custom">
        <DBType>Postgres</DBType>
        <statement>
            <![CDATA[ALTER TABLE lco_withholdingcalc DROP CONSTRAINT IF EXISTS lcowithholdingtype_lcowhcalc]]>
        </statement>
    </SQLMandatory>
    <SQLMandatory type="custom">
        <DBType>ALL</DBType>
        <statement>
            <![CDATA[ALTER TABLE lco_withholdingcalc ADD CONSTRAINT lcowithholdingtype_lcowhcalc FOREIGN KEY (lco_withholdingtype_id) REFERENCES lco_withholdingtype(lco_withholdingtype_id) DEFERRABLE INITIALLY DEFERRED]]>
        </statement>
    </SQLMandatory>
    <SQLStatement type="custom">
        <DBType>Oracle</DBType>
        <statement>
            <![CDATA[ALTER TABLE lco_withholdingrule DROP CONSTRAINT lcobpcity_lcowithholdingrule]]>
        </statement>
    </SQLStatement>
    <SQLMandatory type="custom">
        <DBType>Postgres</DBType>
        <statement>
            <![CDATA[ALTER TABLE lco_withholdingrule DROP CONSTRAINT IF EXISTS lcobpcity_lcowithholdingrule]]>
        </statement>
    </SQLMandatory>
    <SQLMandatory type="custom">
        <DBType>ALL</DBType>
        <statement>
            <![CDATA[ALTER TABLE lco_withholdingrule ADD CONSTRAINT lcobpcity_lcowithholdingrule FOREIGN KEY (lco_bp_city_id) REFERENCES c_city(c_city_id) DEFERRABLE INITIALLY DEFERRED]]>
        </statement>
    </SQLMandatory>
    <SQLStatement type="custom">
        <DBType>Oracle</DBType>
        <statement>
            <![CDATA[ALTER TABLE lco_withholdingrule DROP CONSTRAINT lcoorgcity_lcowithholdingrule]]>
        </statement>
    </SQLStatement>
    <SQLMandatory type="custom">
        <DBType>Postgres</DBType>
        <statement>
            <![CDATA[ALTER TABLE lco_withholdingrule DROP CONSTRAINT IF EXISTS lcoorgcity_lcowithholdingrule]]>
        </statement>
    </SQLMandatory>
    <SQLMandatory type="custom">
        <DBType>ALL</DBType>
        <statement>
            <![CDATA[ALTER TABLE lco_withholdingrule ADD CONSTRAINT lcoorgcity_lcowithholdingrule FOREIGN KEY (lco_org_city_id) REFERENCES c_city(c_city_id) DEFERRABLE INITIALLY DEFERRED]]>
        </statement>
    </SQLMandatory>
    <SQLStatement type="custom">
        <DBType>Oracle</DBType>
        <statement>
            <![CDATA[ALTER TABLE lco_withholdingrule DROP CONSTRAINT ctaxcategory_lcowithholdingrul]]>
        </statement>
    </SQLStatement>
    <SQLMandatory type="custom">
        <DBType>Postgres</DBType>
        <statement>
            <![CDATA[ALTER TABLE lco_withholdingrule DROP CONSTRAINT IF EXISTS ctaxcategory_lcowithholdingrul]]>
        </statement>
    </SQLMandatory>
    <SQLMandatory type="custom">
        <DBType>ALL</DBType>
        <statement>
            <![CDATA[ALTER TABLE lco_withholdingrule ADD CONSTRAINT ctaxcategory_lcowithholdingrul FOREIGN KEY (c_taxcategory_id) REFERENCES c_taxcategory(c_taxcategory_id) DEFERRABLE INITIALLY DEFERRED]]>
        </statement>
    </SQLMandatory>
    <SQLStatement type="custom">
        <DBType>Oracle</DBType>
        <statement>
            <![CDATA[ALTER TABLE lco_withholdingrule DROP CONSTRAINT lcobpisic_lcowithholdingrule]]>
        </statement>
    </SQLStatement>
    <SQLMandatory type="custom">
        <DBType>Postgres</DBType>
        <statement>
            <![CDATA[ALTER TABLE lco_withholdingrule DROP CONSTRAINT IF EXISTS lcobpisic_lcowithholdingrule]]>
        </statement>
    </SQLMandatory>
    <SQLMandatory type="custom">
        <DBType>ALL</DBType>
        <statement>
            <![CDATA[ALTER TABLE lco_withholdingrule ADD CONSTRAINT lcobpisic_lcowithholdingrule FOREIGN KEY (lco_bp_isic_id) REFERENCES lco_isic(lco_isic_id) DEFERRABLE INITIALLY DEFERRED]]>
        </statement>
    </SQLMandatory>
    <SQLStatement type="custom">
        <DBType>Oracle</DBType>
        <statement>
            <![CDATA[ALTER TABLE lco_withholdingrule DROP CONSTRAINT lcoorgisic_lcowithholdingrule]]>
        </statement>
    </SQLStatement>
    <SQLMandatory type="custom">
        <DBType>Postgres</DBType>
        <statement>
            <![CDATA[ALTER TABLE lco_withholdingrule DROP CONSTRAINT IF EXISTS lcoorgisic_lcowithholdingrule]]>
        </statement>
    </SQLMandatory>
    <SQLMandatory type="custom">
        <DBType>ALL</DBType>
        <statement>
            <![CDATA[ALTER TABLE lco_withholdingrule ADD CONSTRAINT lcoorgisic_lcowithholdingrule FOREIGN KEY (lco_org_isic_id) REFERENCES lco_isic(lco_isic_id) DEFERRABLE INITIALLY DEFERRED]]>
        </statement>
    </SQLMandatory>
    <SQLStatement type="custom">
        <DBType>Oracle</DBType>
        <statement>
            <![CDATA[ALTER TABLE lco_withholdingrule DROP CONSTRAINT lcoorgtaxpayertype_lcowithhold]]>
        </statement>
    </SQLStatement>
    <SQLMandatory type="custom">
        <DBType>Postgres</DBType>
        <statement>
            <![CDATA[ALTER TABLE lco_withholdingrule DROP CONSTRAINT IF EXISTS lcoorgtaxpayertype_lcowithhold]]>
        </statement>
    </SQLMandatory>
    <SQLMandatory type="custom">
        <DBType>ALL</DBType>
        <statement>
            <![CDATA[ALTER TABLE lco_withholdingrule ADD CONSTRAINT lcoorgtaxpayertype_lcowithhold FOREIGN KEY (lco_org_taxpayertype_id) REFERENCES lco_taxpayertype(lco_taxpayertype_id) DEFERRABLE INITIALLY DEFERRED]]>
        </statement>
    </SQLMandatory>
    <SQLStatement type="custom">
        <DBType>Oracle</DBType>
        <statement>
            <![CDATA[ALTER TABLE lco_withholdingrule DROP CONSTRAINT lcobptaxpayertype_lcowithholdi]]>
        </statement>
    </SQLStatement>
    <SQLMandatory type="custom">
        <DBType>Postgres</DBType>
        <statement>
            <![CDATA[ALTER TABLE lco_withholdingrule DROP CONSTRAINT IF EXISTS lcobptaxpayertype_lcowithholdi]]>
        </statement>
    </SQLMandatory>
    <SQLMandatory type="custom">
        <DBType>ALL</DBType>
        <statement>
            <![CDATA[ALTER TABLE lco_withholdingrule ADD CONSTRAINT lcobptaxpayertype_lcowithholdi FOREIGN KEY (lco_bp_taxpayertype_id) REFERENCES lco_taxpayertype(lco_taxpayertype_id) DEFERRABLE INITIALLY DEFERRED]]>
        </statement>
    </SQLMandatory>
    <SQLStatement type="custom">
        <DBType>Oracle</DBType>
        <statement>
            <![CDATA[ALTER TABLE lco_withholdingrule DROP CONSTRAINT lcowithholdingcalc_lcowithhold]]>
        </statement>
    </SQLStatement>
    <SQLMandatory type="custom">
        <DBType>Postgres</DBType>
        <statement>
            <![CDATA[ALTER TABLE lco_withholdingrule DROP CONSTRAINT IF EXISTS lcowithholdingcalc_lcowithhold]]>
        </statement>
    </SQLMandatory>
    <SQLMandatory type="custom">
        <DBType>ALL</DBType>
        <statement>
            <![CDATA[ALTER TABLE lco_withholdingrule ADD CONSTRAINT lcowithholdingcalc_lcowithhold FOREIGN KEY (lco_withholdingcalc_id) REFERENCES lco_withholdingcalc(lco_withholdingcalc_id) DEFERRABLE INITIALLY DEFERRED]]>
        </statement>
    </SQLMandatory>
    <SQLStatement type="custom">
        <DBType>Oracle</DBType>
        <statement>
            <![CDATA[ALTER TABLE lco_withholdingrule DROP CONSTRAINT lcowithholdingcategory_lcowith]]>
        </statement>
    </SQLStatement>
    <SQLMandatory type="custom">
        <DBType>Postgres</DBType>
        <statement>
            <![CDATA[ALTER TABLE lco_withholdingrule DROP CONSTRAINT IF EXISTS lcowithholdingcategory_lcowith]]>
        </statement>
    </SQLMandatory>
    <SQLMandatory type="custom">
        <DBType>ALL</DBType>
        <statement>
            <![CDATA[ALTER TABLE lco_withholdingrule ADD CONSTRAINT lcowithholdingcategory_lcowith FOREIGN KEY (lco_withholdingcategory_id) REFERENCES lco_withholdingcategory(lco_withholdingcategory_id) DEFERRABLE INITIALLY DEFERRED]]>
        </statement>
    </SQLMandatory>
    <SQLStatement type="custom">
        <DBType>Oracle</DBType>
        <statement>
            <![CDATA[ALTER TABLE lco_withholdingrule DROP CONSTRAINT lcowithholdingtype_lcowhrule]]>
        </statement>
    </SQLStatement>
    <SQLMandatory type="custom">
        <DBType>Postgres</DBType>
        <statement>
            <![CDATA[ALTER TABLE lco_withholdingrule DROP CONSTRAINT IF EXISTS lcowithholdingtype_lcowhrule]]>
        </statement>
    </SQLMandatory>
    <SQLMandatory type="custom">
        <DBType>ALL</DBType>
        <statement>
            <![CDATA[ALTER TABLE lco_withholdingrule ADD CONSTRAINT lcowithholdingtype_lcowhrule FOREIGN KEY (lco_withholdingtype_id) REFERENCES lco_withholdingtype(lco_withholdingtype_id) DEFERRABLE INITIALLY DEFERRED]]>
        </statement>
    </SQLMandatory>
    <SQLStatement type="custom">
        <DBType>Oracle</DBType>
        <statement>
            <![CDATA[ALTER TABLE lco_withholdingruleconf DROP CONSTRAINT lcowithholdingtype_lcowhrc]]>
        </statement>
    </SQLStatement>
    <SQLMandatory type="custom">
        <DBType>Postgres</DBType>
        <statement>
            <![CDATA[ALTER TABLE lco_withholdingruleconf DROP CONSTRAINT IF EXISTS lcowithholdingtype_lcowhrc]]>
        </statement>
    </SQLMandatory>
    <SQLMandatory type="custom">
        <DBType>ALL</DBType>
        <statement>
            <![CDATA[ALTER TABLE lco_withholdingruleconf ADD CONSTRAINT lcowithholdingtype_lcowhrc FOREIGN KEY (lco_withholdingtype_id) REFERENCES lco_withholdingtype(lco_withholdingtype_id) DEFERRABLE INITIALLY DEFERRED]]>
        </statement>
    </SQLMandatory>
    <SQLStatement type="custom">
        <DBType>Oracle</DBType>
        <statement>
            <![CDATA[ALTER TABLE m_product DROP CONSTRAINT lcowithholdingcategory_mproduc]]>
        </statement>
    </SQLStatement>
    <SQLMandatory type="custom">
        <DBType>Postgres</DBType>
        <statement>
            <![CDATA[ALTER TABLE m_product DROP CONSTRAINT IF EXISTS lcowithholdingcategory_mproduc]]>
        </statement>
    </SQLMandatory>
    <SQLMandatory type="custom">
        <DBType>ALL</DBType>
        <statement>
            <![CDATA[ALTER TABLE m_product ADD CONSTRAINT lcowithholdingcategory_mproduc FOREIGN KEY (lco_withholdingcategory_id) REFERENCES lco_withholdingcategory(lco_withholdingcategory_id) DEFERRABLE INITIALLY DEFERRED]]>
        </statement>
    </SQLMandatory>
</idempiere>
