<?xml version="1.0" encoding="UTF-8"?><idempiere Name="AMERPSOFT Editor – CountryCode3" Version="11" idempiereVersion="" DataBaseVersion="" Description="Country Code for ISO3  Auxiliary table" Author="" AuthorEmail="" CreatedDate="2024-05-10 09:46:55.0" UpdatedDate="2024-05-10 09:46:55.0" PackOutVersion="100" UpdateDictionary="false" Client="0-SYSTEM-System" AD_Client_UU="11237b53-9592-4af1-b3c5-afd216514b5d">
    <AD_Table type="table">
        <AD_Client_ID>0</AD_Client_ID>
        <AD_Org_ID>0</AD_Org_ID>
        <Name>Country Auxiliary ISO code3</Name>
        <Description/>
        <Help/>
        <AD_Window_ID reference="uuid" reference-key="AD_Window">d98bc77b-7d58-41a0-870a-f5603fbf2449</AD_Window_ID>
        <AD_Val_Rule_ID reference="id"/>
        <TableName>C_Country3</TableName>
        <LoadSeq>0</LoadSeq>
        <AccessLevel>6</AccessLevel>
        <IsActive>Y</IsActive>
        <IsSecurityEnabled>N</IsSecurityEnabled>
        <IsDeleteable>Y</IsDeleteable>
        <IsHighVolume>N</IsHighVolume>
        <IsView>N</IsView>
        <EntityType>AMERP</EntityType>
        <ImportTable>N</ImportTable>
        <IsChangeLog>Y</IsChangeLog>
        <ReplicationType>L</ReplicationType>
        <PO_Window_ID reference="id"/>
        <CopyColumnsFromTable>N</CopyColumnsFromTable>
        <IsCentrallyMaintained>Y</IsCentrallyMaintained>
        <AD_Table_UU>5733b7a4-ded3-4587-9536-fd74035abd41</AD_Table_UU>
        <Processing>N</Processing>
        <DatabaseViewDrop>N</DatabaseViewDrop>
        <CopyComponentsFromView>N</CopyComponentsFromView>
        <CreateWindowFromTable>N</CreateWindowFromTable>
        <IsShowInDrillOptions>N</IsShowInDrillOptions>
        <IsPartition>N</IsPartition>
        <CreatePartition>N</CreatePartition>
        <AD_Element type="table">
            <AD_Client_ID>0</AD_Client_ID>
            <AD_Org_ID>0</AD_Org_ID>
            <IsActive>Y</IsActive>
            <ColumnName>C_Country3_ID</ColumnName>
            <Name>Country Auxiliary ISO code3</Name>
            <Description/>
            <Help/>
            <PrintName>Country Auxiliary ISO code3</PrintName>
            <PO_Description/>
            <PO_Help/>
            <PO_Name/>
            <PO_PrintName/>
            <EntityType>U</EntityType>
            <AD_Element_UU>b02fa291-0f99-4e67-979d-2495cde896f1</AD_Element_UU>
            <Placeholder/>
            <AD_Element_Trl type="translation">
                <Description/>
                <Help/>
                <Name>Country Auxiliary ISO code3</Name>
                <Placeholder/>
                <PO_Description/>
                <PO_Help/>
                <PO_Name/>
                <PO_PrintName/>
                <PrintName>Country Auxiliary ISO code3</PrintName>
                <AD_Language>es_CO</AD_Language>
                <IsActive>Y</IsActive>
                <IsTranslated>N</IsTranslated>
            </AD_Element_Trl>
        </AD_Element>
        <AD_Column type="table">
            <IsSyncDatabase>Y</IsSyncDatabase>
            <AD_Table_ID reference="uuid" reference-key="AD_Table">5733b7a4-ded3-4587-9536-fd74035abd41</AD_Table_ID>
            <AD_Reference_Value_ID reference="id"/>
            <AD_Client_ID>0</AD_Client_ID>
            <AD_Org_ID>0</AD_Org_ID>
            <Version>0</Version>
            <Name>Country Auxiliary ISO code3</Name>
            <Description/>
            <Help/>
            <AD_Val_Rule_ID reference="id"/>
            <ColumnName>C_Country3_ID</ColumnName>
            <DefaultValue/>
            <FieldLength>22</FieldLength>
            <IsKey>Y</IsKey>
            <IsParent>N</IsParent>
            <IsMandatory>Y</IsMandatory>
            <IsTranslated>N</IsTranslated>
            <IsIdentifier>N</IsIdentifier>
            <SeqNo/>
            <IsEncrypted>N</IsEncrypted>
            <AD_Reference_ID reference="id">13</AD_Reference_ID>
            <IsActive>Y</IsActive>
            <VFormat/>
            <Callout/>
            <AD_Element_ID reference="uuid" reference-key="AD_Element">b02fa291-0f99-4e67-979d-2495cde896f1</AD_Element_ID>
            <IsUpdateable>N</IsUpdateable>
            <AD_Process_ID reference="id"/>
            <ValueMin/>
            <ValueMax/>
            <IsSelectionColumn>N</IsSelectionColumn>
            <ReadOnlyLogic/>
            <EntityType>AMERP</EntityType>
            <IsAlwaysUpdateable>N</IsAlwaysUpdateable>
            <ColumnSQL/>
            <MandatoryLogic/>
            <IsAutocomplete>N</IsAutocomplete>
            <IsAllowLogging>Y</IsAllowLogging>
            <FormatPattern/>
            <AD_Chart_ID reference="id"/>
            <AD_Column_UU>c05263b1-ec80-4285-9336-d562e8f4a260</AD_Column_UU>
            <IsAllowCopy>Y</IsAllowCopy>
            <SeqNoSelection/>
            <IsToolbarButton>N</IsToolbarButton>
            <IsSecure>N</IsSecure>
            <FKConstraintName/>
            <FKConstraintType>N</FKConstraintType>
            <PA_DashboardContent_ID reference="id"/>
            <Placeholder/>
            <IsHtml>N</IsHtml>
            <AD_Val_Rule_Lookup_ID reference="id"/>
            <AlwaysUpdatableLogic/>
            <AD_InfoWindow_ID reference="id"/>
            <FKConstraintMsg_ID reference="id"/>
            <PartitioningMethod/>
            <IsPartitionKey>N</IsPartitionKey>
            <SeqNoPartition/>
            <RangePartitionInterval/>
        </AD_Column>
        <AD_Column type="table">
            <IsSyncDatabase>Y</IsSyncDatabase>
            <AD_Table_ID reference="uuid" reference-key="AD_Table">5733b7a4-ded3-4587-9536-fd74035abd41</AD_Table_ID>
            <AD_Reference_Value_ID reference="id"/>
            <AD_Client_ID>0</AD_Client_ID>
            <AD_Org_ID>0</AD_Org_ID>
            <Version>0</Version>
            <Name>Client</Name>
            <Description>Client/Tenant for this installation.</Description>
            <Help>A Client is a company or a legal entity. You cannot share data between Clients. Tenant is a synonym for Client.</Help>
            <AD_Val_Rule_ID reference="id"/>
            <ColumnName>AD_Client_ID</ColumnName>
            <DefaultValue>@#AD_Client_ID@</DefaultValue>
            <FieldLength>10</FieldLength>
            <IsKey>N</IsKey>
            <IsParent>N</IsParent>
            <IsMandatory>Y</IsMandatory>
            <IsTranslated>N</IsTranslated>
            <IsIdentifier>N</IsIdentifier>
            <SeqNo/>
            <IsEncrypted>N</IsEncrypted>
            <AD_Reference_ID reference="id">30</AD_Reference_ID>
            <IsActive>Y</IsActive>
            <VFormat/>
            <Callout/>
            <AD_Element_ID reference="id">102</AD_Element_ID>
            <IsUpdateable>N</IsUpdateable>
            <AD_Process_ID reference="id"/>
            <ValueMin/>
            <ValueMax/>
            <IsSelectionColumn>N</IsSelectionColumn>
            <ReadOnlyLogic>1=1</ReadOnlyLogic>
            <EntityType>AMERP</EntityType>
            <IsAlwaysUpdateable>N</IsAlwaysUpdateable>
            <ColumnSQL/>
            <MandatoryLogic/>
            <IsAutocomplete>N</IsAutocomplete>
            <IsAllowLogging>Y</IsAllowLogging>
            <FormatPattern/>
            <AD_Chart_ID reference="id"/>
            <AD_Column_UU>902521bd-bd70-4ba8-80c8-79783439eb15</AD_Column_UU>
            <IsAllowCopy>N</IsAllowCopy>
            <SeqNoSelection/>
            <IsToolbarButton>N</IsToolbarButton>
            <IsSecure>N</IsSecure>
            <FKConstraintName>ADClient_CCountry3</FKConstraintName>
            <FKConstraintType>N</FKConstraintType>
            <PA_DashboardContent_ID reference="id"/>
            <Placeholder/>
            <IsHtml>N</IsHtml>
            <AD_Val_Rule_Lookup_ID reference="id"/>
            <AlwaysUpdatableLogic/>
            <AD_InfoWindow_ID reference="id"/>
            <FKConstraintMsg_ID reference="id"/>
            <PartitioningMethod/>
            <IsPartitionKey>N</IsPartitionKey>
            <SeqNoPartition/>
            <RangePartitionInterval/>
        </AD_Column>
        <AD_Column type="table">
            <IsSyncDatabase>Y</IsSyncDatabase>
            <AD_Table_ID reference="uuid" reference-key="AD_Table">5733b7a4-ded3-4587-9536-fd74035abd41</AD_Table_ID>
            <AD_Reference_Value_ID reference="id"/>
            <AD_Client_ID>0</AD_Client_ID>
            <AD_Org_ID>0</AD_Org_ID>
            <Version>0</Version>
            <Name>Organization</Name>
            <Description>Organizational entity within client</Description>
            <Help>An organization is a unit of your client or legal entity - examples are store, department. You can share data between organizations.</Help>
            <AD_Val_Rule_ID reference="id"/>
            <ColumnName>AD_Org_ID</ColumnName>
            <DefaultValue>@AD_Org_ID@</DefaultValue>
            <FieldLength>10</FieldLength>
            <IsKey>N</IsKey>
            <IsParent>N</IsParent>
            <IsMandatory>Y</IsMandatory>
            <IsTranslated>N</IsTranslated>
            <IsIdentifier>N</IsIdentifier>
            <SeqNo/>
            <IsEncrypted>N</IsEncrypted>
            <AD_Reference_ID reference="id">19</AD_Reference_ID>
            <IsActive>Y</IsActive>
            <VFormat/>
            <Callout/>
            <AD_Element_ID reference="id">113</AD_Element_ID>
            <IsUpdateable>N</IsUpdateable>
            <AD_Process_ID reference="id"/>
            <ValueMin/>
            <ValueMax/>
            <IsSelectionColumn>N</IsSelectionColumn>
            <ReadOnlyLogic/>
            <EntityType>AMERP</EntityType>
            <IsAlwaysUpdateable>N</IsAlwaysUpdateable>
            <ColumnSQL/>
            <MandatoryLogic/>
            <IsAutocomplete>N</IsAutocomplete>
            <IsAllowLogging>Y</IsAllowLogging>
            <FormatPattern/>
            <AD_Chart_ID reference="id"/>
            <AD_Column_UU>20730019-b860-47e2-b4ba-373b47d850eb</AD_Column_UU>
            <IsAllowCopy>N</IsAllowCopy>
            <SeqNoSelection/>
            <IsToolbarButton>N</IsToolbarButton>
            <IsSecure>N</IsSecure>
            <FKConstraintName>ADOrg_CCountry3</FKConstraintName>
            <FKConstraintType>N</FKConstraintType>
            <PA_DashboardContent_ID reference="id"/>
            <Placeholder/>
            <IsHtml>N</IsHtml>
            <AD_Val_Rule_Lookup_ID reference="id"/>
            <AlwaysUpdatableLogic/>
            <AD_InfoWindow_ID reference="id"/>
            <FKConstraintMsg_ID reference="id"/>
            <PartitioningMethod/>
            <IsPartitionKey>N</IsPartitionKey>
            <SeqNoPartition/>
            <RangePartitionInterval/>
        </AD_Column>
        <AD_Column type="table">
            <IsSyncDatabase>Y</IsSyncDatabase>
            <AD_Table_ID reference="uuid" reference-key="AD_Table">5733b7a4-ded3-4587-9536-fd74035abd41</AD_Table_ID>
            <AD_Reference_Value_ID reference="id"/>
            <AD_Client_ID>0</AD_Client_ID>
            <AD_Org_ID>0</AD_Org_ID>
            <Version>0</Version>
            <Name>Created</Name>
            <Description>Date this record was created</Description>
            <Help>The Created field indicates the date that this record was created.</Help>
            <AD_Val_Rule_ID reference="id"/>
            <ColumnName>Created</ColumnName>
            <DefaultValue/>
            <FieldLength>7</FieldLength>
            <IsKey>N</IsKey>
            <IsParent>N</IsParent>
            <IsMandatory>Y</IsMandatory>
            <IsTranslated>N</IsTranslated>
            <IsIdentifier>N</IsIdentifier>
            <SeqNo/>
            <IsEncrypted>N</IsEncrypted>
            <AD_Reference_ID reference="id">16</AD_Reference_ID>
            <IsActive>Y</IsActive>
            <VFormat/>
            <Callout/>
            <AD_Element_ID reference="id">245</AD_Element_ID>
            <IsUpdateable>N</IsUpdateable>
            <AD_Process_ID reference="id"/>
            <ValueMin/>
            <ValueMax/>
            <IsSelectionColumn>N</IsSelectionColumn>
            <ReadOnlyLogic/>
            <EntityType>AMERP</EntityType>
            <IsAlwaysUpdateable>N</IsAlwaysUpdateable>
            <ColumnSQL/>
            <MandatoryLogic/>
            <IsAutocomplete>N</IsAutocomplete>
            <IsAllowLogging>Y</IsAllowLogging>
            <FormatPattern/>
            <AD_Chart_ID reference="id"/>
            <AD_Column_UU>de8a5b99-97c2-4d08-9364-a91f96af27c9</AD_Column_UU>
            <IsAllowCopy>Y</IsAllowCopy>
            <SeqNoSelection/>
            <IsToolbarButton>N</IsToolbarButton>
            <IsSecure>N</IsSecure>
            <FKConstraintName/>
            <FKConstraintType>N</FKConstraintType>
            <PA_DashboardContent_ID reference="id"/>
            <Placeholder/>
            <IsHtml>N</IsHtml>
            <AD_Val_Rule_Lookup_ID reference="id"/>
            <AlwaysUpdatableLogic/>
            <AD_InfoWindow_ID reference="id"/>
            <FKConstraintMsg_ID reference="id"/>
            <PartitioningMethod/>
            <IsPartitionKey>N</IsPartitionKey>
            <SeqNoPartition/>
            <RangePartitionInterval/>
        </AD_Column>
        <AD_Column type="table">
            <IsSyncDatabase>Y</IsSyncDatabase>
            <AD_Table_ID reference="uuid" reference-key="AD_Table">5733b7a4-ded3-4587-9536-fd74035abd41</AD_Table_ID>
            <AD_Reference_Value_ID reference="id">110</AD_Reference_Value_ID>
            <AD_Client_ID>0</AD_Client_ID>
            <AD_Org_ID>0</AD_Org_ID>
            <Version>0</Version>
            <Name>Created By</Name>
            <Description>User who created this records</Description>
            <Help>The Created By field indicates the user who created this record.</Help>
            <AD_Val_Rule_ID reference="id"/>
            <ColumnName>CreatedBy</ColumnName>
            <DefaultValue/>
            <FieldLength>10</FieldLength>
            <IsKey>N</IsKey>
            <IsParent>N</IsParent>
            <IsMandatory>Y</IsMandatory>
            <IsTranslated>N</IsTranslated>
            <IsIdentifier>N</IsIdentifier>
            <SeqNo/>
            <IsEncrypted>N</IsEncrypted>
            <AD_Reference_ID reference="id">30</AD_Reference_ID>
            <IsActive>Y</IsActive>
            <VFormat/>
            <Callout/>
            <AD_Element_ID reference="id">246</AD_Element_ID>
            <IsUpdateable>N</IsUpdateable>
            <AD_Process_ID reference="id"/>
            <ValueMin/>
            <ValueMax/>
            <IsSelectionColumn>N</IsSelectionColumn>
            <ReadOnlyLogic/>
            <EntityType>AMERP</EntityType>
            <IsAlwaysUpdateable>N</IsAlwaysUpdateable>
            <ColumnSQL/>
            <MandatoryLogic/>
            <IsAutocomplete>N</IsAutocomplete>
            <IsAllowLogging>Y</IsAllowLogging>
            <FormatPattern/>
            <AD_Chart_ID reference="id"/>
            <AD_Column_UU>55696a6a-c812-4211-9b80-1c9a520b1d69</AD_Column_UU>
            <IsAllowCopy>N</IsAllowCopy>
            <SeqNoSelection/>
            <IsToolbarButton>N</IsToolbarButton>
            <IsSecure>N</IsSecure>
            <FKConstraintName>CreatedBy_CCountry3</FKConstraintName>
            <FKConstraintType>N</FKConstraintType>
            <PA_DashboardContent_ID reference="id"/>
            <Placeholder/>
            <IsHtml>N</IsHtml>
            <AD_Val_Rule_Lookup_ID reference="id"/>
            <AlwaysUpdatableLogic/>
            <AD_InfoWindow_ID reference="id"/>
            <FKConstraintMsg_ID reference="id"/>
            <PartitioningMethod/>
            <IsPartitionKey>N</IsPartitionKey>
            <SeqNoPartition/>
            <RangePartitionInterval/>
        </AD_Column>
        <AD_Column type="table">
            <IsSyncDatabase>Y</IsSyncDatabase>
            <AD_Table_ID reference="uuid" reference-key="AD_Table">5733b7a4-ded3-4587-9536-fd74035abd41</AD_Table_ID>
            <AD_Reference_Value_ID reference="id"/>
            <AD_Client_ID>0</AD_Client_ID>
            <AD_Org_ID>0</AD_Org_ID>
            <Version>0</Version>
            <Name>Updated</Name>
            <Description>Date this record was updated</Description>
            <Help>The Updated field indicates the date that this record was updated.</Help>
            <AD_Val_Rule_ID reference="id"/>
            <ColumnName>Updated</ColumnName>
            <DefaultValue/>
            <FieldLength>7</FieldLength>
            <IsKey>N</IsKey>
            <IsParent>N</IsParent>
            <IsMandatory>Y</IsMandatory>
            <IsTranslated>N</IsTranslated>
            <IsIdentifier>N</IsIdentifier>
            <SeqNo/>
            <IsEncrypted>N</IsEncrypted>
            <AD_Reference_ID reference="id">16</AD_Reference_ID>
            <IsActive>Y</IsActive>
            <VFormat/>
            <Callout/>
            <AD_Element_ID reference="id">607</AD_Element_ID>
            <IsUpdateable>N</IsUpdateable>
            <AD_Process_ID reference="id"/>
            <ValueMin/>
            <ValueMax/>
            <IsSelectionColumn>N</IsSelectionColumn>
            <ReadOnlyLogic/>
            <EntityType>AMERP</EntityType>
            <IsAlwaysUpdateable>N</IsAlwaysUpdateable>
            <ColumnSQL/>
            <MandatoryLogic/>
            <IsAutocomplete>N</IsAutocomplete>
            <IsAllowLogging>Y</IsAllowLogging>
            <FormatPattern/>
            <AD_Chart_ID reference="id"/>
            <AD_Column_UU>b632335a-63e7-4608-9813-cc7c649259fc</AD_Column_UU>
            <IsAllowCopy>Y</IsAllowCopy>
            <SeqNoSelection/>
            <IsToolbarButton>N</IsToolbarButton>
            <IsSecure>N</IsSecure>
            <FKConstraintName/>
            <FKConstraintType>N</FKConstraintType>
            <PA_DashboardContent_ID reference="id"/>
            <Placeholder/>
            <IsHtml>N</IsHtml>
            <AD_Val_Rule_Lookup_ID reference="id"/>
            <AlwaysUpdatableLogic/>
            <AD_InfoWindow_ID reference="id"/>
            <FKConstraintMsg_ID reference="id"/>
            <PartitioningMethod/>
            <IsPartitionKey>N</IsPartitionKey>
            <SeqNoPartition/>
            <RangePartitionInterval/>
        </AD_Column>
        <AD_Column type="table">
            <IsSyncDatabase>Y</IsSyncDatabase>
            <AD_Table_ID reference="uuid" reference-key="AD_Table">5733b7a4-ded3-4587-9536-fd74035abd41</AD_Table_ID>
            <AD_Reference_Value_ID reference="id">110</AD_Reference_Value_ID>
            <AD_Client_ID>0</AD_Client_ID>
            <AD_Org_ID>0</AD_Org_ID>
            <Version>0</Version>
            <Name>Updated By</Name>
            <Description>User who updated this records</Description>
            <Help>The Updated By field indicates the user who updated this record.</Help>
            <AD_Val_Rule_ID reference="id"/>
            <ColumnName>UpdatedBy</ColumnName>
            <DefaultValue/>
            <FieldLength>10</FieldLength>
            <IsKey>N</IsKey>
            <IsParent>N</IsParent>
            <IsMandatory>Y</IsMandatory>
            <IsTranslated>N</IsTranslated>
            <IsIdentifier>N</IsIdentifier>
            <SeqNo/>
            <IsEncrypted>N</IsEncrypted>
            <AD_Reference_ID reference="id">30</AD_Reference_ID>
            <IsActive>Y</IsActive>
            <VFormat/>
            <Callout/>
            <AD_Element_ID reference="id">608</AD_Element_ID>
            <IsUpdateable>N</IsUpdateable>
            <AD_Process_ID reference="id"/>
            <ValueMin/>
            <ValueMax/>
            <IsSelectionColumn>N</IsSelectionColumn>
            <ReadOnlyLogic/>
            <EntityType>AMERP</EntityType>
            <IsAlwaysUpdateable>N</IsAlwaysUpdateable>
            <ColumnSQL/>
            <MandatoryLogic/>
            <IsAutocomplete>N</IsAutocomplete>
            <IsAllowLogging>Y</IsAllowLogging>
            <FormatPattern/>
            <AD_Chart_ID reference="id"/>
            <AD_Column_UU>31946ca1-6d81-48d5-882f-f344ee255f62</AD_Column_UU>
            <IsAllowCopy>N</IsAllowCopy>
            <SeqNoSelection/>
            <IsToolbarButton>N</IsToolbarButton>
            <IsSecure>N</IsSecure>
            <FKConstraintName>UpdatedBy_CCountry3</FKConstraintName>
            <FKConstraintType>N</FKConstraintType>
            <PA_DashboardContent_ID reference="id"/>
            <Placeholder/>
            <IsHtml>N</IsHtml>
            <AD_Val_Rule_Lookup_ID reference="id"/>
            <AlwaysUpdatableLogic/>
            <AD_InfoWindow_ID reference="id"/>
            <FKConstraintMsg_ID reference="id"/>
            <PartitioningMethod/>
            <IsPartitionKey>N</IsPartitionKey>
            <SeqNoPartition/>
            <RangePartitionInterval/>
        </AD_Column>
        <AD_Column type="table">
            <IsSyncDatabase>Y</IsSyncDatabase>
            <AD_Table_ID reference="uuid" reference-key="AD_Table">5733b7a4-ded3-4587-9536-fd74035abd41</AD_Table_ID>
            <AD_Reference_Value_ID reference="id"/>
            <AD_Client_ID>0</AD_Client_ID>
            <AD_Org_ID>0</AD_Org_ID>
            <Version>0</Version>
            <Name>Active</Name>
            <Description>The record is active in the system</Description>
            <Help>There are two methods of making records unavailable in the system: One is to delete the record, the other is to de-activate the record. A de-activated record is not available for selection, but available for reports.
There are two reasons for de-activating and not deleting records:
(1) The system requires the record for audit purposes.
(2) The record is referenced by other records. E.g., you cannot delete a Business Partner, if there are invoices for this partner record existing. You de-activate the Business Partner and prevent that this record is used for future entries.</Help>
            <AD_Val_Rule_ID reference="id"/>
            <ColumnName>IsActive</ColumnName>
            <DefaultValue>Y</DefaultValue>
            <FieldLength>1</FieldLength>
            <IsKey>N</IsKey>
            <IsParent>N</IsParent>
            <IsMandatory>Y</IsMandatory>
            <IsTranslated>N</IsTranslated>
            <IsIdentifier>N</IsIdentifier>
            <SeqNo/>
            <IsEncrypted>N</IsEncrypted>
            <AD_Reference_ID reference="id">20</AD_Reference_ID>
            <IsActive>Y</IsActive>
            <VFormat/>
            <Callout/>
            <AD_Element_ID reference="id">348</AD_Element_ID>
            <IsUpdateable>Y</IsUpdateable>
            <AD_Process_ID reference="id"/>
            <ValueMin/>
            <ValueMax/>
            <IsSelectionColumn>N</IsSelectionColumn>
            <ReadOnlyLogic/>
            <EntityType>AMERP</EntityType>
            <IsAlwaysUpdateable>N</IsAlwaysUpdateable>
            <ColumnSQL/>
            <MandatoryLogic/>
            <IsAutocomplete>N</IsAutocomplete>
            <IsAllowLogging>Y</IsAllowLogging>
            <FormatPattern/>
            <AD_Chart_ID reference="id"/>
            <AD_Column_UU>eb0f26b8-20cb-4b22-ac57-cbef514facf4</AD_Column_UU>
            <IsAllowCopy>Y</IsAllowCopy>
            <SeqNoSelection/>
            <IsToolbarButton>N</IsToolbarButton>
            <IsSecure>N</IsSecure>
            <FKConstraintName/>
            <FKConstraintType>N</FKConstraintType>
            <PA_DashboardContent_ID reference="id"/>
            <Placeholder/>
            <IsHtml>N</IsHtml>
            <AD_Val_Rule_Lookup_ID reference="id"/>
            <AlwaysUpdatableLogic/>
            <AD_InfoWindow_ID reference="id"/>
            <FKConstraintMsg_ID reference="id"/>
            <PartitioningMethod/>
            <IsPartitionKey>N</IsPartitionKey>
            <SeqNoPartition/>
            <RangePartitionInterval/>
        </AD_Column>
        <AD_Element type="table">
            <AD_Client_ID>0</AD_Client_ID>
            <AD_Org_ID>0</AD_Org_ID>
            <IsActive>Y</IsActive>
            <ColumnName>C_Country3_UU</ColumnName>
            <Name>C_Country3_UU</Name>
            <Description/>
            <Help/>
            <PrintName>C_Country3_UU</PrintName>
            <PO_Description/>
            <PO_Help/>
            <PO_Name/>
            <PO_PrintName/>
            <EntityType>U</EntityType>
            <AD_Element_UU>51f1042d-92e5-42bb-a524-9bfea7fe71fb</AD_Element_UU>
            <Placeholder/>
            <AD_Element_Trl type="translation">
                <Description/>
                <Help/>
                <Name>C_Country3_UU</Name>
                <Placeholder/>
                <PO_Description/>
                <PO_Help/>
                <PO_Name/>
                <PO_PrintName/>
                <PrintName>C_Country3_UU</PrintName>
                <AD_Language>es_CO</AD_Language>
                <IsActive>Y</IsActive>
                <IsTranslated>N</IsTranslated>
            </AD_Element_Trl>
        </AD_Element>
        <AD_Column type="table">
            <IsSyncDatabase>Y</IsSyncDatabase>
            <AD_Table_ID reference="uuid" reference-key="AD_Table">5733b7a4-ded3-4587-9536-fd74035abd41</AD_Table_ID>
            <AD_Reference_Value_ID reference="id"/>
            <AD_Client_ID>0</AD_Client_ID>
            <AD_Org_ID>0</AD_Org_ID>
            <Version>0</Version>
            <Name>C_Country3_UU</Name>
            <Description/>
            <Help/>
            <AD_Val_Rule_ID reference="id"/>
            <ColumnName>C_Country3_UU</ColumnName>
            <DefaultValue/>
            <FieldLength>36</FieldLength>
            <IsKey>N</IsKey>
            <IsParent>N</IsParent>
            <IsMandatory>N</IsMandatory>
            <IsTranslated>N</IsTranslated>
            <IsIdentifier>N</IsIdentifier>
            <SeqNo/>
            <IsEncrypted>N</IsEncrypted>
            <AD_Reference_ID reference="id">200231</AD_Reference_ID>
            <IsActive>Y</IsActive>
            <VFormat/>
            <Callout/>
            <AD_Element_ID reference="uuid" reference-key="AD_Element">51f1042d-92e5-42bb-a524-9bfea7fe71fb</AD_Element_ID>
            <IsUpdateable>Y</IsUpdateable>
            <AD_Process_ID reference="id"/>
            <ValueMin/>
            <ValueMax/>
            <IsSelectionColumn>N</IsSelectionColumn>
            <ReadOnlyLogic/>
            <EntityType>AMERP</EntityType>
            <IsAlwaysUpdateable>N</IsAlwaysUpdateable>
            <ColumnSQL/>
            <MandatoryLogic/>
            <IsAutocomplete>N</IsAutocomplete>
            <IsAllowLogging>Y</IsAllowLogging>
            <FormatPattern/>
            <AD_Chart_ID reference="id"/>
            <AD_Column_UU>8148cf4b-9e83-42e4-9343-bb084dd6e867</AD_Column_UU>
            <IsAllowCopy>Y</IsAllowCopy>
            <SeqNoSelection/>
            <IsToolbarButton>N</IsToolbarButton>
            <IsSecure>N</IsSecure>
            <FKConstraintName/>
            <FKConstraintType>N</FKConstraintType>
            <PA_DashboardContent_ID reference="id"/>
            <Placeholder/>
            <IsHtml>N</IsHtml>
            <AD_Val_Rule_Lookup_ID reference="id"/>
            <AlwaysUpdatableLogic/>
            <AD_InfoWindow_ID reference="id"/>
            <FKConstraintMsg_ID reference="id"/>
            <PartitioningMethod/>
            <IsPartitionKey>N</IsPartitionKey>
            <SeqNoPartition/>
            <RangePartitionInterval/>
        </AD_Column>
        <AD_Column type="table">
            <IsSyncDatabase>Y</IsSyncDatabase>
            <AD_Table_ID reference="uuid" reference-key="AD_Table">5733b7a4-ded3-4587-9536-fd74035abd41</AD_Table_ID>
            <AD_Reference_Value_ID reference="id"/>
            <AD_Client_ID>0</AD_Client_ID>
            <AD_Org_ID>0</AD_Org_ID>
            <Version>0</Version>
            <Name>Name</Name>
            <Description>Alphanumeric identifier of the entity</Description>
            <Help>The name of an entity (record) is used as an default search option in addition to the search key. The name is up to 60 characters in length.</Help>
            <AD_Val_Rule_ID reference="id"/>
            <ColumnName>Name</ColumnName>
            <DefaultValue/>
            <FieldLength>60</FieldLength>
            <IsKey>N</IsKey>
            <IsParent>N</IsParent>
            <IsMandatory>Y</IsMandatory>
            <IsTranslated>N</IsTranslated>
            <IsIdentifier>Y</IsIdentifier>
            <SeqNo/>
            <IsEncrypted>N</IsEncrypted>
            <AD_Reference_ID reference="id">10</AD_Reference_ID>
            <IsActive>Y</IsActive>
            <VFormat/>
            <Callout/>
            <AD_Element_ID reference="id">469</AD_Element_ID>
            <IsUpdateable>Y</IsUpdateable>
            <AD_Process_ID reference="id"/>
            <ValueMin/>
            <ValueMax/>
            <IsSelectionColumn>Y</IsSelectionColumn>
            <ReadOnlyLogic/>
            <EntityType>AMERP</EntityType>
            <IsAlwaysUpdateable>N</IsAlwaysUpdateable>
            <ColumnSQL/>
            <MandatoryLogic/>
            <IsAutocomplete>N</IsAutocomplete>
            <IsAllowLogging>Y</IsAllowLogging>
            <FormatPattern/>
            <AD_Chart_ID reference="id"/>
            <AD_Column_UU>1b0f0e17-99f4-4b6c-ac26-687b5c5a378a</AD_Column_UU>
            <IsAllowCopy>Y</IsAllowCopy>
            <SeqNoSelection>10</SeqNoSelection>
            <IsToolbarButton>N</IsToolbarButton>
            <IsSecure>N</IsSecure>
            <FKConstraintName/>
            <FKConstraintType>N</FKConstraintType>
            <PA_DashboardContent_ID reference="id"/>
            <Placeholder/>
            <IsHtml>N</IsHtml>
            <AD_Val_Rule_Lookup_ID reference="id"/>
            <AlwaysUpdatableLogic/>
            <AD_InfoWindow_ID reference="id"/>
            <FKConstraintMsg_ID reference="id"/>
            <PartitioningMethod/>
            <IsPartitionKey>N</IsPartitionKey>
            <SeqNoPartition/>
            <RangePartitionInterval/>
        </AD_Column>
        <AD_Column type="table">
            <IsSyncDatabase>Y</IsSyncDatabase>
            <AD_Table_ID reference="uuid" reference-key="AD_Table">5733b7a4-ded3-4587-9536-fd74035abd41</AD_Table_ID>
            <AD_Reference_Value_ID reference="id"/>
            <AD_Client_ID>0</AD_Client_ID>
            <AD_Org_ID>0</AD_Org_ID>
            <Version>0</Version>
            <Name>Description</Name>
            <Description>Optional short description of the record</Description>
            <Help>A description is limited to 255 characters.</Help>
            <AD_Val_Rule_ID reference="id"/>
            <ColumnName>Description</ColumnName>
            <DefaultValue/>
            <FieldLength>255</FieldLength>
            <IsKey>N</IsKey>
            <IsParent>N</IsParent>
            <IsMandatory>N</IsMandatory>
            <IsTranslated>N</IsTranslated>
            <IsIdentifier>N</IsIdentifier>
            <SeqNo/>
            <IsEncrypted>N</IsEncrypted>
            <AD_Reference_ID reference="id">10</AD_Reference_ID>
            <IsActive>Y</IsActive>
            <VFormat/>
            <Callout/>
            <AD_Element_ID reference="id">275</AD_Element_ID>
            <IsUpdateable>Y</IsUpdateable>
            <AD_Process_ID reference="id"/>
            <ValueMin/>
            <ValueMax/>
            <IsSelectionColumn>N</IsSelectionColumn>
            <ReadOnlyLogic/>
            <EntityType>AMERP</EntityType>
            <IsAlwaysUpdateable>N</IsAlwaysUpdateable>
            <ColumnSQL/>
            <MandatoryLogic/>
            <IsAutocomplete>N</IsAutocomplete>
            <IsAllowLogging>Y</IsAllowLogging>
            <FormatPattern/>
            <AD_Chart_ID reference="id"/>
            <AD_Column_UU>464e75bb-e972-4884-9369-6649ba37b6d5</AD_Column_UU>
            <IsAllowCopy>Y</IsAllowCopy>
            <SeqNoSelection/>
            <IsToolbarButton>N</IsToolbarButton>
            <IsSecure>N</IsSecure>
            <FKConstraintName/>
            <FKConstraintType>N</FKConstraintType>
            <PA_DashboardContent_ID reference="id"/>
            <Placeholder/>
            <IsHtml>N</IsHtml>
            <AD_Val_Rule_Lookup_ID reference="id"/>
            <AlwaysUpdatableLogic/>
            <AD_InfoWindow_ID reference="id"/>
            <FKConstraintMsg_ID reference="id"/>
            <PartitioningMethod/>
            <IsPartitionKey>N</IsPartitionKey>
            <SeqNoPartition/>
            <RangePartitionInterval/>
        </AD_Column>
        <AD_Column type="table">
            <IsSyncDatabase>Y</IsSyncDatabase>
            <AD_Table_ID reference="uuid" reference-key="AD_Table">5733b7a4-ded3-4587-9536-fd74035abd41</AD_Table_ID>
            <AD_Reference_Value_ID reference="id"/>
            <AD_Client_ID>0</AD_Client_ID>
            <AD_Org_ID>0</AD_Org_ID>
            <Version>0</Version>
            <Name>Comment/Help</Name>
            <Description>Comment or Hint</Description>
            <Help>The Help field contains a hint, comment or help about the use of this item.</Help>
            <AD_Val_Rule_ID reference="id"/>
            <ColumnName>Help</ColumnName>
            <DefaultValue/>
            <FieldLength>2000</FieldLength>
            <IsKey>N</IsKey>
            <IsParent>N</IsParent>
            <IsMandatory>N</IsMandatory>
            <IsTranslated>N</IsTranslated>
            <IsIdentifier>N</IsIdentifier>
            <SeqNo/>
            <IsEncrypted>N</IsEncrypted>
            <AD_Reference_ID reference="id">10</AD_Reference_ID>
            <IsActive>Y</IsActive>
            <VFormat/>
            <Callout/>
            <AD_Element_ID reference="id">326</AD_Element_ID>
            <IsUpdateable>Y</IsUpdateable>
            <AD_Process_ID reference="id"/>
            <ValueMin/>
            <ValueMax/>
            <IsSelectionColumn>N</IsSelectionColumn>
            <ReadOnlyLogic/>
            <EntityType>AMERP</EntityType>
            <IsAlwaysUpdateable>N</IsAlwaysUpdateable>
            <ColumnSQL/>
            <MandatoryLogic/>
            <IsAutocomplete>N</IsAutocomplete>
            <IsAllowLogging>Y</IsAllowLogging>
            <FormatPattern/>
            <AD_Chart_ID reference="id"/>
            <AD_Column_UU>089dd03b-f3c2-4019-b481-55f3dbdb893f</AD_Column_UU>
            <IsAllowCopy>Y</IsAllowCopy>
            <SeqNoSelection/>
            <IsToolbarButton>N</IsToolbarButton>
            <IsSecure>N</IsSecure>
            <FKConstraintName/>
            <FKConstraintType>N</FKConstraintType>
            <PA_DashboardContent_ID reference="id"/>
            <Placeholder/>
            <IsHtml>N</IsHtml>
            <AD_Val_Rule_Lookup_ID reference="id"/>
            <AlwaysUpdatableLogic/>
            <AD_InfoWindow_ID reference="id"/>
            <FKConstraintMsg_ID reference="id"/>
            <PartitioningMethod/>
            <IsPartitionKey>N</IsPartitionKey>
            <SeqNoPartition/>
            <RangePartitionInterval/>
        </AD_Column>
        <AD_Column type="table">
            <IsSyncDatabase>Y</IsSyncDatabase>
            <AD_Table_ID reference="uuid" reference-key="AD_Table">5733b7a4-ded3-4587-9536-fd74035abd41</AD_Table_ID>
            <AD_Reference_Value_ID reference="id"/>
            <AD_Client_ID>0</AD_Client_ID>
            <AD_Org_ID>0</AD_Org_ID>
            <Version>0</Version>
            <Name>ISO Country Code</Name>
            <Description>Upper-case two-letter alphanumeric ISO Country code according to ISO 3166-1 - http://www.chemie.fu-berlin.de/diverse/doc/ISO_3166.html</Description>
            <Help>For details - http://www.din.de/gremien/nas/nabd/iso3166ma/codlstp1.html or - http://www.unece.org/trade/rec/rec03en.htm</Help>
            <AD_Val_Rule_ID reference="id"/>
            <ColumnName>CountryCode</ColumnName>
            <DefaultValue/>
            <FieldLength>2</FieldLength>
            <IsKey>N</IsKey>
            <IsParent>N</IsParent>
            <IsMandatory>N</IsMandatory>
            <IsTranslated>N</IsTranslated>
            <IsIdentifier>N</IsIdentifier>
            <SeqNo>0</SeqNo>
            <IsEncrypted>N</IsEncrypted>
            <AD_Reference_ID reference="id">10</AD_Reference_ID>
            <IsActive>Y</IsActive>
            <VFormat/>
            <Callout/>
            <AD_Element_ID reference="id">244</AD_Element_ID>
            <IsUpdateable>Y</IsUpdateable>
            <AD_Process_ID reference="id"/>
            <ValueMin/>
            <ValueMax/>
            <IsSelectionColumn>N</IsSelectionColumn>
            <ReadOnlyLogic/>
            <EntityType>U</EntityType>
            <IsAlwaysUpdateable>N</IsAlwaysUpdateable>
            <ColumnSQL/>
            <MandatoryLogic/>
            <IsAutocomplete>N</IsAutocomplete>
            <IsAllowLogging>Y</IsAllowLogging>
            <FormatPattern/>
            <AD_Chart_ID reference="id"/>
            <AD_Column_UU>93c00f3f-abe5-4b1d-bbe7-d4bb03cfddad</AD_Column_UU>
            <IsAllowCopy>Y</IsAllowCopy>
            <SeqNoSelection>0</SeqNoSelection>
            <IsToolbarButton>N</IsToolbarButton>
            <IsSecure>N</IsSecure>
            <FKConstraintName/>
            <FKConstraintType>N</FKConstraintType>
            <PA_DashboardContent_ID reference="id"/>
            <Placeholder/>
            <IsHtml>N</IsHtml>
            <AD_Val_Rule_Lookup_ID reference="id"/>
            <AlwaysUpdatableLogic/>
            <AD_InfoWindow_ID reference="id"/>
            <FKConstraintMsg_ID reference="id"/>
            <PartitioningMethod/>
            <IsPartitionKey>N</IsPartitionKey>
            <SeqNoPartition/>
            <RangePartitionInterval/>
        </AD_Column>
        <AD_Element type="table">
            <AD_Client_ID>0</AD_Client_ID>
            <AD_Org_ID>0</AD_Org_ID>
            <IsActive>Y</IsActive>
            <ColumnName>CountryCode3</ColumnName>
            <Name>Country Code 3</Name>
            <Description>Country Code 3 Digits Standard</Description>
            <Help/>
            <PrintName>Country Code 3</PrintName>
            <PO_Description/>
            <PO_Help/>
            <PO_Name/>
            <PO_PrintName/>
            <EntityType>AMERP</EntityType>
            <AD_Element_UU>dbec9bdd-2667-40e4-82e2-60a610e59f07</AD_Element_UU>
            <Placeholder/>
            <AD_Element_Trl type="translation">
                <Description/>
                <Help/>
                <Name>Código 3 Dígitos País</Name>
                <Placeholder/>
                <PO_Description/>
                <PO_Help/>
                <PO_Name/>
                <PO_PrintName/>
                <PrintName>Código 3 Dígitos País</PrintName>
                <AD_Language>es_CO</AD_Language>
                <IsActive>Y</IsActive>
                <IsTranslated>Y</IsTranslated>
            </AD_Element_Trl>
        </AD_Element>
        <AD_Column type="table">
            <IsSyncDatabase>Y</IsSyncDatabase>
            <AD_Table_ID reference="uuid" reference-key="AD_Table">5733b7a4-ded3-4587-9536-fd74035abd41</AD_Table_ID>
            <AD_Reference_Value_ID reference="id"/>
            <AD_Client_ID>0</AD_Client_ID>
            <AD_Org_ID>0</AD_Org_ID>
            <Version>0</Version>
            <Name>Country Code 3</Name>
            <Description>Country Code 3 Digits Standard</Description>
            <Help/>
            <AD_Val_Rule_ID reference="id"/>
            <ColumnName>CountryCode3</ColumnName>
            <DefaultValue/>
            <FieldLength>3</FieldLength>
            <IsKey>N</IsKey>
            <IsParent>N</IsParent>
            <IsMandatory>N</IsMandatory>
            <IsTranslated>N</IsTranslated>
            <IsIdentifier>N</IsIdentifier>
            <SeqNo>0</SeqNo>
            <IsEncrypted>N</IsEncrypted>
            <AD_Reference_ID reference="id">10</AD_Reference_ID>
            <IsActive>Y</IsActive>
            <VFormat/>
            <Callout/>
            <AD_Element_ID reference="uuid" reference-key="AD_Element">dbec9bdd-2667-40e4-82e2-60a610e59f07</AD_Element_ID>
            <IsUpdateable>Y</IsUpdateable>
            <AD_Process_ID reference="id"/>
            <ValueMin/>
            <ValueMax/>
            <IsSelectionColumn>N</IsSelectionColumn>
            <ReadOnlyLogic/>
            <EntityType>U</EntityType>
            <IsAlwaysUpdateable>N</IsAlwaysUpdateable>
            <ColumnSQL/>
            <MandatoryLogic/>
            <IsAutocomplete>N</IsAutocomplete>
            <IsAllowLogging>Y</IsAllowLogging>
            <FormatPattern/>
            <AD_Chart_ID reference="id"/>
            <AD_Column_UU>c212ed58-4b66-4f50-b21e-8ee5594a44d8</AD_Column_UU>
            <IsAllowCopy>Y</IsAllowCopy>
            <SeqNoSelection>0</SeqNoSelection>
            <IsToolbarButton>N</IsToolbarButton>
            <IsSecure>N</IsSecure>
            <FKConstraintName/>
            <FKConstraintType>N</FKConstraintType>
            <PA_DashboardContent_ID reference="id"/>
            <Placeholder/>
            <IsHtml>N</IsHtml>
            <AD_Val_Rule_Lookup_ID reference="id"/>
            <AlwaysUpdatableLogic/>
            <AD_InfoWindow_ID reference="id"/>
            <FKConstraintMsg_ID reference="id"/>
            <PartitioningMethod/>
            <IsPartitionKey>N</IsPartitionKey>
            <SeqNoPartition/>
            <RangePartitionInterval/>
        </AD_Column>
        <AD_Column type="table">
            <IsSyncDatabase>Y</IsSyncDatabase>
            <AD_Table_ID reference="uuid" reference-key="AD_Table">5733b7a4-ded3-4587-9536-fd74035abd41</AD_Table_ID>
            <AD_Reference_Value_ID reference="id"/>
            <AD_Client_ID>0</AD_Client_ID>
            <AD_Org_ID>0</AD_Org_ID>
            <Version>0</Version>
            <Name>Country</Name>
            <Description>Country </Description>
            <Help>The Country defines a Country.  Each Country must be defined before it can be used in any document.</Help>
            <AD_Val_Rule_ID reference="id"/>
            <ColumnName>C_Country_ID</ColumnName>
            <DefaultValue/>
            <FieldLength>10</FieldLength>
            <IsKey>N</IsKey>
            <IsParent>N</IsParent>
            <IsMandatory>N</IsMandatory>
            <IsTranslated>N</IsTranslated>
            <IsIdentifier>N</IsIdentifier>
            <SeqNo>0</SeqNo>
            <IsEncrypted>N</IsEncrypted>
            <AD_Reference_ID reference="id">19</AD_Reference_ID>
            <IsActive>Y</IsActive>
            <VFormat/>
            <Callout/>
            <AD_Element_ID reference="id">192</AD_Element_ID>
            <IsUpdateable>N</IsUpdateable>
            <AD_Process_ID reference="id"/>
            <ValueMin/>
            <ValueMax/>
            <IsSelectionColumn>N</IsSelectionColumn>
            <ReadOnlyLogic/>
            <EntityType>U</EntityType>
            <IsAlwaysUpdateable>N</IsAlwaysUpdateable>
            <ColumnSQL/>
            <MandatoryLogic/>
            <IsAutocomplete>N</IsAutocomplete>
            <IsAllowLogging>Y</IsAllowLogging>
            <FormatPattern/>
            <AD_Chart_ID reference="id"/>
            <AD_Column_UU>fcda13d2-2157-4fd9-92bb-74f3aed68a4b</AD_Column_UU>
            <IsAllowCopy>Y</IsAllowCopy>
            <SeqNoSelection>0</SeqNoSelection>
            <IsToolbarButton>N</IsToolbarButton>
            <IsSecure>N</IsSecure>
            <FKConstraintName>CCountry_CCountry3</FKConstraintName>
            <FKConstraintType>N</FKConstraintType>
            <PA_DashboardContent_ID reference="id"/>
            <Placeholder/>
            <IsHtml>N</IsHtml>
            <AD_Val_Rule_Lookup_ID reference="id"/>
            <AlwaysUpdatableLogic/>
            <AD_InfoWindow_ID reference="id"/>
            <FKConstraintMsg_ID reference="id"/>
            <PartitioningMethod/>
            <IsPartitionKey>N</IsPartitionKey>
            <SeqNoPartition/>
            <RangePartitionInterval/>
        </AD_Column>
        <AD_TableIndex type="table">
            <AD_Client_ID>0</AD_Client_ID>
            <AD_Org_ID>0</AD_Org_ID>
            <AD_TableIndex_UU>4a2516b3-b2f8-408b-aaf6-7e39592368cd</AD_TableIndex_UU>
            <Description/>
            <EntityType>AMERP</EntityType>
            <IsActive>Y</IsActive>
            <Name>C_Country3_uu_idx</Name>
            <AD_Table_ID reference="uuid" reference-key="AD_Table">5733b7a4-ded3-4587-9536-fd74035abd41</AD_Table_ID>
            <Help/>
            <IsCreateConstraint>Y</IsCreateConstraint>
            <IsUnique>Y</IsUnique>
            <Processing>N</Processing>
            <AD_Message_ID reference="id"/>
            <TableIndexDrop/>
            <IsKey>N</IsKey>
            <AD_IndexColumn type="table">
                <AD_Client_ID>0</AD_Client_ID>
                <AD_Org_ID>0</AD_Org_ID>
                <AD_IndexColumn_UU>5ac2be86-3d06-4cfa-acf3-8ba5a7d1cfa0</AD_IndexColumn_UU>
                <EntityType>AMERP</EntityType>
                <IsActive>Y</IsActive>
                <AD_Column_ID reference="uuid" reference-key="AD_Column">8148cf4b-9e83-42e4-9343-bb084dd6e867</AD_Column_ID>
                <AD_TableIndex_ID reference="uuid" reference-key="AD_TableIndex">4a2516b3-b2f8-408b-aaf6-7e39592368cd</AD_TableIndex_ID>
                <ColumnSQL/>
                <SeqNo>10</SeqNo>
            </AD_IndexColumn>
        </AD_TableIndex>
    </AD_Table>
    <AD_Window type="table">
        <AD_Client_ID>0</AD_Client_ID>
        <AD_Org_ID>0</AD_Org_ID>
        <Name>Country Auxiliary ISO code3</Name>
        <Description/>
        <Help/>
        <IsActive>Y</IsActive>
        <WindowType>M</WindowType>
        <Processing>N</Processing>
        <AD_Color_ID reference="id"/>
        <AD_Image_ID reference="id"/>
        <EntityType>AMERP</EntityType>
        <IsSOTrx>N</IsSOTrx>
        <IsDefault>N</IsDefault>
        <WinHeight/>
        <WinWidth/>
        <IsBetaFunctionality>N</IsBetaFunctionality>
        <AD_Window_UU>d98bc77b-7d58-41a0-870a-f5603fbf2449</AD_Window_UU>
        <TitleLogic/>
        <PredefinedContextVariables/>
        <AD_Window_Trl type="translation">
            <Description/>
            <Help/>
            <Name>Country Auxiliary ISO code3</Name>
            <AD_Language>es_CO</AD_Language>
            <IsActive>Y</IsActive>
            <IsTranslated>N</IsTranslated>
        </AD_Window_Trl>
        <AD_Tab type="table">
            <AD_Client_ID>0</AD_Client_ID>
            <AD_Org_ID>0</AD_Org_ID>
            <Name>Country Auxiliary ISO code3</Name>
            <Description/>
            <Help/>
            <AD_Window_ID reference="uuid" reference-key="AD_Window">d98bc77b-7d58-41a0-870a-f5603fbf2449</AD_Window_ID>
            <SeqNo>10</SeqNo>
            <IsSingleRow>Y</IsSingleRow>
            <AD_Table_ID reference="uuid" reference-key="AD_Table">5733b7a4-ded3-4587-9536-fd74035abd41</AD_Table_ID>
            <IsActive>Y</IsActive>
            <HasTree>N</HasTree>
            <IsInfoTab>N</IsInfoTab>
            <IsTranslationTab>N</IsTranslationTab>
            <IsReadOnly>N</IsReadOnly>
            <AD_Column_ID reference="id"/>
            <WhereClause/>
            <OrderByClause>C_Country3.Name</OrderByClause>
            <CommitWarning/>
            <AD_Process_ID reference="id"/>
            <Processing>N</Processing>
            <AD_Image_ID reference="id"/>
            <ImportFields/>
            <TabLevel>0</TabLevel>
            <IsSortTab>N</IsSortTab>
            <AD_ColumnSortYesNo_ID reference="id"/>
            <AD_ColumnSortOrder_ID reference="id"/>
            <EntityType>AMERP</EntityType>
            <Included_Tab_ID reference="id"/>
            <ReadOnlyLogic/>
            <DisplayLogic/>
            <IsInsertRecord>Y</IsInsertRecord>
            <IsAdvancedTab>N</IsAdvancedTab>
            <Parent_Column_ID reference="id"/>
            <AD_Tab_UU>3276f9eb-690d-4dfd-a56f-9f6193c7c5cd</AD_Tab_UU>
            <AD_CtxHelp_ID reference="id"/>
            <TreeDisplayedOn>B</TreeDisplayedOn>
            <AD_TabType/>
            <IsLookupOnlySelection>N</IsLookupOnlySelection>
            <IsAllowAdvancedLookup>Y</IsAllowAdvancedLookup>
            <MaxQueryRecords>0</MaxQueryRecords>
            <IsHighVolume/>
            <DeleteConfirmationLogic/>
            <AD_Tab_Trl type="translation">
                <CommitWarning/>
                <Description/>
                <Help/>
                <Name>Country Auxiliary ISO code3</Name>
                <AD_Language>es_CO</AD_Language>
                <IsActive>Y</IsActive>
                <IsTranslated>N</IsTranslated>
            </AD_Tab_Trl>
            <AD_Field type="table">
                <AD_Client_ID>0</AD_Client_ID>
                <AD_Org_ID>0</AD_Org_ID>
                <Name>Client</Name>
                <Description>Client/Tenant for this installation.</Description>
                <Help>A Client is a company or a legal entity. You cannot share data between Clients. Tenant is a synonym for Client.</Help>
                <AD_Tab_ID reference="uuid" reference-key="AD_Tab">3276f9eb-690d-4dfd-a56f-9f6193c7c5cd</AD_Tab_ID>
                <AD_Column_ID reference="uuid" reference-key="AD_Column">902521bd-bd70-4ba8-80c8-79783439eb15</AD_Column_ID>
                <IsDisplayed>Y</IsDisplayed>
                <DisplayLogic/>
                <DisplayLength>10</DisplayLength>
                <SeqNo>10</SeqNo>
                <SortNo/>
                <IsSameLine>N</IsSameLine>
                <IsHeading>N</IsHeading>
                <IsFieldOnly>N</IsFieldOnly>
                <IsEncrypted>N</IsEncrypted>
                <IsActive>Y</IsActive>
                <IsReadOnly>N</IsReadOnly>
                <IsCentrallyMaintained>Y</IsCentrallyMaintained>
                <AD_FieldGroup_ID reference="id"/>
                <EntityType>AMERP</EntityType>
                <ObscureType/>
                <AD_Reference_ID reference="id"/>
                <IsMandatory/>
                <DefaultValue/>
                <AD_Reference_Value_ID reference="id"/>
                <AD_Val_Rule_ID reference="id"/>
                <Included_Tab_ID reference="id"/>
                <AD_Field_UU>e3d93159-4c67-43fd-ab25-d0738cba78d6</AD_Field_UU>
                <IsAllowCopy/>
                <IsDisplayedGrid>Y</IsDisplayedGrid>
                <SeqNoGrid>10</SeqNoGrid>
                <XPosition>1</XPosition>
                <ColumnSpan>2</ColumnSpan>
                <NumLines>1</NumLines>
                <IsQuickEntry>N</IsQuickEntry>
                <IsUpdateable/>
                <IsAlwaysUpdateable/>
                <MandatoryLogic/>
                <ReadOnlyLogic/>
                <IsToolbarButton/>
                <IsDefaultFocus>N</IsDefaultFocus>
                <IsAdvancedField>N</IsAdvancedField>
                <VFormat/>
                <AD_LabelStyle_ID reference="id"/>
                <AD_FieldStyle_ID reference="id"/>
                <IsQuickForm>N</IsQuickForm>
                <Placeholder/>
                <IsSelectionColumn/>
                <AD_Val_Rule_Lookup_ID reference="id"/>
                <ColumnSQL/>
                <AD_Chart_ID reference="id"/>
                <AlwaysUpdatableLogic/>
                <AD_Field_Trl type="translation">
                    <Description>Client/Tenant for this installation.</Description>
                    <Help>A Client is a company or a legal entity. You cannot share data between Clients. Tenant is a synonym for Client.</Help>
                    <Name>Client</Name>
                    <Placeholder/>
                    <AD_Language>es_CO</AD_Language>
                    <IsActive>Y</IsActive>
                    <IsTranslated>N</IsTranslated>
                </AD_Field_Trl>
            </AD_Field>
            <AD_Field type="table">
                <AD_Client_ID>0</AD_Client_ID>
                <AD_Org_ID>0</AD_Org_ID>
                <Name>Organization</Name>
                <Description>Organizational entity within client</Description>
                <Help>An organization is a unit of your client or legal entity - examples are store, department. You can share data between organizations.</Help>
                <AD_Tab_ID reference="uuid" reference-key="AD_Tab">3276f9eb-690d-4dfd-a56f-9f6193c7c5cd</AD_Tab_ID>
                <AD_Column_ID reference="uuid" reference-key="AD_Column">20730019-b860-47e2-b4ba-373b47d850eb</AD_Column_ID>
                <IsDisplayed>Y</IsDisplayed>
                <DisplayLogic/>
                <DisplayLength>10</DisplayLength>
                <SeqNo>20</SeqNo>
                <SortNo/>
                <IsSameLine>N</IsSameLine>
                <IsHeading>N</IsHeading>
                <IsFieldOnly>N</IsFieldOnly>
                <IsEncrypted>N</IsEncrypted>
                <IsActive>Y</IsActive>
                <IsReadOnly>N</IsReadOnly>
                <IsCentrallyMaintained>Y</IsCentrallyMaintained>
                <AD_FieldGroup_ID reference="id"/>
                <EntityType>AMERP</EntityType>
                <ObscureType/>
                <AD_Reference_ID reference="id"/>
                <IsMandatory/>
                <DefaultValue/>
                <AD_Reference_Value_ID reference="id"/>
                <AD_Val_Rule_ID reference="id"/>
                <Included_Tab_ID reference="id"/>
                <AD_Field_UU>c1e2c836-8c47-494e-8e17-3bd8e4fd50c5</AD_Field_UU>
                <IsAllowCopy>Y</IsAllowCopy>
                <IsDisplayedGrid>N</IsDisplayedGrid>
                <SeqNoGrid/>
                <XPosition>4</XPosition>
                <ColumnSpan>2</ColumnSpan>
                <NumLines>1</NumLines>
                <IsQuickEntry>N</IsQuickEntry>
                <IsUpdateable/>
                <IsAlwaysUpdateable/>
                <MandatoryLogic/>
                <ReadOnlyLogic/>
                <IsToolbarButton/>
                <IsDefaultFocus>N</IsDefaultFocus>
                <IsAdvancedField>N</IsAdvancedField>
                <VFormat/>
                <AD_LabelStyle_ID reference="id"/>
                <AD_FieldStyle_ID reference="id"/>
                <IsQuickForm>N</IsQuickForm>
                <Placeholder/>
                <IsSelectionColumn/>
                <AD_Val_Rule_Lookup_ID reference="id"/>
                <ColumnSQL/>
                <AD_Chart_ID reference="id"/>
                <AlwaysUpdatableLogic/>
                <AD_Field_Trl type="translation">
                    <Description>Organizational entity within client</Description>
                    <Help>An organization is a unit of your client or legal entity - examples are store, department. You can share data between organizations.</Help>
                    <Name>Organization</Name>
                    <Placeholder/>
                    <AD_Language>es_CO</AD_Language>
                    <IsActive>Y</IsActive>
                    <IsTranslated>N</IsTranslated>
                </AD_Field_Trl>
            </AD_Field>
            <AD_Field type="table">
                <AD_Client_ID>0</AD_Client_ID>
                <AD_Org_ID>0</AD_Org_ID>
                <Name>Name</Name>
                <Description>Alphanumeric identifier of the entity</Description>
                <Help>The name of an entity (record) is used as an default search option in addition to the search key. The name is up to 60 characters in length.</Help>
                <AD_Tab_ID reference="uuid" reference-key="AD_Tab">3276f9eb-690d-4dfd-a56f-9f6193c7c5cd</AD_Tab_ID>
                <AD_Column_ID reference="uuid" reference-key="AD_Column">1b0f0e17-99f4-4b6c-ac26-687b5c5a378a</AD_Column_ID>
                <IsDisplayed>Y</IsDisplayed>
                <DisplayLogic/>
                <DisplayLength>60</DisplayLength>
                <SeqNo>30</SeqNo>
                <SortNo/>
                <IsSameLine>N</IsSameLine>
                <IsHeading>N</IsHeading>
                <IsFieldOnly>N</IsFieldOnly>
                <IsEncrypted>N</IsEncrypted>
                <IsActive>Y</IsActive>
                <IsReadOnly>N</IsReadOnly>
                <IsCentrallyMaintained>Y</IsCentrallyMaintained>
                <AD_FieldGroup_ID reference="id"/>
                <EntityType>AMERP</EntityType>
                <ObscureType/>
                <AD_Reference_ID reference="id"/>
                <IsMandatory/>
                <DefaultValue/>
                <AD_Reference_Value_ID reference="id"/>
                <AD_Val_Rule_ID reference="id"/>
                <Included_Tab_ID reference="id"/>
                <AD_Field_UU>e1069c1c-6c9b-41c4-a857-f73246a57b83</AD_Field_UU>
                <IsAllowCopy/>
                <IsDisplayedGrid>Y</IsDisplayedGrid>
                <SeqNoGrid>20</SeqNoGrid>
                <XPosition>1</XPosition>
                <ColumnSpan>5</ColumnSpan>
                <NumLines>1</NumLines>
                <IsQuickEntry>N</IsQuickEntry>
                <IsUpdateable/>
                <IsAlwaysUpdateable/>
                <MandatoryLogic/>
                <ReadOnlyLogic/>
                <IsToolbarButton/>
                <IsDefaultFocus>N</IsDefaultFocus>
                <IsAdvancedField>N</IsAdvancedField>
                <VFormat/>
                <AD_LabelStyle_ID reference="id"/>
                <AD_FieldStyle_ID reference="id"/>
                <IsQuickForm>N</IsQuickForm>
                <Placeholder/>
                <IsSelectionColumn/>
                <AD_Val_Rule_Lookup_ID reference="id"/>
                <ColumnSQL/>
                <AD_Chart_ID reference="id"/>
                <AlwaysUpdatableLogic/>
                <AD_Field_Trl type="translation">
                    <Description>Alphanumeric identifier of the entity</Description>
                    <Help>The name of an entity (record) is used as an default search option in addition to the search key. The name is up to 60 characters in length.</Help>
                    <Name>Name</Name>
                    <Placeholder/>
                    <AD_Language>es_CO</AD_Language>
                    <IsActive>Y</IsActive>
                    <IsTranslated>N</IsTranslated>
                </AD_Field_Trl>
            </AD_Field>
            <AD_Field type="table">
                <AD_Client_ID>0</AD_Client_ID>
                <AD_Org_ID>0</AD_Org_ID>
                <Name>Description</Name>
                <Description>Optional short description of the record</Description>
                <Help>A description is limited to 255 characters.</Help>
                <AD_Tab_ID reference="uuid" reference-key="AD_Tab">3276f9eb-690d-4dfd-a56f-9f6193c7c5cd</AD_Tab_ID>
                <AD_Column_ID reference="uuid" reference-key="AD_Column">464e75bb-e972-4884-9369-6649ba37b6d5</AD_Column_ID>
                <IsDisplayed>Y</IsDisplayed>
                <DisplayLogic/>
                <DisplayLength>255</DisplayLength>
                <SeqNo>40</SeqNo>
                <SortNo/>
                <IsSameLine>N</IsSameLine>
                <IsHeading>N</IsHeading>
                <IsFieldOnly>N</IsFieldOnly>
                <IsEncrypted>N</IsEncrypted>
                <IsActive>Y</IsActive>
                <IsReadOnly>N</IsReadOnly>
                <IsCentrallyMaintained>Y</IsCentrallyMaintained>
                <AD_FieldGroup_ID reference="id"/>
                <EntityType>AMERP</EntityType>
                <ObscureType/>
                <AD_Reference_ID reference="id"/>
                <IsMandatory/>
                <DefaultValue/>
                <AD_Reference_Value_ID reference="id"/>
                <AD_Val_Rule_ID reference="id"/>
                <Included_Tab_ID reference="id"/>
                <AD_Field_UU>9887d6b8-e6b9-4659-858e-4099399ea65f</AD_Field_UU>
                <IsAllowCopy/>
                <IsDisplayedGrid>Y</IsDisplayedGrid>
                <SeqNoGrid>30</SeqNoGrid>
                <XPosition>1</XPosition>
                <ColumnSpan>5</ColumnSpan>
                <NumLines>1</NumLines>
                <IsQuickEntry>N</IsQuickEntry>
                <IsUpdateable/>
                <IsAlwaysUpdateable/>
                <MandatoryLogic/>
                <ReadOnlyLogic/>
                <IsToolbarButton/>
                <IsDefaultFocus>N</IsDefaultFocus>
                <IsAdvancedField>N</IsAdvancedField>
                <VFormat/>
                <AD_LabelStyle_ID reference="id"/>
                <AD_FieldStyle_ID reference="id"/>
                <IsQuickForm>N</IsQuickForm>
                <Placeholder/>
                <IsSelectionColumn/>
                <AD_Val_Rule_Lookup_ID reference="id"/>
                <ColumnSQL/>
                <AD_Chart_ID reference="id"/>
                <AlwaysUpdatableLogic/>
                <AD_Field_Trl type="translation">
                    <Description>Optional short description of the record</Description>
                    <Help>A description is limited to 255 characters.</Help>
                    <Name>Description</Name>
                    <Placeholder/>
                    <AD_Language>es_CO</AD_Language>
                    <IsActive>Y</IsActive>
                    <IsTranslated>N</IsTranslated>
                </AD_Field_Trl>
            </AD_Field>
            <AD_Field type="table">
                <AD_Client_ID>0</AD_Client_ID>
                <AD_Org_ID>0</AD_Org_ID>
                <Name>Comment/Help</Name>
                <Description>Comment or Hint</Description>
                <Help>The Help field contains a hint, comment or help about the use of this item.</Help>
                <AD_Tab_ID reference="uuid" reference-key="AD_Tab">3276f9eb-690d-4dfd-a56f-9f6193c7c5cd</AD_Tab_ID>
                <AD_Column_ID reference="uuid" reference-key="AD_Column">089dd03b-f3c2-4019-b481-55f3dbdb893f</AD_Column_ID>
                <IsDisplayed>Y</IsDisplayed>
                <DisplayLogic/>
                <DisplayLength>2000</DisplayLength>
                <SeqNo>50</SeqNo>
                <SortNo/>
                <IsSameLine>N</IsSameLine>
                <IsHeading>N</IsHeading>
                <IsFieldOnly>N</IsFieldOnly>
                <IsEncrypted>N</IsEncrypted>
                <IsActive>Y</IsActive>
                <IsReadOnly>N</IsReadOnly>
                <IsCentrallyMaintained>Y</IsCentrallyMaintained>
                <AD_FieldGroup_ID reference="id"/>
                <EntityType>AMERP</EntityType>
                <ObscureType/>
                <AD_Reference_ID reference="id"/>
                <IsMandatory/>
                <DefaultValue/>
                <AD_Reference_Value_ID reference="id"/>
                <AD_Val_Rule_ID reference="id"/>
                <Included_Tab_ID reference="id"/>
                <AD_Field_UU>e832353c-08ab-4250-8d73-5e2bef7b88b6</AD_Field_UU>
                <IsAllowCopy/>
                <IsDisplayedGrid>Y</IsDisplayedGrid>
                <SeqNoGrid>40</SeqNoGrid>
                <XPosition>1</XPosition>
                <ColumnSpan>5</ColumnSpan>
                <NumLines>1</NumLines>
                <IsQuickEntry>N</IsQuickEntry>
                <IsUpdateable/>
                <IsAlwaysUpdateable/>
                <MandatoryLogic/>
                <ReadOnlyLogic/>
                <IsToolbarButton/>
                <IsDefaultFocus>N</IsDefaultFocus>
                <IsAdvancedField>N</IsAdvancedField>
                <VFormat/>
                <AD_LabelStyle_ID reference="id"/>
                <AD_FieldStyle_ID reference="id"/>
                <IsQuickForm>N</IsQuickForm>
                <Placeholder/>
                <IsSelectionColumn/>
                <AD_Val_Rule_Lookup_ID reference="id"/>
                <ColumnSQL/>
                <AD_Chart_ID reference="id"/>
                <AlwaysUpdatableLogic/>
                <AD_Field_Trl type="translation">
                    <Description>Comment or Hint</Description>
                    <Help>The Help field contains a hint, comment or help about the use of this item.</Help>
                    <Name>Comment/Help</Name>
                    <Placeholder/>
                    <AD_Language>es_CO</AD_Language>
                    <IsActive>Y</IsActive>
                    <IsTranslated>N</IsTranslated>
                </AD_Field_Trl>
            </AD_Field>
            <AD_Field type="table">
                <AD_Client_ID>0</AD_Client_ID>
                <AD_Org_ID>0</AD_Org_ID>
                <Name>ISO Country Code</Name>
                <Description>Upper-case two-letter alphanumeric ISO Country code according to ISO 3166-1 - http://www.chemie.fu-berlin.de/diverse/doc/ISO_3166.html</Description>
                <Help>For details - http://www.din.de/gremien/nas/nabd/iso3166ma/codlstp1.html or - http://www.unece.org/trade/rec/rec03en.htm</Help>
                <AD_Tab_ID reference="uuid" reference-key="AD_Tab">3276f9eb-690d-4dfd-a56f-9f6193c7c5cd</AD_Tab_ID>
                <AD_Column_ID reference="uuid" reference-key="AD_Column">93c00f3f-abe5-4b1d-bbe7-d4bb03cfddad</AD_Column_ID>
                <IsDisplayed>Y</IsDisplayed>
                <DisplayLogic/>
                <DisplayLength>2</DisplayLength>
                <SeqNo>60</SeqNo>
                <SortNo/>
                <IsSameLine>N</IsSameLine>
                <IsHeading>N</IsHeading>
                <IsFieldOnly>N</IsFieldOnly>
                <IsEncrypted>N</IsEncrypted>
                <IsActive>Y</IsActive>
                <IsReadOnly>N</IsReadOnly>
                <IsCentrallyMaintained>Y</IsCentrallyMaintained>
                <AD_FieldGroup_ID reference="id"/>
                <EntityType>U</EntityType>
                <ObscureType/>
                <AD_Reference_ID reference="id"/>
                <IsMandatory/>
                <DefaultValue/>
                <AD_Reference_Value_ID reference="id"/>
                <AD_Val_Rule_ID reference="id"/>
                <Included_Tab_ID reference="id"/>
                <AD_Field_UU>68ad7ff2-b547-44a8-9da8-47b84be91aec</AD_Field_UU>
                <IsAllowCopy/>
                <IsDisplayedGrid>Y</IsDisplayedGrid>
                <SeqNoGrid>50</SeqNoGrid>
                <XPosition>1</XPosition>
                <ColumnSpan>2</ColumnSpan>
                <NumLines>1</NumLines>
                <IsQuickEntry>N</IsQuickEntry>
                <IsUpdateable/>
                <IsAlwaysUpdateable/>
                <MandatoryLogic/>
                <ReadOnlyLogic/>
                <IsToolbarButton/>
                <IsDefaultFocus>N</IsDefaultFocus>
                <IsAdvancedField>N</IsAdvancedField>
                <VFormat/>
                <AD_LabelStyle_ID reference="id"/>
                <AD_FieldStyle_ID reference="id"/>
                <IsQuickForm>N</IsQuickForm>
                <Placeholder/>
                <IsSelectionColumn/>
                <AD_Val_Rule_Lookup_ID reference="id"/>
                <ColumnSQL/>
                <AD_Chart_ID reference="id"/>
                <AlwaysUpdatableLogic/>
                <AD_Field_Trl type="translation">
                    <Description>Upper-case two-letter alphanumeric ISO Country code according to ISO 3166-1 - http://www.chemie.fu-berlin.de/diverse/doc/ISO_3166.html</Description>
                    <Help>For details - http://www.din.de/gremien/nas/nabd/iso3166ma/codlstp1.html or - http://www.unece.org/trade/rec/rec03en.htm</Help>
                    <Name>ISO Country Code</Name>
                    <Placeholder/>
                    <AD_Language>es_CO</AD_Language>
                    <IsActive>Y</IsActive>
                    <IsTranslated>N</IsTranslated>
                </AD_Field_Trl>
            </AD_Field>
            <AD_Field type="table">
                <AD_Client_ID>0</AD_Client_ID>
                <AD_Org_ID>0</AD_Org_ID>
                <Name>Country Code 3</Name>
                <Description>Country Code 3 Digits Standard</Description>
                <Help/>
                <AD_Tab_ID reference="uuid" reference-key="AD_Tab">3276f9eb-690d-4dfd-a56f-9f6193c7c5cd</AD_Tab_ID>
                <AD_Column_ID reference="uuid" reference-key="AD_Column">c212ed58-4b66-4f50-b21e-8ee5594a44d8</AD_Column_ID>
                <IsDisplayed>Y</IsDisplayed>
                <DisplayLogic/>
                <DisplayLength>3</DisplayLength>
                <SeqNo>70</SeqNo>
                <SortNo/>
                <IsSameLine>N</IsSameLine>
                <IsHeading>N</IsHeading>
                <IsFieldOnly>N</IsFieldOnly>
                <IsEncrypted>N</IsEncrypted>
                <IsActive>Y</IsActive>
                <IsReadOnly>N</IsReadOnly>
                <IsCentrallyMaintained>Y</IsCentrallyMaintained>
                <AD_FieldGroup_ID reference="id"/>
                <EntityType>U</EntityType>
                <ObscureType/>
                <AD_Reference_ID reference="id"/>
                <IsMandatory/>
                <DefaultValue/>
                <AD_Reference_Value_ID reference="id"/>
                <AD_Val_Rule_ID reference="id"/>
                <Included_Tab_ID reference="id"/>
                <AD_Field_UU>f4e10ca9-d433-497c-b00c-d5b04c157498</AD_Field_UU>
                <IsAllowCopy/>
                <IsDisplayedGrid>Y</IsDisplayedGrid>
                <SeqNoGrid>60</SeqNoGrid>
                <XPosition>1</XPosition>
                <ColumnSpan>2</ColumnSpan>
                <NumLines>1</NumLines>
                <IsQuickEntry>N</IsQuickEntry>
                <IsUpdateable/>
                <IsAlwaysUpdateable/>
                <MandatoryLogic/>
                <ReadOnlyLogic/>
                <IsToolbarButton/>
                <IsDefaultFocus>N</IsDefaultFocus>
                <IsAdvancedField>N</IsAdvancedField>
                <VFormat/>
                <AD_LabelStyle_ID reference="id"/>
                <AD_FieldStyle_ID reference="id"/>
                <IsQuickForm>N</IsQuickForm>
                <Placeholder/>
                <IsSelectionColumn/>
                <AD_Val_Rule_Lookup_ID reference="id"/>
                <ColumnSQL/>
                <AD_Chart_ID reference="id"/>
                <AlwaysUpdatableLogic/>
                <AD_Field_Trl type="translation">
                    <Description>Country Code 3 Digits Standard</Description>
                    <Help/>
                    <Name>Country Code 3</Name>
                    <Placeholder/>
                    <AD_Language>es_CO</AD_Language>
                    <IsActive>Y</IsActive>
                    <IsTranslated>N</IsTranslated>
                </AD_Field_Trl>
            </AD_Field>
            <AD_Field type="table">
                <AD_Client_ID>0</AD_Client_ID>
                <AD_Org_ID>0</AD_Org_ID>
                <Name>Country</Name>
                <Description>Country </Description>
                <Help>The Country defines a Country.  Each Country must be defined before it can be used in any document.</Help>
                <AD_Tab_ID reference="uuid" reference-key="AD_Tab">3276f9eb-690d-4dfd-a56f-9f6193c7c5cd</AD_Tab_ID>
                <AD_Column_ID reference="uuid" reference-key="AD_Column">fcda13d2-2157-4fd9-92bb-74f3aed68a4b</AD_Column_ID>
                <IsDisplayed>Y</IsDisplayed>
                <DisplayLogic/>
                <DisplayLength>10</DisplayLength>
                <SeqNo>80</SeqNo>
                <SortNo/>
                <IsSameLine>N</IsSameLine>
                <IsHeading>N</IsHeading>
                <IsFieldOnly>N</IsFieldOnly>
                <IsEncrypted>N</IsEncrypted>
                <IsActive>Y</IsActive>
                <IsReadOnly>N</IsReadOnly>
                <IsCentrallyMaintained>Y</IsCentrallyMaintained>
                <AD_FieldGroup_ID reference="id"/>
                <EntityType>U</EntityType>
                <ObscureType/>
                <AD_Reference_ID reference="id"/>
                <IsMandatory/>
                <DefaultValue/>
                <AD_Reference_Value_ID reference="id"/>
                <AD_Val_Rule_ID reference="id"/>
                <Included_Tab_ID reference="id"/>
                <AD_Field_UU>f2f90488-e3e8-4f43-9dbc-08bff99c1898</AD_Field_UU>
                <IsAllowCopy/>
                <IsDisplayedGrid>Y</IsDisplayedGrid>
                <SeqNoGrid>70</SeqNoGrid>
                <XPosition>1</XPosition>
                <ColumnSpan>2</ColumnSpan>
                <NumLines>1</NumLines>
                <IsQuickEntry>N</IsQuickEntry>
                <IsUpdateable/>
                <IsAlwaysUpdateable/>
                <MandatoryLogic/>
                <ReadOnlyLogic/>
                <IsToolbarButton/>
                <IsDefaultFocus>N</IsDefaultFocus>
                <IsAdvancedField>N</IsAdvancedField>
                <VFormat/>
                <AD_LabelStyle_ID reference="id"/>
                <AD_FieldStyle_ID reference="id"/>
                <IsQuickForm>N</IsQuickForm>
                <Placeholder/>
                <IsSelectionColumn/>
                <AD_Val_Rule_Lookup_ID reference="id"/>
                <ColumnSQL/>
                <AD_Chart_ID reference="id"/>
                <AlwaysUpdatableLogic/>
                <AD_Field_Trl type="translation">
                    <Description>Country </Description>
                    <Help>The Country defines a Country.  Each Country must be defined before it can be used in any document.</Help>
                    <Name>Country</Name>
                    <Placeholder/>
                    <AD_Language>es_CO</AD_Language>
                    <IsActive>Y</IsActive>
                    <IsTranslated>N</IsTranslated>
                </AD_Field_Trl>
            </AD_Field>
            <AD_Field type="table">
                <AD_Client_ID>0</AD_Client_ID>
                <AD_Org_ID>0</AD_Org_ID>
                <Name>Active</Name>
                <Description>The record is active in the system</Description>
                <Help>There are two methods of making records unavailable in the system: One is to delete the record, the other is to de-activate the record. A de-activated record is not available for selection, but available for reports.
There are two reasons for de-activating and not deleting records:
(1) The system requires the record for audit purposes.
(2) The record is referenced by other records. E.g., you cannot delete a Business Partner, if there are invoices for this partner record existing. You de-activate the Business Partner and prevent that this record is used for future entries.</Help>
                <AD_Tab_ID reference="uuid" reference-key="AD_Tab">3276f9eb-690d-4dfd-a56f-9f6193c7c5cd</AD_Tab_ID>
                <AD_Column_ID reference="uuid" reference-key="AD_Column">eb0f26b8-20cb-4b22-ac57-cbef514facf4</AD_Column_ID>
                <IsDisplayed>Y</IsDisplayed>
                <DisplayLogic/>
                <DisplayLength>1</DisplayLength>
                <SeqNo>90</SeqNo>
                <SortNo/>
                <IsSameLine>N</IsSameLine>
                <IsHeading>N</IsHeading>
                <IsFieldOnly>N</IsFieldOnly>
                <IsEncrypted>N</IsEncrypted>
                <IsActive>Y</IsActive>
                <IsReadOnly>N</IsReadOnly>
                <IsCentrallyMaintained>Y</IsCentrallyMaintained>
                <AD_FieldGroup_ID reference="id"/>
                <EntityType>AMERP</EntityType>
                <ObscureType/>
                <AD_Reference_ID reference="id"/>
                <IsMandatory/>
                <DefaultValue/>
                <AD_Reference_Value_ID reference="id"/>
                <AD_Val_Rule_ID reference="id"/>
                <Included_Tab_ID reference="id"/>
                <AD_Field_UU>94fc8754-7de9-4350-b8cf-c66adf1f2a67</AD_Field_UU>
                <IsAllowCopy/>
                <IsDisplayedGrid>Y</IsDisplayedGrid>
                <SeqNoGrid>80</SeqNoGrid>
                <XPosition>2</XPosition>
                <ColumnSpan>2</ColumnSpan>
                <NumLines>1</NumLines>
                <IsQuickEntry>N</IsQuickEntry>
                <IsUpdateable/>
                <IsAlwaysUpdateable/>
                <MandatoryLogic/>
                <ReadOnlyLogic/>
                <IsToolbarButton/>
                <IsDefaultFocus>N</IsDefaultFocus>
                <IsAdvancedField>N</IsAdvancedField>
                <VFormat/>
                <AD_LabelStyle_ID reference="id"/>
                <AD_FieldStyle_ID reference="id"/>
                <IsQuickForm>N</IsQuickForm>
                <Placeholder/>
                <IsSelectionColumn/>
                <AD_Val_Rule_Lookup_ID reference="id"/>
                <ColumnSQL/>
                <AD_Chart_ID reference="id"/>
                <AlwaysUpdatableLogic/>
                <AD_Field_Trl type="translation">
                    <Description>The record is active in the system</Description>
                    <Help>There are two methods of making records unavailable in the system: One is to delete the record, the other is to de-activate the record. A de-activated record is not available for selection, but available for reports.
There are two reasons for de-activating and not deleting records:
(1) The system requires the record for audit purposes.
(2) The record is referenced by other records. E.g., you cannot delete a Business Partner, if there are invoices for this partner record existing. You de-activate the Business Partner and prevent that this record is used for future entries.</Help>
                    <Name>Active</Name>
                    <Placeholder/>
                    <AD_Language>es_CO</AD_Language>
                    <IsActive>Y</IsActive>
                    <IsTranslated>N</IsTranslated>
                </AD_Field_Trl>
            </AD_Field>
            <AD_Field type="table">
                <AD_Client_ID>0</AD_Client_ID>
                <AD_Org_ID>0</AD_Org_ID>
                <Name>Country Auxiliary ISO code3</Name>
                <Description/>
                <Help/>
                <AD_Tab_ID reference="uuid" reference-key="AD_Tab">3276f9eb-690d-4dfd-a56f-9f6193c7c5cd</AD_Tab_ID>
                <AD_Column_ID reference="uuid" reference-key="AD_Column">c05263b1-ec80-4285-9336-d562e8f4a260</AD_Column_ID>
                <IsDisplayed>N</IsDisplayed>
                <DisplayLogic/>
                <DisplayLength>22</DisplayLength>
                <SeqNo/>
                <SortNo/>
                <IsSameLine>N</IsSameLine>
                <IsHeading>N</IsHeading>
                <IsFieldOnly>N</IsFieldOnly>
                <IsEncrypted>N</IsEncrypted>
                <IsActive>Y</IsActive>
                <IsReadOnly>N</IsReadOnly>
                <IsCentrallyMaintained>Y</IsCentrallyMaintained>
                <AD_FieldGroup_ID reference="id"/>
                <EntityType>AMERP</EntityType>
                <ObscureType/>
                <AD_Reference_ID reference="id"/>
                <IsMandatory/>
                <DefaultValue/>
                <AD_Reference_Value_ID reference="id"/>
                <AD_Val_Rule_ID reference="id"/>
                <Included_Tab_ID reference="id"/>
                <AD_Field_UU>a82b9cae-6bb1-43ad-bfb7-689671d49d7d</AD_Field_UU>
                <IsAllowCopy/>
                <IsDisplayedGrid>N</IsDisplayedGrid>
                <SeqNoGrid/>
                <XPosition>1</XPosition>
                <ColumnSpan>2</ColumnSpan>
                <NumLines>1</NumLines>
                <IsQuickEntry>N</IsQuickEntry>
                <IsUpdateable/>
                <IsAlwaysUpdateable/>
                <MandatoryLogic/>
                <ReadOnlyLogic/>
                <IsToolbarButton/>
                <IsDefaultFocus>N</IsDefaultFocus>
                <IsAdvancedField>N</IsAdvancedField>
                <VFormat/>
                <AD_LabelStyle_ID reference="id"/>
                <AD_FieldStyle_ID reference="id"/>
                <IsQuickForm>N</IsQuickForm>
                <Placeholder/>
                <IsSelectionColumn/>
                <AD_Val_Rule_Lookup_ID reference="id"/>
                <ColumnSQL/>
                <AD_Chart_ID reference="id"/>
                <AlwaysUpdatableLogic/>
                <AD_Field_Trl type="translation">
                    <Description/>
                    <Help/>
                    <Name>Country Auxiliary ISO code3</Name>
                    <Placeholder/>
                    <AD_Language>es_CO</AD_Language>
                    <IsActive>Y</IsActive>
                    <IsTranslated>N</IsTranslated>
                </AD_Field_Trl>
            </AD_Field>
            <AD_Field type="table">
                <AD_Client_ID>0</AD_Client_ID>
                <AD_Org_ID>0</AD_Org_ID>
                <Name>C_Country3_UU</Name>
                <Description/>
                <Help/>
                <AD_Tab_ID reference="uuid" reference-key="AD_Tab">3276f9eb-690d-4dfd-a56f-9f6193c7c5cd</AD_Tab_ID>
                <AD_Column_ID reference="uuid" reference-key="AD_Column">8148cf4b-9e83-42e4-9343-bb084dd6e867</AD_Column_ID>
                <IsDisplayed>N</IsDisplayed>
                <DisplayLogic/>
                <DisplayLength>36</DisplayLength>
                <SeqNo/>
                <SortNo/>
                <IsSameLine>N</IsSameLine>
                <IsHeading>N</IsHeading>
                <IsFieldOnly>N</IsFieldOnly>
                <IsEncrypted>N</IsEncrypted>
                <IsActive>Y</IsActive>
                <IsReadOnly>N</IsReadOnly>
                <IsCentrallyMaintained>Y</IsCentrallyMaintained>
                <AD_FieldGroup_ID reference="id"/>
                <EntityType>AMERP</EntityType>
                <ObscureType/>
                <AD_Reference_ID reference="id"/>
                <IsMandatory/>
                <DefaultValue/>
                <AD_Reference_Value_ID reference="id"/>
                <AD_Val_Rule_ID reference="id"/>
                <Included_Tab_ID reference="id"/>
                <AD_Field_UU>08a956ad-2900-41e6-a115-001177c52337</AD_Field_UU>
                <IsAllowCopy/>
                <IsDisplayedGrid>N</IsDisplayedGrid>
                <SeqNoGrid/>
                <XPosition>1</XPosition>
                <ColumnSpan>2</ColumnSpan>
                <NumLines>1</NumLines>
                <IsQuickEntry>N</IsQuickEntry>
                <IsUpdateable/>
                <IsAlwaysUpdateable/>
                <MandatoryLogic/>
                <ReadOnlyLogic/>
                <IsToolbarButton/>
                <IsDefaultFocus>N</IsDefaultFocus>
                <IsAdvancedField>N</IsAdvancedField>
                <VFormat/>
                <AD_LabelStyle_ID reference="id"/>
                <AD_FieldStyle_ID reference="id"/>
                <IsQuickForm>N</IsQuickForm>
                <Placeholder/>
                <IsSelectionColumn/>
                <AD_Val_Rule_Lookup_ID reference="id"/>
                <ColumnSQL/>
                <AD_Chart_ID reference="id"/>
                <AlwaysUpdatableLogic/>
                <AD_Field_Trl type="translation">
                    <Description/>
                    <Help/>
                    <Name>C_Country3_UU</Name>
                    <Placeholder/>
                    <AD_Language>es_CO</AD_Language>
                    <IsActive>Y</IsActive>
                    <IsTranslated>N</IsTranslated>
                </AD_Field_Trl>
            </AD_Field>
        </AD_Tab>
    </AD_Window>
    <AD_Menu type="table">
        <SeqNo>999</SeqNo>
        <AD_Client_ID>0</AD_Client_ID>
        <AD_Org_ID>0</AD_Org_ID>
        <Name>Country Auxiliary ISO code3</Name>
        <Description/>
        <Action>W</Action>
        <AD_Window_ID reference="uuid" reference-key="AD_Window">d98bc77b-7d58-41a0-870a-f5603fbf2449</AD_Window_ID>
        <AD_Workflow_ID reference="id"/>
        <AD_Task_ID reference="id"/>
        <IsActive>Y</IsActive>
        <IsSummary>N</IsSummary>
        <AD_Process_ID reference="id"/>
        <IsSOTrx>N</IsSOTrx>
        <AD_Form_ID reference="id"/>
        <IsReadOnly>N</IsReadOnly>
        <EntityType>AMERP</EntityType>
        <IsCentrallyMaintained>Y</IsCentrallyMaintained>
        <AD_Menu_UU>7cb92ef6-36c0-4a5f-a69b-f286b94360ac</AD_Menu_UU>
        <AD_InfoWindow_ID reference="id"/>
        <PredefinedContextVariables/>
        <AD_Menu_Trl type="translation">
            <Description/>
            <Name>Country Auxiliary ISO code3</Name>
            <AD_Language>es_CO</AD_Language>
            <IsActive>Y</IsActive>
            <IsTranslated>N</IsTranslated>
        </AD_Menu_Trl>
    </AD_Menu>
    <AD_Package_Exp type="table">
        <AD_Client_ID>0</AD_Client_ID>
        <AD_Org_ID>0</AD_Org_ID>
        <AD_Package_Type>X</AD_Package_Type>
        <EMail/>
        <Instructions/>
        <Name>AMERPSOFT Editor – CountryCode3</Name>
        <Processed>N</Processed>
        <ReleaseNo/>
        <Version/>
        <UserName/>
        <Processing>N</Processing>
        <PK_Version>11</PK_Version>
        <IsActive>Y</IsActive>
        <File_Directory/>
        <Description>Country Code for ISO3  Auxiliary table</Description>
        <AD_Package_Exp_UU>9731e8fa-dccb-4ef5-9a64-cad5df2f7d1f</AD_Package_Exp_UU>
        <DateFrom/>
        <IsExportDictionaryEntity>N</IsExportDictionaryEntity>
        <AD_Package_Exp_Detail type="table">
            <AD_Client_ID>0</AD_Client_ID>
            <AD_Org_ID>0</AD_Org_ID>
            <AD_Form_ID reference="id"/>
            <AD_ImpFormat_ID reference="id"/>
            <AD_Menu_ID reference="id"/>
            <AD_Process_ID reference="id"/>
            <AD_Role_ID reference="id"/>
            <AD_Window_ID reference="id"/>
            <AD_Workflow_ID reference="id"/>
            <IsActive>Y</IsActive>
            <File_Directory/>
            <FileName/>
            <Destination_FileName/>
            <Destination_Directory/>
            <Description/>
            <DBType>ALL</DBType>
            <Type>T</Type>
            <Target_Directory/>
            <SQLStatement/>
            <ReleaseNo/>
            <Processing>N</Processing>
            <Processed>N</Processed>
            <Name2/>
            <Line>10</Line>
            <AD_Table_ID reference="uuid" reference-key="AD_Table">5733b7a4-ded3-4587-9536-fd74035abd41</AD_Table_ID>
            <AD_ReportView_ID reference="id"/>
            <AD_Package_Exp_ID reference="uuid" reference-key="AD_Package_Exp">9731e8fa-dccb-4ef5-9a64-cad5df2f7d1f</AD_Package_Exp_ID>
            <AD_Package_Code_New/>
            <AD_Package_Code_Old/>
            <AD_Val_Rule_ID reference="id"/>
            <AD_Message_ID reference="id"/>
            <AD_PrintFormat_ID reference="id"/>
            <AD_Reference_ID reference="id"/>
            <AD_ModelValidator_ID reference="id"/>
            <AD_EntityType_ID reference="id"/>
            <AD_Package_Exp_Detail_UU>c210e120-d14e-48a2-9551-81282538cc8a</AD_Package_Exp_Detail_UU>
            <AD_InfoWindow_ID reference="id"/>
            <ExecCode/>
        </AD_Package_Exp_Detail>
        <AD_Package_Exp_Detail type="table">
            <AD_Client_ID>0</AD_Client_ID>
            <AD_Org_ID>0</AD_Org_ID>
            <AD_Form_ID reference="id"/>
            <AD_ImpFormat_ID reference="id"/>
            <AD_Menu_ID reference="id"/>
            <AD_Process_ID reference="id"/>
            <AD_Role_ID reference="id"/>
            <AD_Window_ID reference="uuid" reference-key="AD_Window">d98bc77b-7d58-41a0-870a-f5603fbf2449</AD_Window_ID>
            <AD_Workflow_ID reference="id"/>
            <IsActive>Y</IsActive>
            <File_Directory/>
            <FileName/>
            <Destination_FileName/>
            <Destination_Directory/>
            <Description/>
            <DBType>ALL</DBType>
            <Type>W</Type>
            <Target_Directory/>
            <SQLStatement/>
            <ReleaseNo/>
            <Processing>N</Processing>
            <Processed>N</Processed>
            <Name2/>
            <Line>20</Line>
            <AD_Table_ID reference="id"/>
            <AD_ReportView_ID reference="id"/>
            <AD_Package_Exp_ID reference="uuid" reference-key="AD_Package_Exp">9731e8fa-dccb-4ef5-9a64-cad5df2f7d1f</AD_Package_Exp_ID>
            <AD_Package_Code_New/>
            <AD_Package_Code_Old/>
            <AD_Val_Rule_ID reference="id"/>
            <AD_Message_ID reference="id"/>
            <AD_PrintFormat_ID reference="id"/>
            <AD_Reference_ID reference="id"/>
            <AD_ModelValidator_ID reference="id"/>
            <AD_EntityType_ID reference="id"/>
            <AD_Package_Exp_Detail_UU>a8ac7a0a-6f7d-45d8-a502-ccf31be8808f</AD_Package_Exp_Detail_UU>
            <AD_InfoWindow_ID reference="id"/>
            <ExecCode/>
        </AD_Package_Exp_Detail>
        <AD_Package_Exp_Detail type="table">
            <AD_Client_ID>0</AD_Client_ID>
            <AD_Org_ID>0</AD_Org_ID>
            <AD_Form_ID reference="id"/>
            <AD_ImpFormat_ID reference="id"/>
            <AD_Menu_ID reference="uuid" reference-key="AD_Menu">7cb92ef6-36c0-4a5f-a69b-f286b94360ac</AD_Menu_ID>
            <AD_Process_ID reference="id"/>
            <AD_Role_ID reference="id"/>
            <AD_Window_ID reference="id"/>
            <AD_Workflow_ID reference="id"/>
            <IsActive>Y</IsActive>
            <File_Directory/>
            <FileName/>
            <Destination_FileName/>
            <Destination_Directory/>
            <Description/>
            <DBType>ALL</DBType>
            <Type>M</Type>
            <Target_Directory/>
            <SQLStatement/>
            <ReleaseNo/>
            <Processing>N</Processing>
            <Processed>N</Processed>
            <Name2/>
            <Line>30</Line>
            <AD_Table_ID reference="id"/>
            <AD_ReportView_ID reference="id"/>
            <AD_Package_Exp_ID reference="uuid" reference-key="AD_Package_Exp">9731e8fa-dccb-4ef5-9a64-cad5df2f7d1f</AD_Package_Exp_ID>
            <AD_Package_Code_New/>
            <AD_Package_Code_Old/>
            <AD_Val_Rule_ID reference="id"/>
            <AD_Message_ID reference="id"/>
            <AD_PrintFormat_ID reference="id"/>
            <AD_Reference_ID reference="id"/>
            <AD_ModelValidator_ID reference="id"/>
            <AD_EntityType_ID reference="id"/>
            <AD_Package_Exp_Detail_UU>d2e72baa-0bfe-468e-b28d-2ea10894335b</AD_Package_Exp_Detail_UU>
            <AD_InfoWindow_ID reference="id"/>
            <ExecCode/>
        </AD_Package_Exp_Detail>
        <AD_Package_Exp_Detail type="table">
            <AD_Client_ID>0</AD_Client_ID>
            <AD_Org_ID>0</AD_Org_ID>
            <AD_Form_ID reference="id"/>
            <AD_ImpFormat_ID reference="id"/>
            <AD_Menu_ID reference="id"/>
            <AD_Process_ID reference="id"/>
            <AD_Role_ID reference="id"/>
            <AD_Window_ID reference="id"/>
            <AD_Workflow_ID reference="id"/>
            <IsActive>Y</IsActive>
            <File_Directory/>
            <FileName/>
            <Destination_FileName/>
            <Destination_Directory/>
            <Description/>
            <DBType>ALL</DBType>
            <Type>D</Type>
            <Target_Directory/>
            <SQLStatement>SELECT * FROM AD_Package_Exp WHERE AD_Package_Exp_UU='9731e8fa-dccb-4ef5-9a64-cad5df2f7d1f';AD_Package_Exp_Detail</SQLStatement>
            <ReleaseNo/>
            <Processing>N</Processing>
            <Processed>N</Processed>
            <Name2/>
            <Line>40</Line>
            <AD_Table_ID reference="id">50005</AD_Table_ID>
            <AD_ReportView_ID reference="id"/>
            <AD_Package_Exp_ID reference="uuid" reference-key="AD_Package_Exp">9731e8fa-dccb-4ef5-9a64-cad5df2f7d1f</AD_Package_Exp_ID>
            <AD_Package_Code_New/>
            <AD_Package_Code_Old/>
            <AD_Val_Rule_ID reference="id"/>
            <AD_Message_ID reference="id"/>
            <AD_PrintFormat_ID reference="id"/>
            <AD_Reference_ID reference="id"/>
            <AD_ModelValidator_ID reference="id"/>
            <AD_EntityType_ID reference="id"/>
            <AD_Package_Exp_Detail_UU>73ef6e1d-4ce1-4bcc-8669-d44ef764a223</AD_Package_Exp_Detail_UU>
            <AD_InfoWindow_ID reference="id"/>
            <ExecCode/>
        </AD_Package_Exp_Detail>
    </AD_Package_Exp>
</idempiere>
