<?xml version="1.0" encoding="UTF-8"?><idempiere Name="AMERPSOFT Editor - CountryCode3" Version="11" idempiereVersion="" DataBaseVersion="" Description="" Author="" AuthorEmail="" CreatedDate="2024-04-11 14:35:40.083" UpdatedDate="2024-04-11 14:35:40.083" PackOutVersion="100" UpdateDictionary="false" Client="0-SYSTEM-System" AD_Client_UU="11237b53-9592-4af1-b3c5-afd216514b5d">
    <SQLStatement type="custom">
        <DBType>Postgres</DBType>
        <statement><![CDATA[-- Elimina la tabla temporal si existe c_country23
DROP TABLE IF EXISTS "adempiere"."c_country3" ;

CREATE TABLE adempiere.c_country3 (
	c_country_id numeric(10) NULL,
	countrycode bpchar(2) NOT NULL,
	countrycode3 bpchar(3) NOT NULL,
	"name" varchar(60) NOT NULL,
	description varchar(255) NULL,
	modificado numeric(1) NULL
);]]></statement>
    </SQLStatement>
    <SQLMandatory type="custom">
        <DBType>Postgres</DBType>
        <statement><![CDATA[-- BLOQUE 01
INSERT INTO adempiere.c_country3
(c_country_id, countrycode, countrycode3, "name", description, modificado)
VALUES
(50001, 'BL', 'BLM', 'Saint Barthélemy', 'Saint Barthélemy', 0),
(196, 'GU', 'GUM', 'Guam', 'Guam', 0),
(243, 'MQ', 'MTQ', 'Martinique', 'Martinique', 0),
(246, 'YT', 'MYT', 'Mayotte', 'Mayotte', 0),
(279, 'PN', 'PCN', 'Pitcairn', 'Pitcairn', 0),
(282, 'PR', 'PRI', 'Puerto Rico', 'Puerto Rico', 0),
(159, 'CD', 'COD', 'Congo (DRC)', 'the Democratic Republic of the Congo', 0),
(158, 'CG', 'COG', 'Congo', 'the Republic of the Congo', 0),
(162, 'CI', 'CIV', 'Côte d''Ivoire', 'the Republic of Côte d''Ivoire', 0),
(160, 'CK', 'COK', 'Cook Islands', 'the Cook Islands', 0),
(156, 'CO', 'COL', 'Colombia', 'the Republic of Colombia', 0),
(170, 'DO', 'DOM', 'Dominican Republic', 'the Dominican Republic', 0),
(171, 'EC', 'ECU', 'Ecuador', 'the Republic of Ecuador', 0),
(176, 'EE', 'EST', 'Estonia', 'the Republic of Estonia', 0),
(175, 'ER', 'ERI', 'Eritrea', 'the State of Eritrea', 0),
(180, 'FJ', 'FJI', 'Fiji', 'the Republic of Fiji', 0),
(248, 'FM', 'FSM', 'Micronesia', 'the Federated States of Micronesia', 0),
(179, 'FO', 'FRO', 'Faroe Islands', 'the Faroe Islands', 0),
(174, 'GQ', 'GNQ', 'Equatorial Guinea', 'the Republic of Equatorial Guinea', 0),
(157, 'KM', 'COM', 'Comoros', 'the Union of the Comoros', 0),
(250, 'MC', 'MCO', 'Monaco', 'the Principality of Monaco', 0),
(249, 'MD', 'MDA', 'Moldova', 'the Republic of Moldova', 0),
(242, 'MH', 'MHL', 'Marshall Islands', 'the Republic of the Marshall Islands', 0),
(240, 'ML', 'MLI', 'Mali', 'the Republic of Mali', 0),
(244, 'MR', 'MRT', 'Mauritania', 'the Islamic Republic of Mauritania', 0),
(245, 'MU', 'MUS', 'Mauritius', 'the Republic of Mauritius', 0),
(239, 'MV', 'MDV', 'Maldives', 'the Republic of Maldives', 0),
(237, 'MW', 'MWI', 'Malawi', 'the Republic of Malawi', 0),
(274, 'PA', 'PAN', 'Panama', 'the Republic of Panama', 0),
(277, 'PE', 'PER', 'Peru', 'the Republic of Peru', 0),
(275, 'PG', 'PNG', 'Papua New Guinea', 'the Independent State of Papua New Guinea', 0),
(278, 'PH', 'PHL', 'Philippines', 'the Republic of the Philippines', 0),
(280, 'PL', 'POL', 'Poland', 'the Republic of Poland', 0),
(273, 'PS', 'PSE', 'Palestinian State of', 'the State of Palestine', 0),
(281, 'PT', 'PRT', 'Portugal', 'the Portuguese Republic', 0),
(276, 'PY', 'PRY', 'Paraguay', 'the Republic of Paraguay', 0),
(173, 'SV', 'SLV', 'El Salvador', 'the Republic of El Salvador', 0),
(183, 'GF', 'GUF', 'French Guiana', 'French Guiana', 0),
(184, 'PF', 'PYF', 'French Polynesia', 'French Polynesia', 0),
(188, 'GE', 'GEO', 'Georgia', 'Georgia', 0),
(191, 'GI', 'GIB', 'Gibraltar', 'Gibraltar', 0),
(193, 'GL', 'GRL', 'Greenland', 'Greenland', 0),
(194, 'GD', 'GRD', 'Grenada', 'Grenada', 0),
(195, 'GP', 'GLP', 'Guadeloupe', 'Guadeloupe', 0),
(206, 'HU', 'HUN', 'Hungary', 'Hungary', 0),
(251, 'MN', 'MNG', 'Mongolia', 'Mongolia', 0),
(260, 'AN', 'ANT', 'Netherlands Antilles', 'Netherlands Antilles', 0);]]></statement>
    </SQLMandatory>
    <SQLMandatory type="custom">
        <DBType>Postgres</DBType>
        <statement><![CDATA[-- BLOQUE 02
INSERT INTO adempiere.c_country3
(c_country_id, countrycode, countrycode3, "name", description, modificado)
VALUES
(285, 'RO', 'ROU', 'Romania', 'Romania', 0),
(290, 'LC', 'LCA', 'Saint Lucia', 'Saint Lucia', 0),
(190, 'GH', 'GHA', 'Ghana', 'the Republic of Ghana', 0),
(198, 'GN', 'GIN', 'Guinea', 'the Republic of Guinea', 0),
(192, 'GR', 'GRC', 'Greece', 'the Hellenic Republic', 0),
(197, 'GT', 'GTM', 'Guatemala', 'the Republic of Guatemala', 0),
(199, 'GW', 'GNB', 'Guinea-bissau', 'the Republic of Guinea-Bissau', 0),
(200, 'GY', 'GUY', 'Guyana', 'the Co-operative Republic of Guyana', 0),
(205, 'HK', 'HKG', 'Hong Kong', 'the Hong Kong Special Administrative Region of China', 0),
(204, 'HN', 'HND', 'Honduras', 'the Republic of Honduras', 0),
(201, 'HT', 'HTI', 'Haiti', 'the Republic of Haiti', 0),
(207, 'IS', 'ISL', 'Iceland', 'the Republic of Iceland', 0),
(253, 'MA', 'MAR', 'Morocco', 'the Kingdom of Morocco', 0),
(255, 'MM', 'MMR', 'Myanmar', 'the Republic of the Union of Myanmar', 0),
(254, 'MZ', 'MOZ', 'Mozambique', 'the Republic of Mozambique', 0),
(258, 'NP', 'NPL', 'Nepal', 'the Federal Democratic Republic of Nepal', 0),
(257, 'NR', 'NRU', 'Nauru', 'the Republic of Nauru', 0),
(291, 'PM', 'SPM', 'Saint Pierre and Miquelon', 'Saint Pierre and Miquelon', 0),
(283, 'QA', 'QAT', 'Qatar', 'the State of Qatar', 0),
(287, 'RW', 'RWA', 'Rwanda', 'the Republic of Rwanda', 0),
(185, 'TF', 'ATF', 'French Southern Territories', 'the French Southern Territories', 0),
(203, 'VA', 'VAT', 'Holy See (Vatican City State)', 'the Holy See', 0),
(292, 'VC', 'VCT', 'Saint Vincent and The Grenadines', 'Saint Vincent and the Grenadines', 0),
(293, 'WS', 'WSM', 'Samoa', 'the Independent State of Samoa', 0),
(303, 'SB', 'SLB', 'Solomon Islands', 'Solomon Islands', 0),
(322, 'TK', 'TKL', 'Tokelau', 'Tokelau', 0),
(327, 'TM', 'TKM', 'Turkmenistan', 'Turkmenistan', 0),
(329, 'TV', 'TUV', 'Tuvalu', 'Tuvalu', 0),
(103, 'BE', 'BEL', 'Belgium', 'the Kingdom of Belgium', 0),
(109, 'CA', 'CAN', 'Canada', 'Canada', 0),
(107, 'CH', 'CHE', 'Switzerland', 'the Swiss Confederation', 0),
(102, 'FR', 'FRA', 'France', 'the French Republic', 0),
(333, 'GB', 'GBR', 'United Kingdom', 'the United Kingdom of Great Britain and Northern Ireland', 0),
(306, 'GS', 'SGS', 'South Georgia and The South Sandwich Islands', 'South Georgia and the South Sandwich Islands', 0),
(308, 'LK', 'LKA', 'Sri Lanka', 'the Democratic Socialist Republic of Sri Lanka', 0),
(296, 'SA', 'SAU', 'Saudi Arabia', 'the Kingdom of Saudi Arabia', 0),
(298, 'SC', 'SYC', 'Seychelles', 'the Republic of Seychelles', 0),
(309, 'SD', 'SDN', 'Sudan', 'the Republic of the Sudan', 0),
(300, 'SG', 'SGP', 'Singapore', 'the Republic of Singapore', 0),
(311, 'SJ', 'SJM', 'Svalbard and Jan Mayen', 'Svalbard and Jan Mayen', 0),
(299, 'SL', 'SLE', 'Sierra Leone', 'the Republic of Sierra Leone', 0),
(294, 'SM', 'SMR', 'San Marino', 'the Republic of San Marino', 0),
(304, 'SO', 'SOM', 'Somalia', 'the Federal Republic of Somalia', 0),
(310, 'SR', 'SUR', 'Suriname', 'the Republic of Suriname', 0),
(328, 'TC', 'TCA', 'Turks and Caicos Islands', 'the Turks and Caicos Islands', 0),
(321, 'TG', 'TGO', 'Togo', 'the Togolese Republic', 0),
(319, 'TH', 'THA', 'Thailand', 'the Kingdom of Thailand', 0),
(317, 'TJ', 'TJK', 'Tajikistan', 'the Republic of Tajikistan', 0),
(323, 'TO', 'TON', 'Tonga', 'the Kingdom of Tonga', 0),
(326, 'TR', 'TUR', 'Turkey', 'the Republic of Turkey', 0);]]></statement>
    </SQLMandatory>
    <SQLStatement type="custom">
        <DBType>Postgres</DBType>
        <statement><![CDATA[-- BLOQUE 03
INSERT INTO adempiere.c_country3
(c_country_id, countrycode, countrycode3, "name", description, modificado)
VALUES
(324, 'TT', 'TTO', 'Trinidad and Tobago', 'the Republic of Trinidad and Tobago', 0),
(316, 'TW', 'TWN', 'Taiwan', 'Taiwan (Province of China)', 0),
(330, 'UG', 'UGA', 'Uganda', 'the Republic of Uganda', 0),
(335, 'UM', 'UMI', 'United States Minor Outlying Islands', 'the United States Minor Outlying Islands', 0),
(336, 'UY', 'URY', 'Uruguay', 'the Eastern Republic of Uruguay', 0),
(339, 'VE', 'VEN', 'Venezuela', 'the Bolivarian Republic of Venezuela', 0),
(338, 'VU', 'VUT', 'Vanuatu', 'the Republic of Vanuatu', 0),
(305, 'ZA', 'ZAF', 'South Africa', 'the Republic of South Africa', 0),
(113, 'AS', 'ASM', 'American Samoa', 'American Samoa', 0),
(116, 'AI', 'AIA', 'Anguilla', 'Anguilla', 0),
(117, 'AQ', 'ATA', 'Antarctica', 'Antarctica', 0),
(121, 'AW', 'ABW', 'Aruba', 'Aruba', 0),
(128, 'BB', 'BRB', 'Barbados', 'Barbados', 0),
(131, 'BZ', 'BLZ', 'Belize', 'Belize', 0),
(133, 'BM', 'BMU', 'Bermuda', 'Bermuda', 0),
(138, 'BV', 'BVT', 'Bouvet Island', 'Bouvet Island', 0),
(143, 'BF', 'BFA', 'Burkina Faso', 'Burkina Faso', 0),
(118, 'AG', 'ATG', 'Antigua and Barbuda', 'Antigua and Barbuda', 0),
(111, 'AL', 'ALB', 'Albania', 'the Republic of Albania', 0),
(124, 'AZ', 'AZE', 'Azerbaijan', 'the Republic of Azerbaijan', 0),
(127, 'BD', 'BGD', 'Bangladesh', 'the People''s Republic of Bangladesh', 0),
(142, 'BG', 'BGR', 'Bulgaria', 'the Republic of Bulgaria', 0),
(126, 'BH', 'BHR', 'Bahrain', 'the Kingdom of Bahrain', 0),
(144, 'BI', 'BDI', 'Burundi', 'the Republic of Burundi', 0),
(132, 'BJ', 'BEN', 'Benin', 'the Republic of Benin', 0),
(125, 'BS', 'BHS', 'Bahamas', 'the Commonwealth of the Bahamas', 0),
(134, 'BT', 'BTN', 'Bhutan', 'the Kingdom of Bhutan', 0),
(137, 'BW', 'BWA', 'Botswana', 'the Republic of Botswana', 0),
(150, 'CF', 'CAF', 'Central African Republic', 'the Central African Republic', 0),
(152, 'CL', 'CHL', 'Chile', 'the Republic of Chile', 0),
(146, 'CM', 'CMR', 'Cameroon', 'the Republic of Cameroon', 0),
(153, 'CN', 'CHN', 'China', 'the People''s Republic of China', 0),
(112, 'DZ', 'DZA', 'Algeria', 'the People''s Democratic Republic of Algeria', 0),
(344, 'EH', 'ESH', 'Western Sahara', 'Western Sahara* (*Provisional name)', 0),
(208, 'IN', 'IND', 'India', 'the Republic of India', 0),
(140, 'IO', 'IOT', 'British Indian Ocean Territory', 'the British Indian Ocean Territory', 0),
(145, 'KH', 'KHM', 'Cambodia', 'the Kingdom of Cambodia', 0),
(151, 'TD', 'TCD', 'Chad', 'the Republic of Chad', 0),
(341, 'VG', 'VGB', 'Virgin Islands British', 'the British Virgin Islands', 0),
(340, 'VN', 'VNM', 'Viet Nam', 'the Socialist Republic of Viet Nam', 0),
(343, 'WF', 'WLF', 'Wallis and Futuna', 'Wallis and Futuna Islands', 0),
(345, 'YE', 'YEM', 'Yemen', 'the Republic of Yemen', 0),
(348, 'ZW', 'ZWE', 'Zimbabwe', 'the Republic of Zimbabwe', 0),
(261, 'NC', 'NCL', 'New Caledonia', 'New Caledonia', 0),
(262, 'NZ', 'NZL', 'New Zealand', 'New Zealand', 0),
(267, 'NF', 'NFK', 'Norfolk Island', 'Norfolk Island', 0),
(50000, 'AX', 'ALA', 'Åland Islands', 'Åland Islands', 0),
(50003, 'IM', 'IMN', 'Isle of Man', 'Isle of Man', 0),
(50004, 'JE', 'JEY', 'Jersey', 'Jersey', 0),
(238, 'MY', 'MYS', 'Malaysia', 'Malaysia', 0);]]></statement>
    </SQLStatement>
    <SQLStatement type="custom">
        <DBType>Postgres</DBType>
        <statement><![CDATA[-- BLOQUE 04
INSERT INTO adempiere.c_country3
(c_country_id, countrycode, countrycode3, "name", description, modificado)
VALUES
(215, 'JM', 'JAM', 'Jamaica', 'Jamaica', 0),
(209, 'ID', 'IDN', 'Indonesia', 'the Republic of Indonesia', 0),
(213, 'IL', 'ISR', 'Israel', 'the State of Israel', 0),
(211, 'IQ', 'IRQ', 'Iraq', 'the Republic of Iraq', 0),
(210, 'IR', 'IRN', 'Iran', 'the Islamic Republic of Iran', 0),
(214, 'IT', 'ITA', 'Italy', 'the Republic of Italy', 0),
(217, 'JO', 'JOR', 'Jordan', 'the Hashemite Kingdom of Jordan', 0),
(219, 'KE', 'KEN', 'Kenya', 'the Republic of Kenya', 0),
(221, 'KP', 'PRK', 'Korea Democratic People''s Republic of', 'the Democratic People''s Republic of Korea', 0),
(222, 'KR', 'KOR', 'Korea Republic of', 'the Republic of Korea', 0),
(223, 'KW', 'KWT', 'Kuwait', 'the State of Kuwait', 0),
(218, 'KZ', 'KAZ', 'Kazakhstan', 'the Republic of Kazakhstan', 0),
(225, 'LA', 'LAO', 'Lao People''s Democratic Republic', 'the Lao People''s Democratic Republic', 0),
(227, 'LB', 'LBN', 'Lebanon', 'the Lebanese Republic', 0),
(231, 'LI', 'LIE', 'Liechtenstein', 'the Principality of Liechtenstein', 0),
(228, 'LS', 'LSO', 'Lesotho', 'the Kingdom of Lesotho', 0),
(233, 'LU', 'LUX', 'Luxembourg', 'the Grand Duchy of Luxembourg', 0),
(226, 'LV', 'LVA', 'Latvia', 'the Republic of Latvia', 0),
(230, 'LY', 'LBY', 'Libya', 'the State of Libya', 0),
(234, 'MO', 'MAC', 'Macao', 'Macao Special Administrative Region of China', 0),
(264, 'NE', 'NER', 'Niger', 'the Republic of the Niger', 0),
(265, 'NG', 'NGA', 'Nigeria', 'the Federal Republic of Nigeria', 0),
(263, 'NI', 'NIC', 'Nicaragua', 'the Republic of Nicaragua', 0),
(269, 'NO', 'NOR', 'Norway', 'the Kingdom of Norway', 0),
(270, 'OM', 'OMN', 'Oman', 'the Sultanate of Oman', 0),
(272, 'PW', 'PLW', 'Palau', 'the Republic of Palau', 0),
(252, 'MS', 'MSR', 'Montserrat', 'Montserrat', 0),
(331, 'UA', 'UKR', 'Ukraine', 'Ukraine', 0),
(115, 'AO', 'AGO', 'Angola', 'the Republic of Angola', 0),
(50005, 'MF', 'MAF', 'Saint Martin', 'Saint Martin (French part)', 0),
(119, 'AR', 'ARG', 'Argentina', 'the Argentine Republic', 0),
(139, 'BR', 'BRA', 'Brazil', 'the Federative Republic of Brazil', 0),
(164, 'CU', 'CUB', 'Cuba', 'the Republic of Cuba', 0),
(165, 'CY', 'CYP', 'Cyprus', 'the Republic of Cyprus', 0),
(166, 'CZ', 'CZE', 'Czech Republic', 'the Czech Republic', 0),
(168, 'DJ', 'DJI', 'Djibouti', 'the Republic of Djibouti', 0),
(167, 'DK', 'DNK', 'Denmark', 'the Kingdom of Denmark', 0),
(169, 'DM', 'DMA', 'Dominica', 'the Commonwealth of Dominica', 0),
(177, 'ET', 'ETH', 'Ethiopia', 'the Federal Democratic Republic of Ethiopia', 0),
(178, 'FK', 'FLK', 'Falkland Islands [Malvinas]', 'the Falkland Islands [Malvinas]', 0),
(187, 'GM', 'GMB', 'Gambia', 'the Republic of the Gambia', 0),
(163, 'HR', 'HRV', 'Croatia', 'the Republic of Croatia', 0),
(232, 'LT', 'LTU', 'Lithuania', 'the Republic of Lithuania', 0),
(236, 'MG', 'MDG', 'Madagascar', 'the Republic of Madagascar', 0),
(235, 'MK', 'MKD', 'North Macedonia', 'the Republic of North Macedonia', 0),
(241, 'MT', 'MLT', 'Malta', 'the Republic of Malta', 0),
(256, 'NA', 'NAM', 'Namibia', 'the Republic of Namibia', 0),
(284, 'RE', 'REU', 'Reunion', 'Réunion', 0),
(349, 'RS', 'SRB', 'Serbia', 'the Republic of Serbia', 0),
(313, 'SE', 'SWE', 'Sweden', 'the Kingdom of Sweden', 0),
(302, 'SI', 'SVN', 'Slovenia', 'the Republic of Slovenia', 0),
(301, 'SK', 'SVK', 'Slovakia', 'the Slovak Republic', 0);]]></statement>
    </SQLStatement>
    <SQLStatement type="custom">
        <DBType>Postgres</DBType>
        <statement><![CDATA[-- BLOQUE 05
INSERT INTO adempiere.c_country3
(c_country_id, countrycode, countrycode3, "name", description, modificado)
VALUES
(295, 'ST', 'STP', 'Sao Tome and Principe', 'the Democratic Republic of Sao Tome and Principe', 0),
(315, 'SY', 'SYR', 'Syria', 'the Syrian Arab Republic', 0),
(312, 'SZ', 'SWZ', 'Eswatini', 'the Kingdom of Eswatini', 0),
(320, 'TL', 'TLS', 'Timor-leste', 'Timor-Leste', 0),
(325, 'TN', 'TUN', 'Tunisia', 'the Republic of Tunisia', 0),
(337, 'UZ', 'UZB', 'Uzbekistan', 'the Republic of Uzbekistan', 0),
(342, 'VI', 'VIR', 'Virgin Islands', 'the Virgin Islands of the United States', 0),
(108, 'AT', 'AUT', 'Austria', 'the Republic of Austria', 0),
(122, 'AU', 'AUS', 'Australia', 'Australia', 0),
(141, 'BN', 'BRN', 'Brunei Darussalam', 'Brunei Darussalam', 0),
(154, 'CX', 'CXR', 'Christmas Island', 'Christmas Island', 0),
(266, 'NU', 'NIU', 'Niue', 'Niue', 0),
(212, 'IE', 'IRL', 'Ireland', 'Ireland', 0),
(216, 'JP', 'JPN', 'Japan', 'Japan', 0),
(350, 'ME', 'MNE', 'Montenegro', 'Montenegro', 0),
(114, 'AD', 'AND', 'Andorra', 'the Principality of Andorra', 0),
(332, 'AE', 'ARE', 'United Arab Emirates', 'the United Arab Emirates', 0),
(110, 'AF', 'AFG', 'Afghanistan', 'the Islamic Republic of Afghanistan', 0),
(120, 'AM', 'ARM', 'Armenia', 'the Republic of Armenia', 0),
(136, 'BA', 'BIH', 'Bosnia and Herzegovina', 'Bosnia and Herzegovina', 0),
(135, 'BO', 'BOL', 'Bolivia', 'the Plurinational State of Bolivia', 0),
(129, 'BY', 'BLR', 'Belarus', 'the Republic of Belarus', 0),
(155, 'CC', 'CCK', 'Cocos (Keeling) Islands', 'the Cocos (Keeling) Islands', 0),
(161, 'CR', 'CRI', 'Costa Rica', 'the Republic of Costa Rica', 0),
(148, 'CV', 'CPV', 'Cape Verde', 'the Republic of Cabo Verde', 0),
(101, 'DE', 'DEU', 'Germany', 'the Federal Republic of Germany', 0),
(172, 'EG', 'EGY', 'Egypt', 'the Arab Republic of Egypt', 0),
(106, 'ES', 'ESP', 'Spain', 'the Kingdom of Spain', 0),
(181, 'FI', 'FIN', 'Finland', 'the Republic of Finland', 0),
(186, 'GA', 'GAB', 'Gabon', 'the Gabonese Republic', 0),
(50002, 'GG', 'GGY', 'Guernsey', 'Guernsey', 0),
(202, 'HM', 'HMD', 'Heard Island and Mcdonald Islands', 'Heard Island and McDonald Islands', 0),
(224, 'KG', 'KGZ', 'Kyrgyzstan', 'the Kyrgyz Republic', 0),
(220, 'KI', 'KIR', 'Kiribati', 'the Republic of Kiribati', 0),
(149, 'KY', 'CYM', 'Cayman Islands', 'the Cayman Islands', 0),
(229, 'LR', 'LBR', 'Liberia', 'the Republic of Liberia', 0),
(271, 'PK', 'PAK', 'Pakistan', 'the Islamic Republic of Pakistan', 0),
(286, 'RU', 'RUS', 'Russia', 'the Russian Federation', 0),
(200000, 'SX', 'SXM', 'Sint Maarten', 'Sint Maarten (Dutch part)', 0),
(200001, 'SS', 'SSD', 'South Sudan', 'the Republic of South Sudan', 0),
(200002, 'BQ', 'BES', 'Bonaire, Sint Eustatius and Saba', 'Bonaire, Sint Eustatius and Saba', 0),
(200003, 'CW', 'CUW', 'Curaçao', 'Curaçao', 0),
(346, 'YU', 'YUG', 'Yugoslavia', 'Yugoslavia', 0),
(289, 'KN', 'KNA', 'Saint Kitts and Nevis', 'Saint Kitts and Nevis', 0),
(268, 'MP', 'MNP', 'Northern Mariana Islands', 'the Commonwealth of the Northern Mariana Islands', 0),
(247, 'MX', 'MEX', 'Mexico', 'the United Mexican States', 0),
(105, 'NL', 'NLD', 'Netherlands', 'the Kingdom of the Netherlands', 0),
(288, 'SH', 'SHN', 'Saint Helena', 'Saint Helena, Ascension and Tristan da Cunha', 0),
(297, 'SN', 'SEN', 'Senegal', 'the Republic of Senegal', 0),
(318, 'TZ', 'TZA', 'Tanzania', 'the United Republic of Tanzania', 0),
(347, 'ZM', 'ZMB', 'Zambia', 'the Republic of Zambia', 0),
(100, 'US', 'USA', 'United States', 'the United States of America', 0);
--]]></statement>
    </SQLStatement>
    <SQLStatement type="custom">
        <DBType>Postgres</DBType>
        <statement><![CDATA[-- BLOQUE 06
-- Reemplaza el codigo de tres digitos en la tabla c_country
update  adempiere.c_country
set countrycode3=(
select adempiere.c_country3.countrycode3 
from  adempiere.c_country3 
where adempiere.c_country.countrycode=adempiere.c_country3.countrycode );

-- Elimina la tabla c_country3 
-- DROP TABLE ""adempiere"".""c_country3]]></statement>
    </SQLStatement>
    <AD_Package_Exp type="table">
        <AD_Client_ID>0</AD_Client_ID>
        <AD_Org_ID>0</AD_Org_ID>
        <AD_Package_Type>X</AD_Package_Type>
        <EMail/>
        <Instructions/>
        <Name>AMERPSOFT Editor - CountryCode3</Name>
        <Processed>N</Processed>
        <ReleaseNo/>
        <Version/>
        <UserName/>
        <Processing>N</Processing>
        <PK_Version>11</PK_Version>
        <IsActive>Y</IsActive>
        <File_Directory/>
        <Description/>
        <AD_Package_Exp_UU>431d5fba-0ba8-4f13-9979-c0656577dfc5</AD_Package_Exp_UU>
        <DateFrom/>
        <IsExportDictionaryEntity>N</IsExportDictionaryEntity>
        <AD_Package_Exp_Detail type="table">
            <AD_Client_ID>0</AD_Client_ID>
            <AD_Org_ID>0</AD_Org_ID>
            <AD_Form_ID reference="id"/>
            <AD_ImpFormat_ID reference="id"/>
            <AD_Menu_ID reference="id"/>
            <AD_Process_ID reference="id"/>
            <AD_Role_ID reference="id"/>
            <AD_Window_ID reference="id"/>
            <AD_Workflow_ID reference="id"/>
            <IsActive>Y</IsActive>
            <File_Directory/>
            <FileName/>
            <Destination_FileName/>
            <Destination_Directory/>
            <Description/>
            <DBType>Postgres</DBType>
            <Type>SQM</Type>
            <Target_Directory/>
            <SQLStatement>-- BLOQUE 02
INSERT INTO adempiere.c_country3
(c_country_id, countrycode, countrycode3, "name", description, modificado)
VALUES
(285, 'RO', 'ROU', 'Romania', 'Romania', 0),
(290, 'LC', 'LCA', 'Saint Lucia', 'Saint Lucia', 0),
(190, 'GH', 'GHA', 'Ghana', 'the Republic of Ghana', 0),
(198, 'GN', 'GIN', 'Guinea', 'the Republic of Guinea', 0),
(192, 'GR', 'GRC', 'Greece', 'the Hellenic Republic', 0),
(197, 'GT', 'GTM', 'Guatemala', 'the Republic of Guatemala', 0),
(199, 'GW', 'GNB', 'Guinea-bissau', 'the Republic of Guinea-Bissau', 0),
(200, 'GY', 'GUY', 'Guyana', 'the Co-operative Republic of Guyana', 0),
(205, 'HK', 'HKG', 'Hong Kong', 'the Hong Kong Special Administrative Region of China', 0),
(204, 'HN', 'HND', 'Honduras', 'the Republic of Honduras', 0),
(201, 'HT', 'HTI', 'Haiti', 'the Republic of Haiti', 0),
(207, 'IS', 'ISL', 'Iceland', 'the Republic of Iceland', 0),
(253, 'MA', 'MAR', 'Morocco', 'the Kingdom of Morocco', 0),
(255, 'MM', 'MMR', 'Myanmar', 'the Republic of the Union of Myanmar', 0),
(254, 'MZ', 'MOZ', 'Mozambique', 'the Republic of Mozambique', 0),
(258, 'NP', 'NPL', 'Nepal', 'the Federal Democratic Republic of Nepal', 0),
(257, 'NR', 'NRU', 'Nauru', 'the Republic of Nauru', 0),
(291, 'PM', 'SPM', 'Saint Pierre and Miquelon', 'Saint Pierre and Miquelon', 0),
(283, 'QA', 'QAT', 'Qatar', 'the State of Qatar', 0),
(287, 'RW', 'RWA', 'Rwanda', 'the Republic of Rwanda', 0),
(185, 'TF', 'ATF', 'French Southern Territories', 'the French Southern Territories', 0),
(203, 'VA', 'VAT', 'Holy See (Vatican City State)', 'the Holy See', 0),
(292, 'VC', 'VCT', 'Saint Vincent and The Grenadines', 'Saint Vincent and the Grenadines', 0),
(293, 'WS', 'WSM', 'Samoa', 'the Independent State of Samoa', 0),
(303, 'SB', 'SLB', 'Solomon Islands', 'Solomon Islands', 0),
(322, 'TK', 'TKL', 'Tokelau', 'Tokelau', 0),
(327, 'TM', 'TKM', 'Turkmenistan', 'Turkmenistan', 0),
(329, 'TV', 'TUV', 'Tuvalu', 'Tuvalu', 0),
(103, 'BE', 'BEL', 'Belgium', 'the Kingdom of Belgium', 0),
(109, 'CA', 'CAN', 'Canada', 'Canada', 0),
(107, 'CH', 'CHE', 'Switzerland', 'the Swiss Confederation', 0),
(102, 'FR', 'FRA', 'France', 'the French Republic', 0),
(333, 'GB', 'GBR', 'United Kingdom', 'the United Kingdom of Great Britain and Northern Ireland', 0),
(306, 'GS', 'SGS', 'South Georgia and The South Sandwich Islands', 'South Georgia and the South Sandwich Islands', 0),
(308, 'LK', 'LKA', 'Sri Lanka', 'the Democratic Socialist Republic of Sri Lanka', 0),
(296, 'SA', 'SAU', 'Saudi Arabia', 'the Kingdom of Saudi Arabia', 0),
(298, 'SC', 'SYC', 'Seychelles', 'the Republic of Seychelles', 0),
(309, 'SD', 'SDN', 'Sudan', 'the Republic of the Sudan', 0),
(300, 'SG', 'SGP', 'Singapore', 'the Republic of Singapore', 0),
(311, 'SJ', 'SJM', 'Svalbard and Jan Mayen', 'Svalbard and Jan Mayen', 0),
(299, 'SL', 'SLE', 'Sierra Leone', 'the Republic of Sierra Leone', 0),
(294, 'SM', 'SMR', 'San Marino', 'the Republic of San Marino', 0),
(304, 'SO', 'SOM', 'Somalia', 'the Federal Republic of Somalia', 0),
(310, 'SR', 'SUR', 'Suriname', 'the Republic of Suriname', 0),
(328, 'TC', 'TCA', 'Turks and Caicos Islands', 'the Turks and Caicos Islands', 0),
(321, 'TG', 'TGO', 'Togo', 'the Togolese Republic', 0),
(319, 'TH', 'THA', 'Thailand', 'the Kingdom of Thailand', 0),
(317, 'TJ', 'TJK', 'Tajikistan', 'the Republic of Tajikistan', 0),
(323, 'TO', 'TON', 'Tonga', 'the Kingdom of Tonga', 0),
(326, 'TR', 'TUR', 'Turkey', 'the Republic of Turkey', 0);</SQLStatement>
            <ReleaseNo/>
            <Processing>N</Processing>
            <Processed>N</Processed>
            <Name2/>
            <Line>30</Line>
            <AD_Table_ID reference="id"/>
            <AD_ReportView_ID reference="id"/>
            <AD_Package_Exp_ID reference="uuid" reference-key="AD_Package_Exp">431d5fba-0ba8-4f13-9979-c0656577dfc5</AD_Package_Exp_ID>
            <AD_Package_Code_New/>
            <AD_Package_Code_Old/>
            <AD_Val_Rule_ID reference="id"/>
            <AD_Message_ID reference="id"/>
            <AD_PrintFormat_ID reference="id"/>
            <AD_Reference_ID reference="id"/>
            <AD_ModelValidator_ID reference="id"/>
            <AD_EntityType_ID reference="id"/>
            <AD_Package_Exp_Detail_UU>417b920a-cfd4-47b9-9387-6b150535243e</AD_Package_Exp_Detail_UU>
            <AD_InfoWindow_ID reference="id"/>
            <ExecCode/>
        </AD_Package_Exp_Detail>
        <AD_Package_Exp_Detail type="table">
            <AD_Client_ID>0</AD_Client_ID>
            <AD_Org_ID>0</AD_Org_ID>
            <AD_Form_ID reference="id"/>
            <AD_ImpFormat_ID reference="id"/>
            <AD_Menu_ID reference="id"/>
            <AD_Process_ID reference="id"/>
            <AD_Role_ID reference="id"/>
            <AD_Window_ID reference="id"/>
            <AD_Workflow_ID reference="id"/>
            <IsActive>Y</IsActive>
            <File_Directory/>
            <FileName/>
            <Destination_FileName/>
            <Destination_Directory/>
            <Description/>
            <DBType>Postgres</DBType>
            <Type>SQL</Type>
            <Target_Directory/>
            <SQLStatement>-- BLOQUE 03
INSERT INTO adempiere.c_country3
(c_country_id, countrycode, countrycode3, "name", description, modificado)
VALUES
(324, 'TT', 'TTO', 'Trinidad and Tobago', 'the Republic of Trinidad and Tobago', 0),
(316, 'TW', 'TWN', 'Taiwan', 'Taiwan (Province of China)', 0),
(330, 'UG', 'UGA', 'Uganda', 'the Republic of Uganda', 0),
(335, 'UM', 'UMI', 'United States Minor Outlying Islands', 'the United States Minor Outlying Islands', 0),
(336, 'UY', 'URY', 'Uruguay', 'the Eastern Republic of Uruguay', 0),
(339, 'VE', 'VEN', 'Venezuela', 'the Bolivarian Republic of Venezuela', 0),
(338, 'VU', 'VUT', 'Vanuatu', 'the Republic of Vanuatu', 0),
(305, 'ZA', 'ZAF', 'South Africa', 'the Republic of South Africa', 0),
(113, 'AS', 'ASM', 'American Samoa', 'American Samoa', 0),
(116, 'AI', 'AIA', 'Anguilla', 'Anguilla', 0),
(117, 'AQ', 'ATA', 'Antarctica', 'Antarctica', 0),
(121, 'AW', 'ABW', 'Aruba', 'Aruba', 0),
(128, 'BB', 'BRB', 'Barbados', 'Barbados', 0),
(131, 'BZ', 'BLZ', 'Belize', 'Belize', 0),
(133, 'BM', 'BMU', 'Bermuda', 'Bermuda', 0),
(138, 'BV', 'BVT', 'Bouvet Island', 'Bouvet Island', 0),
(143, 'BF', 'BFA', 'Burkina Faso', 'Burkina Faso', 0),
(118, 'AG', 'ATG', 'Antigua and Barbuda', 'Antigua and Barbuda', 0),
(111, 'AL', 'ALB', 'Albania', 'the Republic of Albania', 0),
(124, 'AZ', 'AZE', 'Azerbaijan', 'the Republic of Azerbaijan', 0),
(127, 'BD', 'BGD', 'Bangladesh', 'the People''s Republic of Bangladesh', 0),
(142, 'BG', 'BGR', 'Bulgaria', 'the Republic of Bulgaria', 0),
(126, 'BH', 'BHR', 'Bahrain', 'the Kingdom of Bahrain', 0),
(144, 'BI', 'BDI', 'Burundi', 'the Republic of Burundi', 0),
(132, 'BJ', 'BEN', 'Benin', 'the Republic of Benin', 0),
(125, 'BS', 'BHS', 'Bahamas', 'the Commonwealth of the Bahamas', 0),
(134, 'BT', 'BTN', 'Bhutan', 'the Kingdom of Bhutan', 0),
(137, 'BW', 'BWA', 'Botswana', 'the Republic of Botswana', 0),
(150, 'CF', 'CAF', 'Central African Republic', 'the Central African Republic', 0),
(152, 'CL', 'CHL', 'Chile', 'the Republic of Chile', 0),
(146, 'CM', 'CMR', 'Cameroon', 'the Republic of Cameroon', 0),
(153, 'CN', 'CHN', 'China', 'the People''s Republic of China', 0),
(112, 'DZ', 'DZA', 'Algeria', 'the People''s Democratic Republic of Algeria', 0),
(344, 'EH', 'ESH', 'Western Sahara', 'Western Sahara* (*Provisional name)', 0),
(208, 'IN', 'IND', 'India', 'the Republic of India', 0),
(140, 'IO', 'IOT', 'British Indian Ocean Territory', 'the British Indian Ocean Territory', 0),
(145, 'KH', 'KHM', 'Cambodia', 'the Kingdom of Cambodia', 0),
(151, 'TD', 'TCD', 'Chad', 'the Republic of Chad', 0),
(341, 'VG', 'VGB', 'Virgin Islands British', 'the British Virgin Islands', 0),
(340, 'VN', 'VNM', 'Viet Nam', 'the Socialist Republic of Viet Nam', 0),
(343, 'WF', 'WLF', 'Wallis and Futuna', 'Wallis and Futuna Islands', 0),
(345, 'YE', 'YEM', 'Yemen', 'the Republic of Yemen', 0),
(348, 'ZW', 'ZWE', 'Zimbabwe', 'the Republic of Zimbabwe', 0),
(261, 'NC', 'NCL', 'New Caledonia', 'New Caledonia', 0),
(262, 'NZ', 'NZL', 'New Zealand', 'New Zealand', 0),
(267, 'NF', 'NFK', 'Norfolk Island', 'Norfolk Island', 0),
(50000, 'AX', 'ALA', 'Åland Islands', 'Åland Islands', 0),
(50003, 'IM', 'IMN', 'Isle of Man', 'Isle of Man', 0),
(50004, 'JE', 'JEY', 'Jersey', 'Jersey', 0),
(238, 'MY', 'MYS', 'Malaysia', 'Malaysia', 0);</SQLStatement>
            <ReleaseNo/>
            <Processing>N</Processing>
            <Processed>N</Processed>
            <Name2/>
            <Line>40</Line>
            <AD_Table_ID reference="id"/>
            <AD_ReportView_ID reference="id"/>
            <AD_Package_Exp_ID reference="uuid" reference-key="AD_Package_Exp">431d5fba-0ba8-4f13-9979-c0656577dfc5</AD_Package_Exp_ID>
            <AD_Package_Code_New/>
            <AD_Package_Code_Old/>
            <AD_Val_Rule_ID reference="id"/>
            <AD_Message_ID reference="id"/>
            <AD_PrintFormat_ID reference="id"/>
            <AD_Reference_ID reference="id"/>
            <AD_ModelValidator_ID reference="id"/>
            <AD_EntityType_ID reference="id"/>
            <AD_Package_Exp_Detail_UU>42173394-7a8f-4b47-bced-086e8944e752</AD_Package_Exp_Detail_UU>
            <AD_InfoWindow_ID reference="id"/>
            <ExecCode/>
        </AD_Package_Exp_Detail>
        <AD_Package_Exp_Detail type="table">
            <AD_Client_ID>0</AD_Client_ID>
            <AD_Org_ID>0</AD_Org_ID>
            <AD_Form_ID reference="id"/>
            <AD_ImpFormat_ID reference="id"/>
            <AD_Menu_ID reference="id"/>
            <AD_Process_ID reference="id"/>
            <AD_Role_ID reference="id"/>
            <AD_Window_ID reference="id"/>
            <AD_Workflow_ID reference="id"/>
            <IsActive>Y</IsActive>
            <File_Directory/>
            <FileName/>
            <Destination_FileName/>
            <Destination_Directory/>
            <Description/>
            <DBType>Postgres</DBType>
            <Type>SQL</Type>
            <Target_Directory/>
            <SQLStatement>-- BLOQUE 04
INSERT INTO adempiere.c_country3
(c_country_id, countrycode, countrycode3, "name", description, modificado)
VALUES
(215, 'JM', 'JAM', 'Jamaica', 'Jamaica', 0),
(209, 'ID', 'IDN', 'Indonesia', 'the Republic of Indonesia', 0),
(213, 'IL', 'ISR', 'Israel', 'the State of Israel', 0),
(211, 'IQ', 'IRQ', 'Iraq', 'the Republic of Iraq', 0),
(210, 'IR', 'IRN', 'Iran', 'the Islamic Republic of Iran', 0),
(214, 'IT', 'ITA', 'Italy', 'the Republic of Italy', 0),
(217, 'JO', 'JOR', 'Jordan', 'the Hashemite Kingdom of Jordan', 0),
(219, 'KE', 'KEN', 'Kenya', 'the Republic of Kenya', 0),
(221, 'KP', 'PRK', 'Korea Democratic People''s Republic of', 'the Democratic People''s Republic of Korea', 0),
(222, 'KR', 'KOR', 'Korea Republic of', 'the Republic of Korea', 0),
(223, 'KW', 'KWT', 'Kuwait', 'the State of Kuwait', 0),
(218, 'KZ', 'KAZ', 'Kazakhstan', 'the Republic of Kazakhstan', 0),
(225, 'LA', 'LAO', 'Lao People''s Democratic Republic', 'the Lao People''s Democratic Republic', 0),
(227, 'LB', 'LBN', 'Lebanon', 'the Lebanese Republic', 0),
(231, 'LI', 'LIE', 'Liechtenstein', 'the Principality of Liechtenstein', 0),
(228, 'LS', 'LSO', 'Lesotho', 'the Kingdom of Lesotho', 0),
(233, 'LU', 'LUX', 'Luxembourg', 'the Grand Duchy of Luxembourg', 0),
(226, 'LV', 'LVA', 'Latvia', 'the Republic of Latvia', 0),
(230, 'LY', 'LBY', 'Libya', 'the State of Libya', 0),
(234, 'MO', 'MAC', 'Macao', 'Macao Special Administrative Region of China', 0),
(264, 'NE', 'NER', 'Niger', 'the Republic of the Niger', 0),
(265, 'NG', 'NGA', 'Nigeria', 'the Federal Republic of Nigeria', 0),
(263, 'NI', 'NIC', 'Nicaragua', 'the Republic of Nicaragua', 0),
(269, 'NO', 'NOR', 'Norway', 'the Kingdom of Norway', 0),
(270, 'OM', 'OMN', 'Oman', 'the Sultanate of Oman', 0),
(272, 'PW', 'PLW', 'Palau', 'the Republic of Palau', 0),
(252, 'MS', 'MSR', 'Montserrat', 'Montserrat', 0),
(331, 'UA', 'UKR', 'Ukraine', 'Ukraine', 0),
(115, 'AO', 'AGO', 'Angola', 'the Republic of Angola', 0),
(50005, 'MF', 'MAF', 'Saint Martin', 'Saint Martin (French part)', 0),
(119, 'AR', 'ARG', 'Argentina', 'the Argentine Republic', 0),
(139, 'BR', 'BRA', 'Brazil', 'the Federative Republic of Brazil', 0),
(164, 'CU', 'CUB', 'Cuba', 'the Republic of Cuba', 0),
(165, 'CY', 'CYP', 'Cyprus', 'the Republic of Cyprus', 0),
(166, 'CZ', 'CZE', 'Czech Republic', 'the Czech Republic', 0),
(168, 'DJ', 'DJI', 'Djibouti', 'the Republic of Djibouti', 0),
(167, 'DK', 'DNK', 'Denmark', 'the Kingdom of Denmark', 0),
(169, 'DM', 'DMA', 'Dominica', 'the Commonwealth of Dominica', 0),
(177, 'ET', 'ETH', 'Ethiopia', 'the Federal Democratic Republic of Ethiopia', 0),
(178, 'FK', 'FLK', 'Falkland Islands [Malvinas]', 'the Falkland Islands [Malvinas]', 0),
(187, 'GM', 'GMB', 'Gambia', 'the Republic of the Gambia', 0),
(163, 'HR', 'HRV', 'Croatia', 'the Republic of Croatia', 0),
(232, 'LT', 'LTU', 'Lithuania', 'the Republic of Lithuania', 0),
(236, 'MG', 'MDG', 'Madagascar', 'the Republic of Madagascar', 0),
(235, 'MK', 'MKD', 'North Macedonia', 'the Republic of North Macedonia', 0),
(241, 'MT', 'MLT', 'Malta', 'the Republic of Malta', 0),
(256, 'NA', 'NAM', 'Namibia', 'the Republic of Namibia', 0),
(284, 'RE', 'REU', 'Reunion', 'Réunion', 0),
(349, 'RS', 'SRB', 'Serbia', 'the Republic of Serbia', 0),
(313, 'SE', 'SWE', 'Sweden', 'the Kingdom of Sweden', 0),
(302, 'SI', 'SVN', 'Slovenia', 'the Republic of Slovenia', 0),
(301, 'SK', 'SVK', 'Slovakia', 'the Slovak Republic', 0);</SQLStatement>
            <ReleaseNo/>
            <Processing>N</Processing>
            <Processed>N</Processed>
            <Name2/>
            <Line>50</Line>
            <AD_Table_ID reference="id"/>
            <AD_ReportView_ID reference="id"/>
            <AD_Package_Exp_ID reference="uuid" reference-key="AD_Package_Exp">431d5fba-0ba8-4f13-9979-c0656577dfc5</AD_Package_Exp_ID>
            <AD_Package_Code_New/>
            <AD_Package_Code_Old/>
            <AD_Val_Rule_ID reference="id"/>
            <AD_Message_ID reference="id"/>
            <AD_PrintFormat_ID reference="id"/>
            <AD_Reference_ID reference="id"/>
            <AD_ModelValidator_ID reference="id"/>
            <AD_EntityType_ID reference="id"/>
            <AD_Package_Exp_Detail_UU>712ede55-4f1e-43b7-a9b3-31426be50dd5</AD_Package_Exp_Detail_UU>
            <AD_InfoWindow_ID reference="id"/>
            <ExecCode/>
        </AD_Package_Exp_Detail>
        <AD_Package_Exp_Detail type="table">
            <AD_Client_ID>0</AD_Client_ID>
            <AD_Org_ID>0</AD_Org_ID>
            <AD_Form_ID reference="id"/>
            <AD_ImpFormat_ID reference="id"/>
            <AD_Menu_ID reference="id"/>
            <AD_Process_ID reference="id"/>
            <AD_Role_ID reference="id"/>
            <AD_Window_ID reference="id"/>
            <AD_Workflow_ID reference="id"/>
            <IsActive>Y</IsActive>
            <File_Directory/>
            <FileName/>
            <Destination_FileName/>
            <Destination_Directory/>
            <Description/>
            <DBType>Postgres</DBType>
            <Type>SQL</Type>
            <Target_Directory/>
            <SQLStatement>-- BLOQUE 05
INSERT INTO adempiere.c_country3
(c_country_id, countrycode, countrycode3, "name", description, modificado)
VALUES
(295, 'ST', 'STP', 'Sao Tome and Principe', 'the Democratic Republic of Sao Tome and Principe', 0),
(315, 'SY', 'SYR', 'Syria', 'the Syrian Arab Republic', 0),
(312, 'SZ', 'SWZ', 'Eswatini', 'the Kingdom of Eswatini', 0),
(320, 'TL', 'TLS', 'Timor-leste', 'Timor-Leste', 0),
(325, 'TN', 'TUN', 'Tunisia', 'the Republic of Tunisia', 0),
(337, 'UZ', 'UZB', 'Uzbekistan', 'the Republic of Uzbekistan', 0),
(342, 'VI', 'VIR', 'Virgin Islands', 'the Virgin Islands of the United States', 0),
(108, 'AT', 'AUT', 'Austria', 'the Republic of Austria', 0),
(122, 'AU', 'AUS', 'Australia', 'Australia', 0),
(141, 'BN', 'BRN', 'Brunei Darussalam', 'Brunei Darussalam', 0),
(154, 'CX', 'CXR', 'Christmas Island', 'Christmas Island', 0),
(266, 'NU', 'NIU', 'Niue', 'Niue', 0),
(212, 'IE', 'IRL', 'Ireland', 'Ireland', 0),
(216, 'JP', 'JPN', 'Japan', 'Japan', 0),
(350, 'ME', 'MNE', 'Montenegro', 'Montenegro', 0),
(114, 'AD', 'AND', 'Andorra', 'the Principality of Andorra', 0),
(332, 'AE', 'ARE', 'United Arab Emirates', 'the United Arab Emirates', 0),
(110, 'AF', 'AFG', 'Afghanistan', 'the Islamic Republic of Afghanistan', 0),
(120, 'AM', 'ARM', 'Armenia', 'the Republic of Armenia', 0),
(136, 'BA', 'BIH', 'Bosnia and Herzegovina', 'Bosnia and Herzegovina', 0),
(135, 'BO', 'BOL', 'Bolivia', 'the Plurinational State of Bolivia', 0),
(129, 'BY', 'BLR', 'Belarus', 'the Republic of Belarus', 0),
(155, 'CC', 'CCK', 'Cocos (Keeling) Islands', 'the Cocos (Keeling) Islands', 0),
(161, 'CR', 'CRI', 'Costa Rica', 'the Republic of Costa Rica', 0),
(148, 'CV', 'CPV', 'Cape Verde', 'the Republic of Cabo Verde', 0),
(101, 'DE', 'DEU', 'Germany', 'the Federal Republic of Germany', 0),
(172, 'EG', 'EGY', 'Egypt', 'the Arab Republic of Egypt', 0),
(106, 'ES', 'ESP', 'Spain', 'the Kingdom of Spain', 0),
(181, 'FI', 'FIN', 'Finland', 'the Republic of Finland', 0),
(186, 'GA', 'GAB', 'Gabon', 'the Gabonese Republic', 0),
(50002, 'GG', 'GGY', 'Guernsey', 'Guernsey', 0),
(202, 'HM', 'HMD', 'Heard Island and Mcdonald Islands', 'Heard Island and McDonald Islands', 0),
(224, 'KG', 'KGZ', 'Kyrgyzstan', 'the Kyrgyz Republic', 0),
(220, 'KI', 'KIR', 'Kiribati', 'the Republic of Kiribati', 0),
(149, 'KY', 'CYM', 'Cayman Islands', 'the Cayman Islands', 0),
(229, 'LR', 'LBR', 'Liberia', 'the Republic of Liberia', 0),
(271, 'PK', 'PAK', 'Pakistan', 'the Islamic Republic of Pakistan', 0),
(286, 'RU', 'RUS', 'Russia', 'the Russian Federation', 0),
(200000, 'SX', 'SXM', 'Sint Maarten', 'Sint Maarten (Dutch part)', 0),
(200001, 'SS', 'SSD', 'South Sudan', 'the Republic of South Sudan', 0),
(200002, 'BQ', 'BES', 'Bonaire, Sint Eustatius and Saba', 'Bonaire, Sint Eustatius and Saba', 0),
(200003, 'CW', 'CUW', 'Curaçao', 'Curaçao', 0),
(346, 'YU', 'YUG', 'Yugoslavia', 'Yugoslavia', 0),
(289, 'KN', 'KNA', 'Saint Kitts and Nevis', 'Saint Kitts and Nevis', 0),
(268, 'MP', 'MNP', 'Northern Mariana Islands', 'the Commonwealth of the Northern Mariana Islands', 0),
(247, 'MX', 'MEX', 'Mexico', 'the United Mexican States', 0),
(105, 'NL', 'NLD', 'Netherlands', 'the Kingdom of the Netherlands', 0),
(288, 'SH', 'SHN', 'Saint Helena', 'Saint Helena, Ascension and Tristan da Cunha', 0),
(297, 'SN', 'SEN', 'Senegal', 'the Republic of Senegal', 0),
(318, 'TZ', 'TZA', 'Tanzania', 'the United Republic of Tanzania', 0),
(347, 'ZM', 'ZMB', 'Zambia', 'the Republic of Zambia', 0),
(100, 'US', 'USA', 'United States', 'the United States of America', 0);
--</SQLStatement>
            <ReleaseNo/>
            <Processing>N</Processing>
            <Processed>N</Processed>
            <Name2/>
            <Line>60</Line>
            <AD_Table_ID reference="id"/>
            <AD_ReportView_ID reference="id"/>
            <AD_Package_Exp_ID reference="uuid" reference-key="AD_Package_Exp">431d5fba-0ba8-4f13-9979-c0656577dfc5</AD_Package_Exp_ID>
            <AD_Package_Code_New/>
            <AD_Package_Code_Old/>
            <AD_Val_Rule_ID reference="id"/>
            <AD_Message_ID reference="id"/>
            <AD_PrintFormat_ID reference="id"/>
            <AD_Reference_ID reference="id"/>
            <AD_ModelValidator_ID reference="id"/>
            <AD_EntityType_ID reference="id"/>
            <AD_Package_Exp_Detail_UU>476ed148-6b68-45a2-b59b-a05077606be6</AD_Package_Exp_Detail_UU>
            <AD_InfoWindow_ID reference="id"/>
            <ExecCode/>
        </AD_Package_Exp_Detail>
        <AD_Package_Exp_Detail type="table">
            <AD_Client_ID>0</AD_Client_ID>
            <AD_Org_ID>0</AD_Org_ID>
            <AD_Form_ID reference="id"/>
            <AD_ImpFormat_ID reference="id"/>
            <AD_Menu_ID reference="id"/>
            <AD_Process_ID reference="id"/>
            <AD_Role_ID reference="id"/>
            <AD_Window_ID reference="id"/>
            <AD_Workflow_ID reference="id"/>
            <IsActive>Y</IsActive>
            <File_Directory/>
            <FileName/>
            <Destination_FileName/>
            <Destination_Directory/>
            <Description/>
            <DBType>Postgres</DBType>
            <Type>SQL</Type>
            <Target_Directory/>
            <SQLStatement>-- Elimina la tabla temporal si existe c_country23
DROP TABLE IF EXISTS "adempiere"."c_country3" ;

CREATE TABLE adempiere.c_country3 (
	c_country_id numeric(10) NULL,
	countrycode bpchar(2) NOT NULL,
	countrycode3 bpchar(3) NOT NULL,
	"name" varchar(60) NOT NULL,
	description varchar(255) NULL,
	modificado numeric(1) NULL
);</SQLStatement>
            <ReleaseNo/>
            <Processing>N</Processing>
            <Processed>N</Processed>
            <Name2/>
            <Line>10</Line>
            <AD_Table_ID reference="id"/>
            <AD_ReportView_ID reference="id"/>
            <AD_Package_Exp_ID reference="uuid" reference-key="AD_Package_Exp">431d5fba-0ba8-4f13-9979-c0656577dfc5</AD_Package_Exp_ID>
            <AD_Package_Code_New/>
            <AD_Package_Code_Old/>
            <AD_Val_Rule_ID reference="id"/>
            <AD_Message_ID reference="id"/>
            <AD_PrintFormat_ID reference="id"/>
            <AD_Reference_ID reference="id"/>
            <AD_ModelValidator_ID reference="id"/>
            <AD_EntityType_ID reference="id"/>
            <AD_Package_Exp_Detail_UU>f447ded1-f0f4-42a6-b4d2-0d553bf1c453</AD_Package_Exp_Detail_UU>
            <AD_InfoWindow_ID reference="id"/>
            <ExecCode/>
        </AD_Package_Exp_Detail>
        <AD_Package_Exp_Detail type="table">
            <AD_Client_ID>0</AD_Client_ID>
            <AD_Org_ID>0</AD_Org_ID>
            <AD_Form_ID reference="id"/>
            <AD_ImpFormat_ID reference="id"/>
            <AD_Menu_ID reference="id"/>
            <AD_Process_ID reference="id"/>
            <AD_Role_ID reference="id"/>
            <AD_Window_ID reference="id"/>
            <AD_Workflow_ID reference="id"/>
            <IsActive>Y</IsActive>
            <File_Directory/>
            <FileName/>
            <Destination_FileName/>
            <Destination_Directory/>
            <Description/>
            <DBType>Postgres</DBType>
            <Type>SQM</Type>
            <Target_Directory/>
            <SQLStatement>-- BLOQUE 01
INSERT INTO adempiere.c_country3
(c_country_id, countrycode, countrycode3, "name", description, modificado)
VALUES
(50001, 'BL', 'BLM', 'Saint Barthélemy', 'Saint Barthélemy', 0),
(196, 'GU', 'GUM', 'Guam', 'Guam', 0),
(243, 'MQ', 'MTQ', 'Martinique', 'Martinique', 0),
(246, 'YT', 'MYT', 'Mayotte', 'Mayotte', 0),
(279, 'PN', 'PCN', 'Pitcairn', 'Pitcairn', 0),
(282, 'PR', 'PRI', 'Puerto Rico', 'Puerto Rico', 0),
(159, 'CD', 'COD', 'Congo (DRC)', 'the Democratic Republic of the Congo', 0),
(158, 'CG', 'COG', 'Congo', 'the Republic of the Congo', 0),
(162, 'CI', 'CIV', 'Côte d''Ivoire', 'the Republic of Côte d''Ivoire', 0),
(160, 'CK', 'COK', 'Cook Islands', 'the Cook Islands', 0),
(156, 'CO', 'COL', 'Colombia', 'the Republic of Colombia', 0),
(170, 'DO', 'DOM', 'Dominican Republic', 'the Dominican Republic', 0),
(171, 'EC', 'ECU', 'Ecuador', 'the Republic of Ecuador', 0),
(176, 'EE', 'EST', 'Estonia', 'the Republic of Estonia', 0),
(175, 'ER', 'ERI', 'Eritrea', 'the State of Eritrea', 0),
(180, 'FJ', 'FJI', 'Fiji', 'the Republic of Fiji', 0),
(248, 'FM', 'FSM', 'Micronesia', 'the Federated States of Micronesia', 0),
(179, 'FO', 'FRO', 'Faroe Islands', 'the Faroe Islands', 0),
(174, 'GQ', 'GNQ', 'Equatorial Guinea', 'the Republic of Equatorial Guinea', 0),
(157, 'KM', 'COM', 'Comoros', 'the Union of the Comoros', 0),
(250, 'MC', 'MCO', 'Monaco', 'the Principality of Monaco', 0),
(249, 'MD', 'MDA', 'Moldova', 'the Republic of Moldova', 0),
(242, 'MH', 'MHL', 'Marshall Islands', 'the Republic of the Marshall Islands', 0),
(240, 'ML', 'MLI', 'Mali', 'the Republic of Mali', 0),
(244, 'MR', 'MRT', 'Mauritania', 'the Islamic Republic of Mauritania', 0),
(245, 'MU', 'MUS', 'Mauritius', 'the Republic of Mauritius', 0),
(239, 'MV', 'MDV', 'Maldives', 'the Republic of Maldives', 0),
(237, 'MW', 'MWI', 'Malawi', 'the Republic of Malawi', 0),
(274, 'PA', 'PAN', 'Panama', 'the Republic of Panama', 0),
(277, 'PE', 'PER', 'Peru', 'the Republic of Peru', 0),
(275, 'PG', 'PNG', 'Papua New Guinea', 'the Independent State of Papua New Guinea', 0),
(278, 'PH', 'PHL', 'Philippines', 'the Republic of the Philippines', 0),
(280, 'PL', 'POL', 'Poland', 'the Republic of Poland', 0),
(273, 'PS', 'PSE', 'Palestinian State of', 'the State of Palestine', 0),
(281, 'PT', 'PRT', 'Portugal', 'the Portuguese Republic', 0),
(276, 'PY', 'PRY', 'Paraguay', 'the Republic of Paraguay', 0),
(173, 'SV', 'SLV', 'El Salvador', 'the Republic of El Salvador', 0),
(183, 'GF', 'GUF', 'French Guiana', 'French Guiana', 0),
(184, 'PF', 'PYF', 'French Polynesia', 'French Polynesia', 0),
(188, 'GE', 'GEO', 'Georgia', 'Georgia', 0),
(191, 'GI', 'GIB', 'Gibraltar', 'Gibraltar', 0),
(193, 'GL', 'GRL', 'Greenland', 'Greenland', 0),
(194, 'GD', 'GRD', 'Grenada', 'Grenada', 0),
(195, 'GP', 'GLP', 'Guadeloupe', 'Guadeloupe', 0),
(206, 'HU', 'HUN', 'Hungary', 'Hungary', 0),
(251, 'MN', 'MNG', 'Mongolia', 'Mongolia', 0),
(260, 'AN', 'ANT', 'Netherlands Antilles', 'Netherlands Antilles', 0);</SQLStatement>
            <ReleaseNo/>
            <Processing>N</Processing>
            <Processed>N</Processed>
            <Name2/>
            <Line>20</Line>
            <AD_Table_ID reference="id"/>
            <AD_ReportView_ID reference="id"/>
            <AD_Package_Exp_ID reference="uuid" reference-key="AD_Package_Exp">431d5fba-0ba8-4f13-9979-c0656577dfc5</AD_Package_Exp_ID>
            <AD_Package_Code_New/>
            <AD_Package_Code_Old/>
            <AD_Val_Rule_ID reference="id"/>
            <AD_Message_ID reference="id"/>
            <AD_PrintFormat_ID reference="id"/>
            <AD_Reference_ID reference="id"/>
            <AD_ModelValidator_ID reference="id"/>
            <AD_EntityType_ID reference="id"/>
            <AD_Package_Exp_Detail_UU>1a3fed9e-a57f-422e-88d5-721e9ec80076</AD_Package_Exp_Detail_UU>
            <AD_InfoWindow_ID reference="id"/>
            <ExecCode/>
        </AD_Package_Exp_Detail>
        <AD_Package_Exp_Detail type="table">
            <AD_Client_ID>0</AD_Client_ID>
            <AD_Org_ID>0</AD_Org_ID>
            <AD_Form_ID reference="id"/>
            <AD_ImpFormat_ID reference="id"/>
            <AD_Menu_ID reference="id"/>
            <AD_Process_ID reference="id"/>
            <AD_Role_ID reference="id"/>
            <AD_Window_ID reference="id"/>
            <AD_Workflow_ID reference="id"/>
            <IsActive>Y</IsActive>
            <File_Directory/>
            <FileName/>
            <Destination_FileName/>
            <Destination_Directory/>
            <Description/>
            <DBType>Postgres</DBType>
            <Type>SQL</Type>
            <Target_Directory/>
            <SQLStatement>-- BLOQUE 06
-- Reemplaza el codigo de tres digitos en la tabla c_country
update  adempiere.c_country
set countrycode3=(
select adempiere.c_country3.countrycode3 
from  adempiere.c_country3 
where adempiere.c_country.countrycode=adempiere.c_country3.countrycode );

-- Elimina la tabla c_country3 
-- DROP TABLE ""adempiere"".""c_country3</SQLStatement>
            <ReleaseNo/>
            <Processing>N</Processing>
            <Processed>N</Processed>
            <Name2/>
            <Line>70</Line>
            <AD_Table_ID reference="id"/>
            <AD_ReportView_ID reference="id"/>
            <AD_Package_Exp_ID reference="uuid" reference-key="AD_Package_Exp">431d5fba-0ba8-4f13-9979-c0656577dfc5</AD_Package_Exp_ID>
            <AD_Package_Code_New/>
            <AD_Package_Code_Old/>
            <AD_Val_Rule_ID reference="id"/>
            <AD_Message_ID reference="id"/>
            <AD_PrintFormat_ID reference="id"/>
            <AD_Reference_ID reference="id"/>
            <AD_ModelValidator_ID reference="id"/>
            <AD_EntityType_ID reference="id"/>
            <AD_Package_Exp_Detail_UU>2c00d040-f54b-4094-94ac-03c8e19beaef</AD_Package_Exp_Detail_UU>
            <AD_InfoWindow_ID reference="id"/>
            <ExecCode/>
        </AD_Package_Exp_Detail>
        <AD_Package_Exp_Detail type="table">
            <AD_Client_ID>0</AD_Client_ID>
            <AD_Org_ID>0</AD_Org_ID>
            <AD_Form_ID reference="id"/>
            <AD_ImpFormat_ID reference="id"/>
            <AD_Menu_ID reference="id"/>
            <AD_Process_ID reference="id"/>
            <AD_Role_ID reference="id"/>
            <AD_Window_ID reference="id"/>
            <AD_Workflow_ID reference="id"/>
            <IsActive>Y</IsActive>
            <File_Directory/>
            <FileName/>
            <Destination_FileName/>
            <Destination_Directory/>
            <Description/>
            <DBType>ALL</DBType>
            <Type>D</Type>
            <Target_Directory/>
            <SQLStatement>SELECT * FROM AD_Package_Exp WHERE AD_Package_Exp_UU='431d5fba-0ba8-4f13-9979-c0656577dfc5';AD_Package_Exp_Detail</SQLStatement>
            <ReleaseNo/>
            <Processing>N</Processing>
            <Processed>N</Processed>
            <Name2/>
            <Line>80</Line>
            <AD_Table_ID reference="id">50005</AD_Table_ID>
            <AD_ReportView_ID reference="id"/>
            <AD_Package_Exp_ID reference="uuid" reference-key="AD_Package_Exp">431d5fba-0ba8-4f13-9979-c0656577dfc5</AD_Package_Exp_ID>
            <AD_Package_Code_New/>
            <AD_Package_Code_Old/>
            <AD_Val_Rule_ID reference="id"/>
            <AD_Message_ID reference="id"/>
            <AD_PrintFormat_ID reference="id"/>
            <AD_Reference_ID reference="id"/>
            <AD_ModelValidator_ID reference="id"/>
            <AD_EntityType_ID reference="id"/>
            <AD_Package_Exp_Detail_UU>8891f187-7fa9-493b-a179-c44bea06b454</AD_Package_Exp_Detail_UU>
            <AD_InfoWindow_ID reference="id"/>
            <ExecCode/>
        </AD_Package_Exp_Detail>
    </AD_Package_Exp>
</idempiere>
