<?xml version="1.0" encoding="UTF-8"?><?xml-stylesheet type="text/css" href="idempiereDocument.css"?><idempiereDocument>
    <header>AMERPSOFT Financial Reports Xlsx Package Description</header>
    <H1>Package Name:</H1>
    <packagename>AMERPSOFT Financial Reports Xlsx</packagename>
    <H1>Author:</H1>
    <Name:/>
    <H1>Email Address:</H1>
    <Email/>
    <H1>Created:</H1>
    <Date>2025-10-10 13:43:30.941</Date>
    <H1>Updated:</H1>
    <Date>2025-10-30 09:18:20.472</Date>
    <H1>Description:</H1>
    <description>Type of Financial Report, using Xlsx
TRB-Trial Balance One Period
TRD-Trial Balance between two dates
BAL-State Financial Balance
GOP-State Financial Integral Results 
ANB-Analitic Financial State 
CAT-Account Elements Catalog
</description>
    <H1>Instructions:</H1>
    <instructions/>
    <H1>Files in Package:</H1>
    <file>File: PackOut.xml</file>
    <filedirectory>Directory: \dict\</filedirectory>
    <filenotes>Notes: Contains all application/object settings for package</filenotes>
    <H1>Client:</H1>
    <Client>0-SYSTEM-System</Client>
</idempiereDocument>
