<?xml version="1.0" encoding="UTF-8"?><idempiere Name="AMERPSOFT ZK_Themes" Version="11" idempiereVersion="" DataBaseVersion="" Description="AMERPSOFT Editor for Extended Location" Author="" AuthorEmail="" CreatedDate="2024-04-13 15:38:55.741" UpdatedDate="2024-04-15 10:08:45.7" PackOutVersion="100" UpdateDictionary="false" Client="0-SYSTEM-System" AD_Client_UU="11237b53-9592-4af1-b3c5-afd216514b5d">
    <SQLStatement type="custom">
        <DBType>ALL</DBType>
        <statement><![CDATA[-- UPDATES
-- UPDATE ZK_THEME with ksys
UPDATE adempiere.ad_sysconfig
SET ad_client_id=0, ad_org_id=0, created='2012-11-02 14:39:46.000', updated='2024-04-13 15:42:05.635', createdby=100, updatedby=10, isactive='Y', "name"='ZK_THEME', value='ksys', description='Available choices amtheme amthemeblu businessteam businessTeamBlue ksys kbs iceblue optumTheme iceblue_c', entitytype='D', configurationlevel='S', ad_sysconfig_uu='054399ad-3705-411d-b79e-7ec7111888c5'
WHERE ad_sysconfig_id=200021;
-- UPDATE ZK_THEME_USE_FONT_ICON_FOR_IMAGE to N
UPDATE adempiere.ad_sysconfig
SET ad_client_id=0, ad_org_id=0, created='2019-11-01 09:37:20.427', updated='2024-04-13 15:49:28.092', createdby=0, updatedby=10, isactive='Y', "name"='ZK_THEME_USE_FONT_ICON_FOR_IMAGE', value='N', description='Use Font Icon Yes or No', entitytype='D', configurationlevel='S', ad_sysconfig_uu='29a0d95d-af05-477a-a047-241c350dc8e3'
WHERE ad_sysconfig_id=200111;

]]></statement>
    </SQLStatement>
    <SQLStatement type="custom">
        <DBType>ALL</DBType>
        <statement><![CDATA[--INSERTS
INSERT INTO adempiere.ad_sysconfig
(ad_sysconfig_id, ad_client_id, ad_org_id, created, updated, createdby, updatedby, isactive, "name", value, description, entitytype, configurationlevel, ad_sysconfig_uu)
VALUES(1000000, 0, 0, '2018-11-13 09:48:12.738', '2024-04-13 15:43:49.014', 0, 10, 'Y', 'ZK_LOGO_LARGE', '~./theme/ksys/images/login-logo-amerp2.png', 'Login Logo Large', 'AMERP', 'S', 'bfe6284e-00a2-412f-be82-37ed38363768');
INSERT INTO adempiere.ad_sysconfig
(ad_sysconfig_id, ad_client_id, ad_org_id, created, updated, createdby, updatedby, isactive, "name", value, description, entitytype, configurationlevel, ad_sysconfig_uu)
VALUES(1000001, 0, 0, '2018-11-13 09:48:57.580', '2024-04-13 15:44:27.074', 0, 10, 'Y', 'ZK_LOGO_SMALL', '~./theme/ksys/images/header-logo-amerp.png', 'Login Logo Small', 'AMERP', 'S', '69007345-c36f-4b02-870a-c41d8fb9deea');
INSERT INTO adempiere.ad_sysconfig
(ad_sysconfig_id, ad_client_id, ad_org_id, created, updated, createdby, updatedby, isactive, "name", value, description, entitytype, configurationlevel, ad_sysconfig_uu)
VALUES(1000012, 0, 0, '2024-04-13 15:45:35.250', '2024-04-13 15:46:13.602', 10, 10, 'Y', 'ZK_BROWSER_TITLE', 'iDempiere AMERP', 'Browser Title', 'AMERP', 'S', 'c587f6f8-2910-4b27-913e-2e41e8581ea0');
INSERT INTO adempiere.ad_sysconfig
(ad_sysconfig_id, ad_client_id, ad_org_id, created, updated, createdby, updatedby, isactive, "name", value, description, entitytype, configurationlevel, ad_sysconfig_uu)
VALUES(1000013, 0, 0, '2024-04-13 15:47:04.492', '2024-04-13 15:48:12.320', 10, 10, 'Y', 'ZK_BROWSER_ICON', '~./theme/ksys/images/icon-idempiere.png', 'Browse Icon Path', 'AMERP', 'S', '4cf766fd-5982-49dd-82f2-e8347214dbf0');
]]></statement>
    </SQLStatement>
    <AD_Package_Exp type="table">
        <AD_Client_ID>0</AD_Client_ID>
        <AD_Org_ID>0</AD_Org_ID>
        <AD_Package_Type>X</AD_Package_Type>
        <EMail/>
        <Instructions>NEW CONFIG VAriable:
 ('ZK_THEME', 'ZK_LOGO_LARGE', 'ZK_LOGO_SMALL','ZK_BROWSER_TITLE', 'ZK_BROWSER_ICON','ZK_THEME_USE_FONT_ICON_FOR_IMAGE')</Instructions>
        <Name>AMERPSOFT ZK_Themes</Name>
        <Processed>N</Processed>
        <ReleaseNo/>
        <Version/>
        <UserName/>
        <Processing>N</Processing>
        <PK_Version>11</PK_Version>
        <IsActive>Y</IsActive>
        <File_Directory/>
        <Description>AMERPSOFT Editor for Extended Location</Description>
        <AD_Package_Exp_UU>e0c1244d-eddb-4c24-a160-068cac7d2636</AD_Package_Exp_UU>
        <DateFrom/>
        <IsExportDictionaryEntity>N</IsExportDictionaryEntity>
        <AD_Package_Exp_Detail type="table">
            <AD_Client_ID>0</AD_Client_ID>
            <AD_Org_ID>0</AD_Org_ID>
            <AD_Form_ID reference="id"/>
            <AD_ImpFormat_ID reference="id"/>
            <AD_Menu_ID reference="id"/>
            <AD_Process_ID reference="id"/>
            <AD_Role_ID reference="id"/>
            <AD_Window_ID reference="id"/>
            <AD_Workflow_ID reference="id"/>
            <IsActive>Y</IsActive>
            <File_Directory/>
            <FileName/>
            <Destination_FileName/>
            <Destination_Directory/>
            <Description/>
            <DBType>ALL</DBType>
            <Type>SQL</Type>
            <Target_Directory/>
            <SQLStatement>--INSERTS
INSERT INTO adempiere.ad_sysconfig
(ad_sysconfig_id, ad_client_id, ad_org_id, created, updated, createdby, updatedby, isactive, "name", value, description, entitytype, configurationlevel, ad_sysconfig_uu)
VALUES(1000000, 0, 0, '2018-11-13 09:48:12.738', '2024-04-13 15:43:49.014', 0, 10, 'Y', 'ZK_LOGO_LARGE', '~./theme/ksys/images/login-logo-amerp2.png', 'Login Logo Large', 'AMERP', 'S', 'bfe6284e-00a2-412f-be82-37ed38363768');
INSERT INTO adempiere.ad_sysconfig
(ad_sysconfig_id, ad_client_id, ad_org_id, created, updated, createdby, updatedby, isactive, "name", value, description, entitytype, configurationlevel, ad_sysconfig_uu)
VALUES(1000001, 0, 0, '2018-11-13 09:48:57.580', '2024-04-13 15:44:27.074', 0, 10, 'Y', 'ZK_LOGO_SMALL', '~./theme/ksys/images/header-logo-amerp.png', 'Login Logo Small', 'AMERP', 'S', '69007345-c36f-4b02-870a-c41d8fb9deea');
INSERT INTO adempiere.ad_sysconfig
(ad_sysconfig_id, ad_client_id, ad_org_id, created, updated, createdby, updatedby, isactive, "name", value, description, entitytype, configurationlevel, ad_sysconfig_uu)
VALUES(1000012, 0, 0, '2024-04-13 15:45:35.250', '2024-04-13 15:46:13.602', 10, 10, 'Y', 'ZK_BROWSER_TITLE', 'iDempiere AMERP', 'Browser Title', 'AMERP', 'S', 'c587f6f8-2910-4b27-913e-2e41e8581ea0');
INSERT INTO adempiere.ad_sysconfig
(ad_sysconfig_id, ad_client_id, ad_org_id, created, updated, createdby, updatedby, isactive, "name", value, description, entitytype, configurationlevel, ad_sysconfig_uu)
VALUES(1000013, 0, 0, '2024-04-13 15:47:04.492', '2024-04-13 15:48:12.320', 10, 10, 'Y', 'ZK_BROWSER_ICON', '~./theme/ksys/images/icon-idempiere.png', 'Browse Icon Path', 'AMERP', 'S', '4cf766fd-5982-49dd-82f2-e8347214dbf0');
</SQLStatement>
            <ReleaseNo/>
            <Processing>N</Processing>
            <Processed>N</Processed>
            <Name2/>
            <Line>20</Line>
            <AD_Table_ID reference="id"/>
            <AD_ReportView_ID reference="id"/>
            <AD_Package_Exp_ID reference="uuid" reference-key="AD_Package_Exp">e0c1244d-eddb-4c24-a160-068cac7d2636</AD_Package_Exp_ID>
            <AD_Package_Code_New/>
            <AD_Package_Code_Old/>
            <AD_Val_Rule_ID reference="id"/>
            <AD_Message_ID reference="id"/>
            <AD_PrintFormat_ID reference="id"/>
            <AD_Reference_ID reference="id"/>
            <AD_ModelValidator_ID reference="id"/>
            <AD_EntityType_ID reference="id"/>
            <AD_Package_Exp_Detail_UU>fb8493b3-ac3c-478f-9e00-29ac91f1071c</AD_Package_Exp_Detail_UU>
            <AD_InfoWindow_ID reference="id"/>
            <ExecCode/>
        </AD_Package_Exp_Detail>
        <AD_Package_Exp_Detail type="table">
            <AD_Client_ID>0</AD_Client_ID>
            <AD_Org_ID>0</AD_Org_ID>
            <AD_Form_ID reference="id"/>
            <AD_ImpFormat_ID reference="id"/>
            <AD_Menu_ID reference="id"/>
            <AD_Process_ID reference="id"/>
            <AD_Role_ID reference="id"/>
            <AD_Window_ID reference="id"/>
            <AD_Workflow_ID reference="id"/>
            <IsActive>Y</IsActive>
            <File_Directory/>
            <FileName/>
            <Destination_FileName/>
            <Destination_Directory/>
            <Description/>
            <DBType>ALL</DBType>
            <Type>SQL</Type>
            <Target_Directory/>
            <SQLStatement>-- UPDATES
-- UPDATE ZK_THEME with ksys
UPDATE adempiere.ad_sysconfig
SET ad_client_id=0, ad_org_id=0, created='2012-11-02 14:39:46.000', updated='2024-04-13 15:42:05.635', createdby=100, updatedby=10, isactive='Y', "name"='ZK_THEME', value='ksys', description='Available choices amtheme amthemeblu businessteam businessTeamBlue ksys kbs iceblue optumTheme iceblue_c', entitytype='D', configurationlevel='S', ad_sysconfig_uu='054399ad-3705-411d-b79e-7ec7111888c5'
WHERE ad_sysconfig_id=200021;
-- UPDATE ZK_THEME_USE_FONT_ICON_FOR_IMAGE to N
UPDATE adempiere.ad_sysconfig
SET ad_client_id=0, ad_org_id=0, created='2019-11-01 09:37:20.427', updated='2024-04-13 15:49:28.092', createdby=0, updatedby=10, isactive='Y', "name"='ZK_THEME_USE_FONT_ICON_FOR_IMAGE', value='N', description='Use Font Icon Yes or No', entitytype='D', configurationlevel='S', ad_sysconfig_uu='29a0d95d-af05-477a-a047-241c350dc8e3'
WHERE ad_sysconfig_id=200111;

</SQLStatement>
            <ReleaseNo/>
            <Processing>N</Processing>
            <Processed>N</Processed>
            <Name2/>
            <Line>10</Line>
            <AD_Table_ID reference="id">50009</AD_Table_ID>
            <AD_ReportView_ID reference="id"/>
            <AD_Package_Exp_ID reference="uuid" reference-key="AD_Package_Exp">e0c1244d-eddb-4c24-a160-068cac7d2636</AD_Package_Exp_ID>
            <AD_Package_Code_New/>
            <AD_Package_Code_Old/>
            <AD_Val_Rule_ID reference="id"/>
            <AD_Message_ID reference="id"/>
            <AD_PrintFormat_ID reference="id"/>
            <AD_Reference_ID reference="id"/>
            <AD_ModelValidator_ID reference="id"/>
            <AD_EntityType_ID reference="id"/>
            <AD_Package_Exp_Detail_UU>818a912e-c42e-4d6d-a885-1420b708e7c6</AD_Package_Exp_Detail_UU>
            <AD_InfoWindow_ID reference="id"/>
            <ExecCode/>
        </AD_Package_Exp_Detail>
        <AD_Package_Exp_Detail type="table">
            <AD_Client_ID>0</AD_Client_ID>
            <AD_Org_ID>0</AD_Org_ID>
            <AD_Form_ID reference="id"/>
            <AD_ImpFormat_ID reference="id"/>
            <AD_Menu_ID reference="id"/>
            <AD_Process_ID reference="id"/>
            <AD_Role_ID reference="id"/>
            <AD_Window_ID reference="id"/>
            <AD_Workflow_ID reference="id"/>
            <IsActive>Y</IsActive>
            <File_Directory/>
            <FileName/>
            <Destination_FileName/>
            <Destination_Directory/>
            <Description/>
            <DBType>ALL</DBType>
            <Type>D</Type>
            <Target_Directory/>
            <SQLStatement>SELECT * FROM AD_Package_Exp WHERE AD_Package_Exp_UU='e0c1244d-eddb-4c24-a160-068cac7d2636';AD_Package_Exp_Detail</SQLStatement>
            <ReleaseNo/>
            <Processing>N</Processing>
            <Processed>N</Processed>
            <Name2/>
            <Line>30</Line>
            <AD_Table_ID reference="id">50005</AD_Table_ID>
            <AD_ReportView_ID reference="id"/>
            <AD_Package_Exp_ID reference="uuid" reference-key="AD_Package_Exp">e0c1244d-eddb-4c24-a160-068cac7d2636</AD_Package_Exp_ID>
            <AD_Package_Code_New/>
            <AD_Package_Code_Old/>
            <AD_Val_Rule_ID reference="id"/>
            <AD_Message_ID reference="id"/>
            <AD_PrintFormat_ID reference="id"/>
            <AD_Reference_ID reference="id"/>
            <AD_ModelValidator_ID reference="id"/>
            <AD_EntityType_ID reference="id"/>
            <AD_Package_Exp_Detail_UU>e60b6c35-c669-4839-a2e3-45cce1aa06f6</AD_Package_Exp_Detail_UU>
            <AD_InfoWindow_ID reference="id"/>
            <ExecCode/>
        </AD_Package_Exp_Detail>
    </AD_Package_Exp>
</idempiere>
