<?xml version="1.0" encoding="UTF-8"?><idempiere Name="AMERPSOFT Financial Reports Xlsx" Version="11" idempiereVersion="" DataBaseVersion="" Description="Type of Financial Report, using Xlsx&#10;TRB-Trial Balance One Period&#10;TRD-Trial Balance between two dates&#10;BAL-State Financial Balance&#10;GOP-State Financial Integral Results &#10;ANB-Analitic Financial State &#10;CAT-Account Elements Catalog&#10;" Author="" AuthorEmail="" CreatedDate="2025-10-10 13:43:30.941" UpdatedDate="2025-10-30 09:18:20.472" PackOutVersion="100" UpdateDictionary="false" Client="0-SYSTEM-System" AD_Client_UU="11237b53-9592-4af1-b3c5-afd216514b5d">
    <AD_Message type="table">
        <AD_Client_ID>0</AD_Client_ID>
        <AD_Org_ID>0</AD_Org_ID>
        <MsgType>E</MsgType>
        <MsgText>Account Summary Not Allowed</MsgText>
        <MsgTip/>
        <IsActive>Y</IsActive>
        <Value>AccountSummaryNotAllowed</Value>
        <EntityType>AMERP</EntityType>
        <AD_Message_UU>0352bb9b-d777-4715-8d6f-e68763a3df61</AD_Message_UU>
        <AD_Message_Trl type="translation">
            <MsgText>Cuenta acumulada no permitida</MsgText>
            <MsgTip/>
            <AD_Language>es_PY</AD_Language>
            <IsActive>Y</IsActive>
            <IsTranslated>Y</IsTranslated>
        </AD_Message_Trl>
        <AD_Message_Trl type="translation">
            <MsgText>Cuenta acumulada no permitida</MsgText>
            <MsgTip/>
            <AD_Language>es_CO</AD_Language>
            <IsActive>Y</IsActive>
            <IsTranslated>N</IsTranslated>
        </AD_Message_Trl>
    </AD_Message>
    <AD_Message type="table">
        <AD_Client_ID>0</AD_Client_ID>
        <AD_Org_ID>0</AD_Org_ID>
        <MsgType>I</MsgType>
        <MsgText>Download FILE</MsgText>
        <MsgTip> </MsgTip>
        <IsActive>Y</IsActive>
        <Value>download.file</Value>
        <EntityType>AMERP</EntityType>
        <AD_Message_UU>24dfa5de-871e-4a8a-94c3-53aea701adde</AD_Message_UU>
        <AD_Message_Trl type="translation">
            <MsgText>Descargar archivo</MsgText>
            <MsgTip> </MsgTip>
            <AD_Language>es_PY</AD_Language>
            <IsActive>Y</IsActive>
            <IsTranslated>N</IsTranslated>
        </AD_Message_Trl>
        <AD_Message_Trl type="translation">
            <MsgText>Descargar archivo</MsgText>
            <MsgTip> </MsgTip>
            <AD_Language>es_CO</AD_Language>
            <IsActive>Y</IsActive>
            <IsTranslated>N</IsTranslated>
        </AD_Message_Trl>
    </AD_Message>
    <AD_Reference type="table">
        <AD_Client_ID>0</AD_Client_ID>
        <AD_Org_ID>0</AD_Org_ID>
        <Name>FinancialReportType</Name>
        <Description>Type of Financial Report</Description>
        <Help>Type of Financial Report:
TRB-Trial Balance One Period
TRD-Trial Balance between two dates
BAL-State Financial Balance
GOP-State Financial Integral Results 
ANB-Analitic Financial State 
ACE-Account Elements Catalog</Help>
        <ValidationType>L</ValidationType>
        <IsActive>Y</IsActive>
        <VFormat/>
        <EntityType>AMERP</EntityType>
        <IsOrderByValue>N</IsOrderByValue>
        <AD_Reference_UU>0b14e05d-d39e-4757-a410-154f73b261d1</AD_Reference_UU>
        <AD_Element_ID reference="id"/>
        <ShowInactive>N</ShowInactive>
        <AD_Reference_Trl type="translation">
            <Description>Tipo de Reporte Financiero</Description>
            <Help>Tipo de Reporte Financiero:
TRB-Balance de Comprobación de un período
TRD-Balance de Comprobación entre dos fechas
BAL-Balance de Situación Financiera
GOP-Estado de Resultados Integrales 
ANB-Estados de Cuenta Analíticos
ACE-Catálogo de Cuentas
</Help>
            <Name>TipoReporteFinaciero</Name>
            <AD_Language>es_PY</AD_Language>
            <IsActive>Y</IsActive>
            <IsTranslated>N</IsTranslated>
        </AD_Reference_Trl>
        <AD_Reference_Trl type="translation">
            <Description>Tipo de Reporte Financiero</Description>
            <Help>Tipo de Reporte Financiero:
TRB-Balance de Comprobación de un período
TRD-Balance de Comprobación entre dos fechas
BAL-Balance de Situación Financiera
GOP-Estado de Resultados Integrales 
ANB-Estados de Cuenta Analíticos
ACE-Catálogo de Cuentas</Help>
            <Name>TipoReporteFinaciero</Name>
            <AD_Language>es_CO</AD_Language>
            <IsActive>Y</IsActive>
            <IsTranslated>N</IsTranslated>
        </AD_Reference_Trl>
        <AD_Ref_List type="table">
            <AD_Client_ID>0</AD_Client_ID>
            <AD_Org_ID>0</AD_Org_ID>
            <Name>Trial Balance One Period</Name>
            <Description>Trial Balance from transactions in one accounting period</Description>
            <AD_Reference_ID reference="uuid" reference-key="AD_Reference">0b14e05d-d39e-4757-a410-154f73b261d1</AD_Reference_ID>
            <ValidFrom/>
            <ValidTo/>
            <Value>TRB</Value>
            <IsActive>Y</IsActive>
            <EntityType>AMERP</EntityType>
            <AD_Ref_List_UU>26732a3d-677b-4fa9-b7fb-128fd70303ad</AD_Ref_List_UU>
            <AD_Ref_List_Trl type="translation">
                <Description>Balance de Comprobación de las transacciones de un período contable</Description>
                <Name>Balance de Comprobación de un período</Name>
                <AD_Language>es_PY</AD_Language>
                <IsActive>Y</IsActive>
                <IsTranslated>N</IsTranslated>
            </AD_Ref_List_Trl>
            <AD_Ref_List_Trl type="translation">
                <Description>Balance de Comprobación de las transacciones de un período contable</Description>
                <Name>Balance de Comprobación de un período</Name>
                <AD_Language>es_CO</AD_Language>
                <IsActive>Y</IsActive>
                <IsTranslated>N</IsTranslated>
            </AD_Ref_List_Trl>
        </AD_Ref_List>
        <AD_Ref_List type="table">
            <AD_Client_ID>0</AD_Client_ID>
            <AD_Org_ID>0</AD_Org_ID>
            <Name>Trial Balance between two dates</Name>
            <Description>Trial Balance from transactions between two dates</Description>
            <AD_Reference_ID reference="uuid" reference-key="AD_Reference">0b14e05d-d39e-4757-a410-154f73b261d1</AD_Reference_ID>
            <ValidFrom/>
            <ValidTo/>
            <Value>TRD</Value>
            <IsActive>Y</IsActive>
            <EntityType>AMERP</EntityType>
            <AD_Ref_List_UU>85b4e3fa-51c8-4385-b27d-a4d6e15c6816</AD_Ref_List_UU>
            <AD_Ref_List_Trl type="translation">
                <Description>Balance de Comprobación de las transacciones entre dos fechas contables</Description>
                <Name>Balance de Comprobación entre dos fechas</Name>
                <AD_Language>es_PY</AD_Language>
                <IsActive>Y</IsActive>
                <IsTranslated>N</IsTranslated>
            </AD_Ref_List_Trl>
            <AD_Ref_List_Trl type="translation">
                <Description>Balance de Comprobación de las transacciones entre dos fechas contables</Description>
                <Name>Balance de Comprobación entre dos fechas</Name>
                <AD_Language>es_CO</AD_Language>
                <IsActive>Y</IsActive>
                <IsTranslated>N</IsTranslated>
            </AD_Ref_List_Trl>
        </AD_Ref_List>
        <AD_Ref_List type="table">
            <AD_Client_ID>0</AD_Client_ID>
            <AD_Org_ID>0</AD_Org_ID>
            <Name>State Financial Balance</Name>
            <Description>Financial Balance for Real Accounts (Assets-Liabilities-Owner's Equity)</Description>
            <AD_Reference_ID reference="uuid" reference-key="AD_Reference">0b14e05d-d39e-4757-a410-154f73b261d1</AD_Reference_ID>
            <ValidFrom/>
            <ValidTo/>
            <Value>BAL</Value>
            <IsActive>Y</IsActive>
            <EntityType>AMERP</EntityType>
            <AD_Ref_List_UU>240bc0ee-997b-40ab-a62a-47d5af83453e</AD_Ref_List_UU>
            <AD_Ref_List_Trl type="translation">
                <Description>Balance de Situación Financiera de cuentas reales (Activos-Pasivos-Capital)</Description>
                <Name>Balance de Situación Financiera</Name>
                <AD_Language>es_PY</AD_Language>
                <IsActive>Y</IsActive>
                <IsTranslated>N</IsTranslated>
            </AD_Ref_List_Trl>
            <AD_Ref_List_Trl type="translation">
                <Description>Balance de Situación Financiera de cuentas reales (Activos-Pasivos-Capital)</Description>
                <Name>Balance de Situación Financiera</Name>
                <AD_Language>es_CO</AD_Language>
                <IsActive>Y</IsActive>
                <IsTranslated>N</IsTranslated>
            </AD_Ref_List_Trl>
        </AD_Ref_List>
        <AD_Ref_List type="table">
            <AD_Client_ID>0</AD_Client_ID>
            <AD_Org_ID>0</AD_Org_ID>
            <Name>State Financial Integral Results </Name>
            <Description>State Financial Integral Results for Nominal accounts (Revenues-Expenses-Memo)</Description>
            <AD_Reference_ID reference="uuid" reference-key="AD_Reference">0b14e05d-d39e-4757-a410-154f73b261d1</AD_Reference_ID>
            <ValidFrom/>
            <ValidTo/>
            <Value>GOP</Value>
            <IsActive>Y</IsActive>
            <EntityType>AMERP</EntityType>
            <AD_Ref_List_UU>41966a0c-dad1-456c-b1b7-b8eedf6bf906</AD_Ref_List_UU>
            <AD_Ref_List_Trl type="translation">
                <Description>Estado de Resultados Integrales para cuentas nominales (Ingresos-Egresos-Cuentas de Orden)</Description>
                <Name>Estado de Resultados Integrales</Name>
                <AD_Language>es_PY</AD_Language>
                <IsActive>Y</IsActive>
                <IsTranslated>Y</IsTranslated>
            </AD_Ref_List_Trl>
            <AD_Ref_List_Trl type="translation">
                <Description>Estado de Resultados Integrales para cuentas nominales (Ingresos-Egresos-Cuentas de Orden)</Description>
                <Name>Estado de Resultados Integrales</Name>
                <AD_Language>es_CO</AD_Language>
                <IsActive>Y</IsActive>
                <IsTranslated>N</IsTranslated>
            </AD_Ref_List_Trl>
        </AD_Ref_List>
        <AD_Ref_List type="table">
            <AD_Client_ID>0</AD_Client_ID>
            <AD_Org_ID>0</AD_Org_ID>
            <Name>Analitic Financial State </Name>
            <Description>Analitic Financial State for one accounting Period</Description>
            <AD_Reference_ID reference="uuid" reference-key="AD_Reference">0b14e05d-d39e-4757-a410-154f73b261d1</AD_Reference_ID>
            <ValidFrom/>
            <ValidTo/>
            <Value>ANB</Value>
            <IsActive>Y</IsActive>
            <EntityType>AMERP</EntityType>
            <AD_Ref_List_UU>c789725c-b772-4c66-8726-076b8f547c5c</AD_Ref_List_UU>
            <AD_Ref_List_Trl type="translation">
                <Description>Estados de Cuenta Analíticos de las transacciones de un período contable</Description>
                <Name>Estados de Cuenta Analíticos</Name>
                <AD_Language>es_PY</AD_Language>
                <IsActive>Y</IsActive>
                <IsTranslated>Y</IsTranslated>
            </AD_Ref_List_Trl>
            <AD_Ref_List_Trl type="translation">
                <Description>Estados de Cuenta Analíticos de las transacciones de un período contable</Description>
                <Name>Estados de Cuenta Analíticos</Name>
                <AD_Language>es_CO</AD_Language>
                <IsActive>Y</IsActive>
                <IsTranslated>N</IsTranslated>
            </AD_Ref_List_Trl>
        </AD_Ref_List>
        <AD_Ref_List type="table">
            <AD_Client_ID>0</AD_Client_ID>
            <AD_Org_ID>0</AD_Org_ID>
            <Name>Account Elements catalog</Name>
            <Description>Account Elements detailed list tree catalog</Description>
            <AD_Reference_ID reference="uuid" reference-key="AD_Reference">0b14e05d-d39e-4757-a410-154f73b261d1</AD_Reference_ID>
            <ValidFrom/>
            <ValidTo/>
            <Value>ACE</Value>
            <IsActive>Y</IsActive>
            <EntityType>AMERP</EntityType>
            <AD_Ref_List_UU>56782483-b4b8-41c7-86d8-a0c4296c8f88</AD_Ref_List_UU>
            <AD_Ref_List_Trl type="translation">
                <Description>Catálogo de cuentas detallado en estructura de arbol</Description>
                <Name>Catálogo de cuentas</Name>
                <AD_Language>es_CO</AD_Language>
                <IsActive>Y</IsActive>
                <IsTranslated>N</IsTranslated>
            </AD_Ref_List_Trl>
            <AD_Ref_List_Trl type="translation">
                <Description>Catálogo de cuentas detallado en estructura de arbol</Description>
                <Name>Catálogo de cuentas</Name>
                <AD_Language>es_PY</AD_Language>
                <IsActive>Y</IsActive>
                <IsTranslated>N</IsTranslated>
            </AD_Ref_List_Trl>
        </AD_Ref_List>
    </AD_Reference>
    <AD_Reference type="table">
        <AD_Client_ID>0</AD_Client_ID>
        <AD_Org_ID>0</AD_Org_ID>
        <Name>AccountTreeLevel</Name>
        <Description>Account Tree Level</Description>
        <Help/>
        <ValidationType>L</ValidationType>
        <IsActive>Y</IsActive>
        <VFormat/>
        <EntityType>AMERP</EntityType>
        <IsOrderByValue>N</IsOrderByValue>
        <AD_Reference_UU>e74cd45a-de37-448f-a42b-2737e0e04d50</AD_Reference_UU>
        <AD_Element_ID reference="id"/>
        <ShowInactive>N</ShowInactive>
        <AD_Reference_Trl type="translation">
            <Description>Account Tree Level</Description>
            <Help/>
            <Name>AccountTreeLevel</Name>
            <AD_Language>es_CO</AD_Language>
            <IsActive>Y</IsActive>
            <IsTranslated>N</IsTranslated>
        </AD_Reference_Trl>
        <AD_Reference_Trl type="translation">
            <Description>Account Tree Level</Description>
            <Help/>
            <Name>AccountTreeLevel</Name>
            <AD_Language>es_PY</AD_Language>
            <IsActive>Y</IsActive>
            <IsTranslated>Y</IsTranslated>
        </AD_Reference_Trl>
        <AD_Ref_List type="table">
            <AD_Client_ID>0</AD_Client_ID>
            <AD_Org_ID>0</AD_Org_ID>
            <Name>Level 0</Name>
            <Description>Level 0</Description>
            <AD_Reference_ID reference="uuid" reference-key="AD_Reference">e74cd45a-de37-448f-a42b-2737e0e04d50</AD_Reference_ID>
            <ValidFrom/>
            <ValidTo/>
            <Value>0</Value>
            <IsActive>Y</IsActive>
            <EntityType>AMERP</EntityType>
            <AD_Ref_List_UU>31603063-b21d-4f75-a5f1-56c0e33b1144</AD_Ref_List_UU>
            <AD_Ref_List_Trl type="translation">
                <Description>Nivel 0</Description>
                <Name>Nivel 0</Name>
                <AD_Language>es_PY</AD_Language>
                <IsActive>Y</IsActive>
                <IsTranslated>Y</IsTranslated>
            </AD_Ref_List_Trl>
            <AD_Ref_List_Trl type="translation">
                <Description>Nivel 0</Description>
                <Name>Nivel 0</Name>
                <AD_Language>es_CO</AD_Language>
                <IsActive>Y</IsActive>
                <IsTranslated>N</IsTranslated>
            </AD_Ref_List_Trl>
        </AD_Ref_List>
        <AD_Ref_List type="table">
            <AD_Client_ID>0</AD_Client_ID>
            <AD_Org_ID>0</AD_Org_ID>
            <Name>Level 1</Name>
            <Description>Level 1</Description>
            <AD_Reference_ID reference="uuid" reference-key="AD_Reference">e74cd45a-de37-448f-a42b-2737e0e04d50</AD_Reference_ID>
            <ValidFrom/>
            <ValidTo/>
            <Value>1</Value>
            <IsActive>Y</IsActive>
            <EntityType>AMERP</EntityType>
            <AD_Ref_List_UU>48502428-586c-489d-b050-d82be0324434</AD_Ref_List_UU>
            <AD_Ref_List_Trl type="translation">
                <Description>Nivel 1</Description>
                <Name>Nivel 1</Name>
                <AD_Language>es_PY</AD_Language>
                <IsActive>Y</IsActive>
                <IsTranslated>Y</IsTranslated>
            </AD_Ref_List_Trl>
            <AD_Ref_List_Trl type="translation">
                <Description>Nivel 1</Description>
                <Name>Nivel 1</Name>
                <AD_Language>es_CO</AD_Language>
                <IsActive>Y</IsActive>
                <IsTranslated>N</IsTranslated>
            </AD_Ref_List_Trl>
        </AD_Ref_List>
        <AD_Ref_List type="table">
            <AD_Client_ID>0</AD_Client_ID>
            <AD_Org_ID>0</AD_Org_ID>
            <Name>Level 2</Name>
            <Description>Level 2</Description>
            <AD_Reference_ID reference="uuid" reference-key="AD_Reference">e74cd45a-de37-448f-a42b-2737e0e04d50</AD_Reference_ID>
            <ValidFrom/>
            <ValidTo/>
            <Value>2</Value>
            <IsActive>Y</IsActive>
            <EntityType>AMERP</EntityType>
            <AD_Ref_List_UU>f39abcbe-bfff-4fd8-bb49-a015b8dc1ac4</AD_Ref_List_UU>
            <AD_Ref_List_Trl type="translation">
                <Description>Nivel 2</Description>
                <Name>Nivel 2</Name>
                <AD_Language>es_PY</AD_Language>
                <IsActive>Y</IsActive>
                <IsTranslated>Y</IsTranslated>
            </AD_Ref_List_Trl>
            <AD_Ref_List_Trl type="translation">
                <Description>Nivel 2</Description>
                <Name>Nivel 2</Name>
                <AD_Language>es_CO</AD_Language>
                <IsActive>Y</IsActive>
                <IsTranslated>N</IsTranslated>
            </AD_Ref_List_Trl>
        </AD_Ref_List>
        <AD_Ref_List type="table">
            <AD_Client_ID>0</AD_Client_ID>
            <AD_Org_ID>0</AD_Org_ID>
            <Name>Level 3</Name>
            <Description>Level 3</Description>
            <AD_Reference_ID reference="uuid" reference-key="AD_Reference">e74cd45a-de37-448f-a42b-2737e0e04d50</AD_Reference_ID>
            <ValidFrom/>
            <ValidTo/>
            <Value>3</Value>
            <IsActive>Y</IsActive>
            <EntityType>AMERP</EntityType>
            <AD_Ref_List_UU>dd0e2c4e-8de1-4c10-af29-96562a8c7fe3</AD_Ref_List_UU>
            <AD_Ref_List_Trl type="translation">
                <Description>Nivel 3</Description>
                <Name>Nivel 3</Name>
                <AD_Language>es_PY</AD_Language>
                <IsActive>Y</IsActive>
                <IsTranslated>Y</IsTranslated>
            </AD_Ref_List_Trl>
            <AD_Ref_List_Trl type="translation">
                <Description>Nivel 3</Description>
                <Name>Nivel 3</Name>
                <AD_Language>es_CO</AD_Language>
                <IsActive>Y</IsActive>
                <IsTranslated>N</IsTranslated>
            </AD_Ref_List_Trl>
        </AD_Ref_List>
        <AD_Ref_List type="table">
            <AD_Client_ID>0</AD_Client_ID>
            <AD_Org_ID>0</AD_Org_ID>
            <Name>Level 4</Name>
            <Description>Level 4</Description>
            <AD_Reference_ID reference="uuid" reference-key="AD_Reference">e74cd45a-de37-448f-a42b-2737e0e04d50</AD_Reference_ID>
            <ValidFrom/>
            <ValidTo/>
            <Value>4</Value>
            <IsActive>Y</IsActive>
            <EntityType>AMERP</EntityType>
            <AD_Ref_List_UU>ffc2f016-6434-44cf-9cd4-1b549450ff0e</AD_Ref_List_UU>
            <AD_Ref_List_Trl type="translation">
                <Description>Nivel 4</Description>
                <Name>Nivel 4</Name>
                <AD_Language>es_CO</AD_Language>
                <IsActive>Y</IsActive>
                <IsTranslated>N</IsTranslated>
            </AD_Ref_List_Trl>
            <AD_Ref_List_Trl type="translation">
                <Description>Nivel 4</Description>
                <Name>Nivel 4</Name>
                <AD_Language>es_PY</AD_Language>
                <IsActive>Y</IsActive>
                <IsTranslated>Y</IsTranslated>
            </AD_Ref_List_Trl>
        </AD_Ref_List>
        <AD_Ref_List type="table">
            <AD_Client_ID>0</AD_Client_ID>
            <AD_Org_ID>0</AD_Org_ID>
            <Name>Level 5</Name>
            <Description>Level 5</Description>
            <AD_Reference_ID reference="uuid" reference-key="AD_Reference">e74cd45a-de37-448f-a42b-2737e0e04d50</AD_Reference_ID>
            <ValidFrom/>
            <ValidTo/>
            <Value>5</Value>
            <IsActive>Y</IsActive>
            <EntityType>AMERP</EntityType>
            <AD_Ref_List_UU>76b34eb2-2b63-4357-bf61-198ee7c0863c</AD_Ref_List_UU>
            <AD_Ref_List_Trl type="translation">
                <Description>Nivel 5</Description>
                <Name>Nivel 5</Name>
                <AD_Language>es_PY</AD_Language>
                <IsActive>Y</IsActive>
                <IsTranslated>Y</IsTranslated>
            </AD_Ref_List_Trl>
            <AD_Ref_List_Trl type="translation">
                <Description>Nivel 5</Description>
                <Name>Nivel 5</Name>
                <AD_Language>es_CO</AD_Language>
                <IsActive>Y</IsActive>
                <IsTranslated>N</IsTranslated>
            </AD_Ref_List_Trl>
        </AD_Ref_List>
        <AD_Ref_List type="table">
            <AD_Client_ID>0</AD_Client_ID>
            <AD_Org_ID>0</AD_Org_ID>
            <Name>Level 6 +</Name>
            <Description>Level 6 or max level</Description>
            <AD_Reference_ID reference="uuid" reference-key="AD_Reference">e74cd45a-de37-448f-a42b-2737e0e04d50</AD_Reference_ID>
            <ValidFrom/>
            <ValidTo/>
            <Value>6</Value>
            <IsActive>Y</IsActive>
            <EntityType>AMERP</EntityType>
            <AD_Ref_List_UU>978f9634-8b17-4c89-81c2-a9b8d3fa5a78</AD_Ref_List_UU>
            <AD_Ref_List_Trl type="translation">
                <Description>Nivel 6 or max level</Description>
                <Name>Nivel 6 +</Name>
                <AD_Language>es_PY</AD_Language>
                <IsActive>Y</IsActive>
                <IsTranslated>Y</IsTranslated>
            </AD_Ref_List_Trl>
            <AD_Ref_List_Trl type="translation">
                <Description>Nivel 6 or max level</Description>
                <Name>Nivel 6 +</Name>
                <AD_Language>es_CO</AD_Language>
                <IsActive>Y</IsActive>
                <IsTranslated>N</IsTranslated>
            </AD_Ref_List_Trl>
        </AD_Ref_List>
    </AD_Reference>
    <AD_Process type="table">
        <AD_Client_ID>0</AD_Client_ID>
        <AD_Org_ID>0</AD_Org_ID>
        <IsActive>Y</IsActive>
        <Name>Amfin Dummy Jasper</Name>
        <Description>Amf Dummy Jasper</Description>
        <Help/>
        <ProcedureName/>
        <IsReport>N</IsReport>
        <Value>AmfinDummyJasper</Value>
        <IsDirectPrint>N</IsDirectPrint>
        <AD_ReportView_ID reference="id"/>
        <Classname>org.adempiere.report.jasper.ReportStarter</Classname>
        <AccessLevel>7</AccessLevel>
        <EntityType>AMERP</EntityType>
        <Statistic_Count>0</Statistic_Count>
        <Statistic_Seconds>0</Statistic_Seconds>
        <AD_PrintFormat_ID reference="id"/>
        <WorkflowValue/>
        <AD_Workflow_ID reference="id"/>
        <IsBetaFunctionality>N</IsBetaFunctionality>
        <ShowHelp>Y</ShowHelp>
        <JasperReport>resource:org.amerpsoft.com.idempiere.financial:org/amerp/reports/dummy_report.jrxml</JasperReport>
        <AD_Form_ID reference="id"/>
        <CopyFromProcess>N</CopyFromProcess>
        <AD_Process_UU>6f5af6fa-f7a2-4f7e-90e3-adeaf98e217c</AD_Process_UU>
        <AD_CtxHelp_ID reference="id"/>
        <ExecutionType/>
        <AllowMultipleExecution>P</AllowMultipleExecution>
        <FileNamePattern/>
        <AD_Process_Trl type="translation">
            <Description>Amf Dummy Jasper</Description>
            <Help/>
            <Name>Amfin Dummy Jasper</Name>
            <AD_Language>es_PY</AD_Language>
            <IsActive>Y</IsActive>
            <IsTranslated>Y</IsTranslated>
        </AD_Process_Trl>
        <AD_Process_Trl type="translation">
            <Description>Amf Dummy Jasper</Description>
            <Help/>
            <Name>Amfin Dummy Jasper</Name>
            <AD_Language>es_CO</AD_Language>
            <IsActive>Y</IsActive>
            <IsTranslated>N</IsTranslated>
        </AD_Process_Trl>
    </AD_Process>
    <AD_Process type="table">
        <AD_Client_ID>0</AD_Client_ID>
        <AD_Org_ID>0</AD_Org_ID>
        <IsActive>Y</IsActive>
        <Name>Amfin Account Elements Jasper Java Class Pojo</Name>
        <Description>Amfin Account Elements Jasper Java Class Pojo. Read data from Java Class.</Description>
        <Help>&lt;h2&gt;Parameters - Account Elements&lt;/h2&gt;
&lt;p&gt;This report displays the account elements configured for a specific client within the accounting schema.&lt;/p&gt;

&lt;ul&gt;
  &lt;li&gt;&lt;strong&gt;Client / Tenant (AD_Client_ID):&lt;/strong&gt; Refers to the company or group of companies that share the same accounting configuration.&lt;/li&gt;
  &lt;li&gt;&lt;strong&gt;Accounting Schema (C_AcctSchema_ID):&lt;/strong&gt; Defines the accounting structure, including chart of accounts, rules, currencies, and other financial settings.&lt;/li&gt;
&lt;/ul&gt;

&lt;p&gt;The report may include filters based on account levels, account types, or status (active/inactive), depending on the selected accounting schema.&lt;/p&gt;
</Help>
        <ProcedureName/>
        <IsReport>Y</IsReport>
        <Value>AmfinAccountElementsJasperJavaClassPo</Value>
        <IsDirectPrint>N</IsDirectPrint>
        <AD_ReportView_ID reference="id"/>
        <Classname>org.amerp.reports.jasper.AccountElements_Tree.AccountElements_Tree_Pojo</Classname>
        <AccessLevel>7</AccessLevel>
        <EntityType>AMERP</EntityType>
        <Statistic_Count>26</Statistic_Count>
        <Statistic_Seconds>251</Statistic_Seconds>
        <AD_PrintFormat_ID reference="id"/>
        <WorkflowValue/>
        <AD_Workflow_ID reference="id"/>
        <IsBetaFunctionality>N</IsBetaFunctionality>
        <ShowHelp>Y</ShowHelp>
        <JasperReport/>
        <AD_Form_ID reference="id"/>
        <CopyFromProcess>N</CopyFromProcess>
        <AD_Process_UU>d6d2e7e3-445b-4dba-a866-e47e939201fa</AD_Process_UU>
        <AD_CtxHelp_ID reference="id"/>
        <ExecutionType/>
        <AllowMultipleExecution>P</AllowMultipleExecution>
        <FileNamePattern/>
        <AD_Process_Trl type="translation">
            <Description>Amfin Account Elements Jasper Java Class Pojo. Read data from Java Class.</Description>
            <Help>&lt;h2&gt;Parameters - Account Elements&lt;/h2&gt;
&lt;p&gt;This report displays the account elements configured for a specific client within the accounting schema.&lt;/p&gt;

&lt;ul&gt;
  &lt;li&gt;&lt;strong&gt;Client / Tenant (AD_Client_ID):&lt;/strong&gt; Refers to the company or group of companies that share the same accounting configuration.&lt;/li&gt;
  &lt;li&gt;&lt;strong&gt;Accounting Schema (C_AcctSchema_ID):&lt;/strong&gt; Defines the accounting structure, including chart of accounts, rules, currencies, and other financial settings.&lt;/li&gt;
&lt;/ul&gt;

&lt;p&gt;The report may include filters based on account levels, account types, or status (active/inactive), depending on the selected accounting schema.&lt;/p&gt;
</Help>
            <Name>Amfin Account Elements Jasper Java Class Pojo</Name>
            <AD_Language>es_PY</AD_Language>
            <IsActive>Y</IsActive>
            <IsTranslated>N</IsTranslated>
        </AD_Process_Trl>
        <AD_Process_Trl type="translation">
            <Description>Amfin Account Elements Jasper Java Class Pojo. Read data from Java Class.</Description>
            <Help>&lt;h2&gt;Parameters - Account Elements&lt;/h2&gt;
&lt;p&gt;This report displays the account elements configured for a specific client within the accounting schema.&lt;/p&gt;

&lt;ul&gt;
  &lt;li&gt;&lt;strong&gt;Client / Tenant (AD_Client_ID):&lt;/strong&gt; Refers to the company or group of companies that share the same accounting configuration.&lt;/li&gt;
  &lt;li&gt;&lt;strong&gt;Accounting Schema (C_AcctSchema_ID):&lt;/strong&gt; Defines the accounting structure, including chart of accounts, rules, currencies, and other financial settings.&lt;/li&gt;
&lt;/ul&gt;

&lt;p&gt;The report may include filters based on account levels, account types, or status (active/inactive), depending on the selected accounting schema.&lt;/p&gt;
</Help>
            <Name>Amfin Account Elements Jasper Java Class Pojo</Name>
            <AD_Language>es_CO</AD_Language>
            <IsActive>Y</IsActive>
            <IsTranslated>N</IsTranslated>
        </AD_Process_Trl>
        <AD_Process_Para type="table">
            <AD_Client_ID>0</AD_Client_ID>
            <AD_Org_ID>0</AD_Org_ID>
            <IsActive>Y</IsActive>
            <Name>Tenant</Name>
            <Description>Tenant for this installation.</Description>
            <Help>A Tenant is a company or a legal entity. You cannot share data between Tenants.</Help>
            <AD_Process_ID reference="uuid" reference-key="AD_Process">d6d2e7e3-445b-4dba-a866-e47e939201fa</AD_Process_ID>
            <SeqNo>10</SeqNo>
            <AD_Reference_ID reference="id">18</AD_Reference_ID>
            <AD_Reference_Value_ID reference="id">129</AD_Reference_Value_ID>
            <IsRange>N</IsRange>
            <AD_Val_Rule_ID reference="id"/>
            <FieldLength>0</FieldLength>
            <IsMandatory>N</IsMandatory>
            <DefaultValue>@AD_Client_ID@</DefaultValue>
            <VFormat/>
            <ValueMin/>
            <ValueMax/>
            <ColumnName>AD_Client_ID</ColumnName>
            <DefaultValue2/>
            <IsCentrallyMaintained>Y</IsCentrallyMaintained>
            <EntityType>AMERP</EntityType>
            <AD_Element_ID reference="id">102</AD_Element_ID>
            <ReadOnlyLogic/>
            <DisplayLogic/>
            <AD_Process_Para_UU>3215a160-0e4c-4959-98a0-60e10402a111</AD_Process_Para_UU>
            <IsEncrypted>N</IsEncrypted>
            <MandatoryLogic/>
            <Query/>
            <AD_FieldGroup_ID reference="id"/>
            <Placeholder/>
            <Placeholder2/>
            <IsAutocomplete>N</IsAutocomplete>
            <DateRangeOption>D</DateRangeOption>
            <IsShowNegateButton>N</IsShowNegateButton>
            <AD_Process_Para_Trl type="translation">
                <Description>Grupo Empresarial para esta instalación</Description>
                <Help>Grupo Empresarial. No se pueden compartir datos entre diferentes grupos empresariales.</Help>
                <Name>Grupo Empresarial</Name>
                <Placeholder/>
                <Placeholder2/>
                <AD_Language>es_PY</AD_Language>
                <IsActive>Y</IsActive>
                <IsTranslated>N</IsTranslated>
            </AD_Process_Para_Trl>
            <AD_Process_Para_Trl type="translation">
                <Description>Grupo Empresarial para esta instalación</Description>
                <Help>Grupo Empresarial. No se pueden compartir datos entre diferentes grupos empresariales.</Help>
                <Name>Grupo Empresarial</Name>
                <Placeholder/>
                <Placeholder2/>
                <AD_Language>es_CO</AD_Language>
                <IsActive>Y</IsActive>
                <IsTranslated>Y</IsTranslated>
            </AD_Process_Para_Trl>
        </AD_Process_Para>
        <AD_Process_Para type="table">
            <AD_Client_ID>0</AD_Client_ID>
            <AD_Org_ID>0</AD_Org_ID>
            <IsActive>Y</IsActive>
            <Name>Accounting Schema</Name>
            <Description>Rules for accounting</Description>
            <Help>An Accounting Schema defines the rules used in accounting such as costing method, currency and calendar</Help>
            <AD_Process_ID reference="uuid" reference-key="AD_Process">d6d2e7e3-445b-4dba-a866-e47e939201fa</AD_Process_ID>
            <SeqNo>20</SeqNo>
            <AD_Reference_ID reference="id">18</AD_Reference_ID>
            <AD_Reference_Value_ID reference="id">136</AD_Reference_Value_ID>
            <IsRange>N</IsRange>
            <AD_Val_Rule_ID reference="id"/>
            <FieldLength>0</FieldLength>
            <IsMandatory>N</IsMandatory>
            <DefaultValue>@SQL=SELECT C_AcctSchema1_ID FROM  AD_ClientInfo WHERE AD_Client_ID=@AD_Client_ID@</DefaultValue>
            <VFormat/>
            <ValueMin/>
            <ValueMax/>
            <ColumnName>C_AcctSchema_ID</ColumnName>
            <DefaultValue2/>
            <IsCentrallyMaintained>Y</IsCentrallyMaintained>
            <EntityType>AMERP</EntityType>
            <AD_Element_ID reference="id">181</AD_Element_ID>
            <ReadOnlyLogic/>
            <DisplayLogic/>
            <AD_Process_Para_UU>61dc6452-85ff-4361-9076-00ab1654103d</AD_Process_Para_UU>
            <IsEncrypted>N</IsEncrypted>
            <MandatoryLogic/>
            <Query/>
            <AD_FieldGroup_ID reference="id"/>
            <Placeholder/>
            <Placeholder2/>
            <IsAutocomplete>N</IsAutocomplete>
            <DateRangeOption>D</DateRangeOption>
            <IsShowNegateButton>N</IsShowNegateButton>
            <AD_Process_Para_Trl type="translation">
                <Description>Reglas para contabilizar</Description>
                <Help>Un esquema contable define las reglas contables usadas tales como método de costeo; moneda y calendario</Help>
                <Name>Esquema Contable</Name>
                <Placeholder/>
                <Placeholder2/>
                <AD_Language>es_PY</AD_Language>
                <IsActive>Y</IsActive>
                <IsTranslated>Y</IsTranslated>
            </AD_Process_Para_Trl>
            <AD_Process_Para_Trl type="translation">
                <Description>Reglas para contabilizar</Description>
                <Help>Un esquema contable define las reglas contables usadas tales como método de costeo; moneda y calendario</Help>
                <Name>Esquema Contable</Name>
                <Placeholder/>
                <Placeholder2/>
                <AD_Language>es_CO</AD_Language>
                <IsActive>Y</IsActive>
                <IsTranslated>Y</IsTranslated>
            </AD_Process_Para_Trl>
        </AD_Process_Para>
    </AD_Process>
    <AD_Process type="table">
        <AD_Client_ID>0</AD_Client_ID>
        <AD_Org_ID>0</AD_Org_ID>
        <IsActive>Y</IsActive>
        <Name>Amfin Account Elements Jasper Java Class Standard</Name>
        <Description>Amfin Account Elements Jasper Java Class Standard. Read data from Query in jrxml.</Description>
        <Help>&lt;h2&gt;Parameters - Account Elements&lt;/h2&gt;
&lt;p&gt;This report displays the account elements configured for a specific client within the accounting schema.&lt;/p&gt;

&lt;ul&gt;
  &lt;li&gt;&lt;strong&gt;Client / Tenant (AD_Client_ID):&lt;/strong&gt; Refers to the company or group of companies that share the same accounting configuration.&lt;/li&gt;
  &lt;li&gt;&lt;strong&gt;Accounting Schema (C_AcctSchema_ID):&lt;/strong&gt; Defines the accounting structure, including chart of accounts, rules, currencies, and other financial settings.&lt;/li&gt;
&lt;/ul&gt;

&lt;p&gt;The report may include filters based on account levels, account types, or status (active/inactive), depending on the selected accounting schema.&lt;/p&gt;
</Help>
        <ProcedureName/>
        <IsReport>Y</IsReport>
        <Value>AmfinAccountElementsJasperJavaClassStd</Value>
        <IsDirectPrint>N</IsDirectPrint>
        <AD_ReportView_ID reference="id"/>
        <Classname>org.amerp.reports.jasper.AccountElements_Tree.AccountElements_Tree_Std</Classname>
        <AccessLevel>7</AccessLevel>
        <EntityType>AMERP</EntityType>
        <Statistic_Count>11</Statistic_Count>
        <Statistic_Seconds>58</Statistic_Seconds>
        <AD_PrintFormat_ID reference="id"/>
        <WorkflowValue/>
        <AD_Workflow_ID reference="id"/>
        <IsBetaFunctionality>N</IsBetaFunctionality>
        <ShowHelp>Y</ShowHelp>
        <JasperReport/>
        <AD_Form_ID reference="id"/>
        <CopyFromProcess>N</CopyFromProcess>
        <AD_Process_UU>3416d923-78e2-4c4a-80e3-132e23a0464a</AD_Process_UU>
        <AD_CtxHelp_ID reference="id"/>
        <ExecutionType/>
        <AllowMultipleExecution>P</AllowMultipleExecution>
        <FileNamePattern/>
        <AD_Process_Trl type="translation">
            <Description>Amfin Account Elements Jasper Java Class Standard. Read data from Query</Description>
            <Help>&lt;h2&gt;Parameters - Account Elements&lt;/h2&gt;
&lt;p&gt;This report displays the account elements configured for a specific client within the accounting schema.&lt;/p&gt;

&lt;ul&gt;
  &lt;li&gt;&lt;strong&gt;Client / Tenant (AD_Client_ID):&lt;/strong&gt; Refers to the company or group of companies that share the same accounting configuration.&lt;/li&gt;
  &lt;li&gt;&lt;strong&gt;Accounting Schema (C_AcctSchema_ID):&lt;/strong&gt; Defines the accounting structure, including chart of accounts, rules, currencies, and other financial settings.&lt;/li&gt;
&lt;/ul&gt;

&lt;p&gt;The report may include filters based on account levels, account types, or status (active/inactive), depending on the selected accounting schema.&lt;/p&gt;
</Help>
            <Name>Amfin Account Elements Jasper Java Class Standard</Name>
            <AD_Language>es_PY</AD_Language>
            <IsActive>Y</IsActive>
            <IsTranslated>N</IsTranslated>
        </AD_Process_Trl>
        <AD_Process_Trl type="translation">
            <Description>Amfin Account Elements Jasper Java Class Standard. Read data from Query</Description>
            <Help>&lt;h2&gt;Parameters - Account Elements&lt;/h2&gt;
&lt;p&gt;This report displays the account elements configured for a specific client within the accounting schema.&lt;/p&gt;

&lt;ul&gt;
  &lt;li&gt;&lt;strong&gt;Client / Tenant (AD_Client_ID):&lt;/strong&gt; Refers to the company or group of companies that share the same accounting configuration.&lt;/li&gt;
  &lt;li&gt;&lt;strong&gt;Accounting Schema (C_AcctSchema_ID):&lt;/strong&gt; Defines the accounting structure, including chart of accounts, rules, currencies, and other financial settings.&lt;/li&gt;
&lt;/ul&gt;

&lt;p&gt;The report may include filters based on account levels, account types, or status (active/inactive), depending on the selected accounting schema.&lt;/p&gt;
</Help>
            <Name>Amfin Account Elements Jasper Java Class Standard</Name>
            <AD_Language>es_CO</AD_Language>
            <IsActive>Y</IsActive>
            <IsTranslated>N</IsTranslated>
        </AD_Process_Trl>
        <AD_Process_Para type="table">
            <AD_Client_ID>0</AD_Client_ID>
            <AD_Org_ID>0</AD_Org_ID>
            <IsActive>Y</IsActive>
            <Name>Tenant</Name>
            <Description>Tenant for this installation.</Description>
            <Help>A Tenant is a company or a legal entity. You cannot share data between Tenants.</Help>
            <AD_Process_ID reference="uuid" reference-key="AD_Process">3416d923-78e2-4c4a-80e3-132e23a0464a</AD_Process_ID>
            <SeqNo>10</SeqNo>
            <AD_Reference_ID reference="id">18</AD_Reference_ID>
            <AD_Reference_Value_ID reference="id">129</AD_Reference_Value_ID>
            <IsRange>N</IsRange>
            <AD_Val_Rule_ID reference="id"/>
            <FieldLength>0</FieldLength>
            <IsMandatory>N</IsMandatory>
            <DefaultValue>@AD_Client_ID@</DefaultValue>
            <VFormat/>
            <ValueMin/>
            <ValueMax/>
            <ColumnName>AD_Client_ID</ColumnName>
            <DefaultValue2/>
            <IsCentrallyMaintained>Y</IsCentrallyMaintained>
            <EntityType>U</EntityType>
            <AD_Element_ID reference="id">102</AD_Element_ID>
            <ReadOnlyLogic/>
            <DisplayLogic/>
            <AD_Process_Para_UU>04ba0192-aca6-42e1-a6e1-29e49c9ea216</AD_Process_Para_UU>
            <IsEncrypted>N</IsEncrypted>
            <MandatoryLogic/>
            <Query/>
            <AD_FieldGroup_ID reference="id"/>
            <Placeholder/>
            <Placeholder2/>
            <IsAutocomplete>N</IsAutocomplete>
            <DateRangeOption>D</DateRangeOption>
            <IsShowNegateButton>N</IsShowNegateButton>
            <AD_Process_Para_Trl type="translation">
                <Description>Grupo Empresarial para esta instalación</Description>
                <Help>Grupo Empresarial. No se pueden compartir datos entre diferentes grupos empresariales.</Help>
                <Name>Grupo Empresarial</Name>
                <Placeholder/>
                <Placeholder2/>
                <AD_Language>es_PY</AD_Language>
                <IsActive>Y</IsActive>
                <IsTranslated>N</IsTranslated>
            </AD_Process_Para_Trl>
            <AD_Process_Para_Trl type="translation">
                <Description>Grupo Empresarial para esta instalación</Description>
                <Help>Grupo Empresarial. No se pueden compartir datos entre diferentes grupos empresariales.</Help>
                <Name>Grupo Empresarial</Name>
                <Placeholder/>
                <Placeholder2/>
                <AD_Language>es_CO</AD_Language>
                <IsActive>Y</IsActive>
                <IsTranslated>Y</IsTranslated>
            </AD_Process_Para_Trl>
        </AD_Process_Para>
        <AD_Process_Para type="table">
            <AD_Client_ID>0</AD_Client_ID>
            <AD_Org_ID>0</AD_Org_ID>
            <IsActive>Y</IsActive>
            <Name>Accounting Schema</Name>
            <Description>Rules for accounting</Description>
            <Help>An Accounting Schema defines the rules used in accounting such as costing method, currency and calendar</Help>
            <AD_Process_ID reference="uuid" reference-key="AD_Process">3416d923-78e2-4c4a-80e3-132e23a0464a</AD_Process_ID>
            <SeqNo>20</SeqNo>
            <AD_Reference_ID reference="id">18</AD_Reference_ID>
            <AD_Reference_Value_ID reference="id">136</AD_Reference_Value_ID>
            <IsRange>N</IsRange>
            <AD_Val_Rule_ID reference="id"/>
            <FieldLength>0</FieldLength>
            <IsMandatory>N</IsMandatory>
            <DefaultValue>@SQL=SELECT C_AcctSchema1_ID FROM  AD_ClientInfo WHERE AD_Client_ID=@AD_Client_ID@</DefaultValue>
            <VFormat/>
            <ValueMin/>
            <ValueMax/>
            <ColumnName>C_AcctSchema_ID</ColumnName>
            <DefaultValue2/>
            <IsCentrallyMaintained>Y</IsCentrallyMaintained>
            <EntityType>U</EntityType>
            <AD_Element_ID reference="id">181</AD_Element_ID>
            <ReadOnlyLogic/>
            <DisplayLogic/>
            <AD_Process_Para_UU>478c0236-a15e-4c4e-8e47-359fdfdac126</AD_Process_Para_UU>
            <IsEncrypted>N</IsEncrypted>
            <MandatoryLogic/>
            <Query/>
            <AD_FieldGroup_ID reference="id"/>
            <Placeholder/>
            <Placeholder2/>
            <IsAutocomplete>N</IsAutocomplete>
            <DateRangeOption>D</DateRangeOption>
            <IsShowNegateButton>N</IsShowNegateButton>
            <AD_Process_Para_Trl type="translation">
                <Description>Reglas para contabilizar</Description>
                <Help>Un esquema contable define las reglas contables usadas tales como método de costeo; moneda y calendario</Help>
                <Name>Esquema Contable</Name>
                <Placeholder/>
                <Placeholder2/>
                <AD_Language>es_PY</AD_Language>
                <IsActive>Y</IsActive>
                <IsTranslated>Y</IsTranslated>
            </AD_Process_Para_Trl>
            <AD_Process_Para_Trl type="translation">
                <Description>Reglas para contabilizar</Description>
                <Help>Un esquema contable define las reglas contables usadas tales como método de costeo; moneda y calendario</Help>
                <Name>Esquema Contable</Name>
                <Placeholder/>
                <Placeholder2/>
                <AD_Language>es_CO</AD_Language>
                <IsActive>Y</IsActive>
                <IsTranslated>Y</IsTranslated>
            </AD_Process_Para_Trl>
        </AD_Process_Para>
    </AD_Process>
    <AD_Form type="table">
        <AD_Client_ID>0</AD_Client_ID>
        <AD_Org_ID>0</AD_Org_ID>
        <IsActive>Y</IsActive>
        <Name>Amfin Form Account Elements for Xlsx</Name>
        <Description>Amfin Account Elements Form for Xlsx. Create Spread sheet report.</Description>
        <Help/>
        <Classname>org.amerp.reports.xlsx.AccountElements_Tree_Form</Classname>
        <AccessLevel>1</AccessLevel>
        <EntityType>AMERP</EntityType>
        <IsBetaFunctionality>N</IsBetaFunctionality>
        <JSPURL/>
        <AD_Form_UU>00db0cf6-7207-4023-8e0b-38f04e4d5775</AD_Form_UU>
        <AD_CtxHelp_ID reference="id"/>
        <ImageURL/>
        <AD_Form_Trl type="translation">
            <Description>Catalogo de cuentas contables - Generar reporte Xlsx</Description>
            <Help/>
            <Name>Catalogo de cuentas - Formulario reporte Xlsx</Name>
            <AD_Language>es_PY</AD_Language>
            <IsActive>Y</IsActive>
            <IsTranslated>N</IsTranslated>
        </AD_Form_Trl>
        <AD_Form_Trl type="translation">
            <Description>Catalogo de cuentas contables - Generar reporte Xlsx</Description>
            <Help/>
            <Name>Catalogo de cuentas - Formulario reporte Xlsx</Name>
            <AD_Language>es_CO</AD_Language>
            <IsActive>Y</IsActive>
            <IsTranslated>N</IsTranslated>
        </AD_Form_Trl>
    </AD_Form>
    <AD_Form type="table">
        <AD_Client_ID>0</AD_Client_ID>
        <AD_Org_ID>0</AD_Org_ID>
        <IsActive>Y</IsActive>
        <Name>Amfin Form Financial Reports for Xlsx</Name>
        <Description>Amfin Financial Reports for Xlsx. Create Spread sheet report.</Description>
        <Help/>
        <Classname>org.amerp.reports.xlsx.FinancialReports_TreeOrg_Form</Classname>
        <AccessLevel>1</AccessLevel>
        <EntityType>AMERP</EntityType>
        <IsBetaFunctionality>N</IsBetaFunctionality>
        <JSPURL/>
        <AD_Form_UU>cc6448e7-ef0b-4c1c-a645-3c172f926bce</AD_Form_UU>
        <AD_CtxHelp_ID reference="id"/>
        <ImageURL/>
        <AD_Form_Trl type="translation">
            <Description>Reportes Financieros - Generar reporte Xlsx</Description>
            <Help/>
            <Name>Reportes Financieros - Xlsx </Name>
            <AD_Language>es_PY</AD_Language>
            <IsActive>Y</IsActive>
            <IsTranslated>N</IsTranslated>
        </AD_Form_Trl>
        <AD_Form_Trl type="translation">
            <Description>Reportes Financieros - Generar reporte Xlsx</Description>
            <Help/>
            <Name>Reportes Financieros - Xlsx </Name>
            <AD_Language>es_CO</AD_Language>
            <IsActive>Y</IsActive>
            <IsTranslated>N</IsTranslated>
        </AD_Form_Trl>
    </AD_Form>
    <AD_Menu type="table">
        <Parent_ID reference="id">278</Parent_ID>
        <SeqNo>11</SeqNo>
        <AD_Client_ID>0</AD_Client_ID>
        <AD_Org_ID>0</AD_Org_ID>
        <Name>AMERPSOFT Finantial Reports Reports Xlsx</Name>
        <Description>AMERP Finantial Reports Test Reports</Description>
        <Action/>
        <AD_Window_ID reference="id"/>
        <AD_Workflow_ID reference="id"/>
        <AD_Task_ID reference="id"/>
        <IsActive>Y</IsActive>
        <IsSummary>Y</IsSummary>
        <AD_Process_ID reference="id"/>
        <IsSOTrx>Y</IsSOTrx>
        <AD_Form_ID reference="id"/>
        <IsReadOnly>N</IsReadOnly>
        <EntityType>AMERP</EntityType>
        <IsCentrallyMaintained>N</IsCentrallyMaintained>
        <AD_Menu_UU>42b07930-daa9-4a8c-8c98-d85428de8741</AD_Menu_UU>
        <AD_InfoWindow_ID reference="id"/>
        <PredefinedContextVariables/>
        <AD_Menu_Trl type="translation">
            <Description>AMERP Finantial Reports Test Reports</Description>
            <Name>AMERPSOFT Finantial Reports Test Reports</Name>
            <AD_Language>es_PY</AD_Language>
            <IsActive>Y</IsActive>
            <IsTranslated>N</IsTranslated>
        </AD_Menu_Trl>
        <AD_Menu_Trl type="translation">
            <Description>AMERP Finantial Reports Test Reports</Description>
            <Name>AMERPSOFT Finantial Reports Test Reports</Name>
            <AD_Language>es_CO</AD_Language>
            <IsActive>Y</IsActive>
            <IsTranslated>N</IsTranslated>
        </AD_Menu_Trl>
        <AD_Menu type="table">
            <Parent_ID reference="uuid" reference-key="AD_Menu">42b07930-daa9-4a8c-8c98-d85428de8741</Parent_ID>
            <SeqNo>4</SeqNo>
            <AD_Client_ID>0</AD_Client_ID>
            <AD_Org_ID>0</AD_Org_ID>
            <Name>Amfin Form Account Elements for Xlsx</Name>
            <Description>Amfin Account Elements Form for Xlsx. Create Spread sheet report.</Description>
            <Action>X</Action>
            <AD_Window_ID reference="id"/>
            <AD_Workflow_ID reference="id"/>
            <AD_Task_ID reference="id"/>
            <IsActive>Y</IsActive>
            <IsSummary>N</IsSummary>
            <AD_Process_ID reference="id"/>
            <IsSOTrx>Y</IsSOTrx>
            <AD_Form_ID reference="uuid" reference-key="AD_Form">00db0cf6-7207-4023-8e0b-38f04e4d5775</AD_Form_ID>
            <IsReadOnly>N</IsReadOnly>
            <EntityType>A</EntityType>
            <IsCentrallyMaintained>Y</IsCentrallyMaintained>
            <AD_Menu_UU>2a04c73f-14a4-4a4a-9293-109a4ab45f84</AD_Menu_UU>
            <AD_InfoWindow_ID reference="id"/>
            <PredefinedContextVariables/>
            <AD_Menu_Trl type="translation">
                <Description>Catalogo de cuentas contables - Generar reporte Xlsx</Description>
                <Name>Catalogo de cuentas - Formulario reporte Xlsx</Name>
                <AD_Language>es_PY</AD_Language>
                <IsActive>Y</IsActive>
                <IsTranslated>N</IsTranslated>
            </AD_Menu_Trl>
            <AD_Menu_Trl type="translation">
                <Description>Catalogo de cuentas contables - Generar reporte Xlsx</Description>
                <Name>Catalogo de cuentas - Formulario reporte Xlsx</Name>
                <AD_Language>es_CO</AD_Language>
                <IsActive>Y</IsActive>
                <IsTranslated>N</IsTranslated>
            </AD_Menu_Trl>
        </AD_Menu>
        <AD_Menu type="table">
            <Parent_ID reference="uuid" reference-key="AD_Menu">42b07930-daa9-4a8c-8c98-d85428de8741</Parent_ID>
            <SeqNo>1</SeqNo>
            <AD_Client_ID>0</AD_Client_ID>
            <AD_Org_ID>0</AD_Org_ID>
            <Name>Amfin Account Elements Jasper Java Class Pojo</Name>
            <Description>Amfin Account Elements Jasper Java Class Pojo. Read data from Java Class.</Description>
            <Action>R</Action>
            <AD_Window_ID reference="id"/>
            <AD_Workflow_ID reference="id"/>
            <AD_Task_ID reference="id"/>
            <IsActive>Y</IsActive>
            <IsSummary>N</IsSummary>
            <AD_Process_ID reference="uuid" reference-key="AD_Process">d6d2e7e3-445b-4dba-a866-e47e939201fa</AD_Process_ID>
            <IsSOTrx>N</IsSOTrx>
            <AD_Form_ID reference="id"/>
            <IsReadOnly>N</IsReadOnly>
            <EntityType>AMERP</EntityType>
            <IsCentrallyMaintained>Y</IsCentrallyMaintained>
            <AD_Menu_UU>74415570-e220-48f8-9c32-9a66fc9c30fa</AD_Menu_UU>
            <AD_InfoWindow_ID reference="id"/>
            <PredefinedContextVariables/>
            <AD_Menu_Trl type="translation">
                <Description>Amfin Account Elements Jasper Java Class Pojo. Read data from Java Class.</Description>
                <Name>Amfin Account Elements Jasper Java Class Pojo</Name>
                <AD_Language>es_PY</AD_Language>
                <IsActive>Y</IsActive>
                <IsTranslated>N</IsTranslated>
            </AD_Menu_Trl>
            <AD_Menu_Trl type="translation">
                <Description>Amfin Account Elements Jasper Java Class Pojo. Read data from Java Class.</Description>
                <Name>Amfin Account Elements Jasper Java Class Pojo</Name>
                <AD_Language>es_CO</AD_Language>
                <IsActive>Y</IsActive>
                <IsTranslated>N</IsTranslated>
            </AD_Menu_Trl>
        </AD_Menu>
        <AD_Menu type="table">
            <Parent_ID reference="uuid" reference-key="AD_Menu">42b07930-daa9-4a8c-8c98-d85428de8741</Parent_ID>
            <SeqNo>3</SeqNo>
            <AD_Client_ID>0</AD_Client_ID>
            <AD_Org_ID>0</AD_Org_ID>
            <Name>Amfin Account Elements Java Class Xlsx</Name>
            <Description>Amfin Account Elements Java Class Xlsx. Create Spread sheet report.</Description>
            <Action>R</Action>
            <AD_Window_ID reference="id"/>
            <AD_Workflow_ID reference="id"/>
            <AD_Task_ID reference="id"/>
            <IsActive>N</IsActive>
            <IsSummary>N</IsSummary>
            <AD_Process_ID reference="uuid" reference-key="AD_Process">785b18a0-3a15-44ef-b84c-fa62035ef540</AD_Process_ID>
            <IsSOTrx>N</IsSOTrx>
            <AD_Form_ID reference="id"/>
            <IsReadOnly>N</IsReadOnly>
            <EntityType>AMERP</EntityType>
            <IsCentrallyMaintained>Y</IsCentrallyMaintained>
            <AD_Menu_UU>95244b0e-eb17-466e-b518-69daec60b5c7</AD_Menu_UU>
            <AD_InfoWindow_ID reference="id"/>
            <PredefinedContextVariables/>
            <AD_Menu_Trl type="translation">
                <Description>Amfin Account Elements Jasper Java Class Xlsx. Create Spread sheet report.</Description>
                <Name>Amfin Account Elements Jasper Java Class Xlsx</Name>
                <AD_Language>es_PY</AD_Language>
                <IsActive>Y</IsActive>
                <IsTranslated>N</IsTranslated>
            </AD_Menu_Trl>
            <AD_Menu_Trl type="translation">
                <Description>Amfin Account Elements Jasper Java Class Xlsx. Create Spread sheet report.</Description>
                <Name>Amfin Account Elements Jasper Java Class Xlsx</Name>
                <AD_Language>es_CO</AD_Language>
                <IsActive>Y</IsActive>
                <IsTranslated>N</IsTranslated>
            </AD_Menu_Trl>
            <AD_Process type="table">
                <AD_Client_ID>0</AD_Client_ID>
                <AD_Org_ID>0</AD_Org_ID>
                <IsActive>Y</IsActive>
                <Name>Amfin Account Elements Java Class Xlsx</Name>
                <Description>Amfin Account Elements Java Class Xlsx. Create Spread sheet report.</Description>
                <Help>&lt;h2&gt;Parameters - Account Elements&lt;/h2&gt;
&lt;p&gt;This report displays the account elements configured for a specific client within the accounting schema.&lt;/p&gt;

&lt;ul&gt;
  &lt;li&gt;&lt;strong&gt;Client / Tenant (AD_Client_ID):&lt;/strong&gt; Refers to the company or group of companies that share the same accounting configuration.&lt;/li&gt;
  &lt;li&gt;&lt;strong&gt;Accounting Schema (C_AcctSchema_ID):&lt;/strong&gt; Defines the accounting structure, including chart of accounts, rules, currencies, and other financial settings.&lt;/li&gt;
&lt;/ul&gt;

&lt;p&gt;The report may include filters based on account levels, account types, or status (active/inactive), depending on the selected accounting schema.&lt;/p&gt;
</Help>
                <ProcedureName/>
                <IsReport>Y</IsReport>
                <Value>AmfinAccountElementsJavaXlsx</Value>
                <IsDirectPrint>N</IsDirectPrint>
                <AD_ReportView_ID reference="id"/>
                <Classname>org.amerp.reports.xlsx.AccountElements_Tree_xlsx</Classname>
                <AccessLevel>7</AccessLevel>
                <EntityType>AMERP</EntityType>
                <Statistic_Count>178</Statistic_Count>
                <Statistic_Seconds>3751</Statistic_Seconds>
                <AD_PrintFormat_ID reference="id"/>
                <WorkflowValue/>
                <AD_Workflow_ID reference="id"/>
                <IsBetaFunctionality>N</IsBetaFunctionality>
                <ShowHelp>Y</ShowHelp>
                <JasperReport/>
                <AD_Form_ID reference="id"/>
                <CopyFromProcess>N</CopyFromProcess>
                <AD_Process_UU>785b18a0-3a15-44ef-b84c-fa62035ef540</AD_Process_UU>
                <AD_CtxHelp_ID reference="id"/>
                <ExecutionType/>
                <AllowMultipleExecution>P</AllowMultipleExecution>
                <FileNamePattern/>
                <AD_Process_Trl type="translation">
                    <Description>Amfin Account Elements Jasper Java Class Xlsx. Create Spread sheet report.</Description>
                    <Help>&lt;h2&gt;Parameters - Account Elements&lt;/h2&gt;
&lt;p&gt;This report displays the account elements configured for a specific client within the accounting schema.&lt;/p&gt;

&lt;ul&gt;
  &lt;li&gt;&lt;strong&gt;Client / Tenant (AD_Client_ID):&lt;/strong&gt; Refers to the company or group of companies that share the same accounting configuration.&lt;/li&gt;
  &lt;li&gt;&lt;strong&gt;Accounting Schema (C_AcctSchema_ID):&lt;/strong&gt; Defines the accounting structure, including chart of accounts, rules, currencies, and other financial settings.&lt;/li&gt;
&lt;/ul&gt;

&lt;p&gt;The report may include filters based on account levels, account types, or status (active/inactive), depending on the selected accounting schema.&lt;/p&gt;
</Help>
                    <Name>Amfin Account Elements Jasper Java Class Xlsx</Name>
                    <AD_Language>es_PY</AD_Language>
                    <IsActive>Y</IsActive>
                    <IsTranslated>N</IsTranslated>
                </AD_Process_Trl>
                <AD_Process_Trl type="translation">
                    <Description>Amfin Account Elements Jasper Java Class Xlsx. Create Spread sheet report.</Description>
                    <Help>&lt;h2&gt;Parameters - Account Elements&lt;/h2&gt;
&lt;p&gt;This report displays the account elements configured for a specific client within the accounting schema.&lt;/p&gt;

&lt;ul&gt;
  &lt;li&gt;&lt;strong&gt;Client / Tenant (AD_Client_ID):&lt;/strong&gt; Refers to the company or group of companies that share the same accounting configuration.&lt;/li&gt;
  &lt;li&gt;&lt;strong&gt;Accounting Schema (C_AcctSchema_ID):&lt;/strong&gt; Defines the accounting structure, including chart of accounts, rules, currencies, and other financial settings.&lt;/li&gt;
&lt;/ul&gt;

&lt;p&gt;The report may include filters based on account levels, account types, or status (active/inactive), depending on the selected accounting schema.&lt;/p&gt;
</Help>
                    <Name>Amfin Account Elements Jasper Java Class Xlsx</Name>
                    <AD_Language>es_CO</AD_Language>
                    <IsActive>Y</IsActive>
                    <IsTranslated>N</IsTranslated>
                </AD_Process_Trl>
                <AD_Process_Para type="table">
                    <AD_Client_ID>0</AD_Client_ID>
                    <AD_Org_ID>0</AD_Org_ID>
                    <IsActive>Y</IsActive>
                    <Name>Tenant</Name>
                    <Description>Tenant for this installation.</Description>
                    <Help>A Tenant is a company or a legal entity. You cannot share data between Tenants.</Help>
                    <AD_Process_ID reference="uuid" reference-key="AD_Process">785b18a0-3a15-44ef-b84c-fa62035ef540</AD_Process_ID>
                    <SeqNo>10</SeqNo>
                    <AD_Reference_ID reference="id">18</AD_Reference_ID>
                    <AD_Reference_Value_ID reference="id">129</AD_Reference_Value_ID>
                    <IsRange>N</IsRange>
                    <AD_Val_Rule_ID reference="id"/>
                    <FieldLength>0</FieldLength>
                    <IsMandatory>N</IsMandatory>
                    <DefaultValue>@AD_Client_ID@</DefaultValue>
                    <VFormat/>
                    <ValueMin/>
                    <ValueMax/>
                    <ColumnName>AD_Client_ID</ColumnName>
                    <DefaultValue2/>
                    <IsCentrallyMaintained>Y</IsCentrallyMaintained>
                    <EntityType>AMERP</EntityType>
                    <AD_Element_ID reference="id">102</AD_Element_ID>
                    <ReadOnlyLogic/>
                    <DisplayLogic/>
                    <AD_Process_Para_UU>a52bd4dc-6b3b-4388-b097-b08c474140ab</AD_Process_Para_UU>
                    <IsEncrypted>N</IsEncrypted>
                    <MandatoryLogic/>
                    <Query/>
                    <AD_FieldGroup_ID reference="id"/>
                    <Placeholder/>
                    <Placeholder2/>
                    <IsAutocomplete>N</IsAutocomplete>
                    <DateRangeOption>D</DateRangeOption>
                    <IsShowNegateButton>N</IsShowNegateButton>
                    <AD_Process_Para_Trl type="translation">
                        <Description>Grupo Empresarial para esta instalación</Description>
                        <Help>Grupo Empresarial. No se pueden compartir datos entre diferentes grupos empresariales.</Help>
                        <Name>Grupo Empresarial</Name>
                        <Placeholder/>
                        <Placeholder2/>
                        <AD_Language>es_PY</AD_Language>
                        <IsActive>Y</IsActive>
                        <IsTranslated>N</IsTranslated>
                    </AD_Process_Para_Trl>
                    <AD_Process_Para_Trl type="translation">
                        <Description>Grupo Empresarial para esta instalación</Description>
                        <Help>Grupo Empresarial. No se pueden compartir datos entre diferentes grupos empresariales.</Help>
                        <Name>Grupo Empresarial</Name>
                        <Placeholder/>
                        <Placeholder2/>
                        <AD_Language>es_CO</AD_Language>
                        <IsActive>Y</IsActive>
                        <IsTranslated>Y</IsTranslated>
                    </AD_Process_Para_Trl>
                </AD_Process_Para>
                <AD_Process_Para type="table">
                    <AD_Client_ID>0</AD_Client_ID>
                    <AD_Org_ID>0</AD_Org_ID>
                    <IsActive>Y</IsActive>
                    <Name>Accounting Schema</Name>
                    <Description>Rules for accounting</Description>
                    <Help>An Accounting Schema defines the rules used in accounting such as costing method, currency and calendar</Help>
                    <AD_Process_ID reference="uuid" reference-key="AD_Process">785b18a0-3a15-44ef-b84c-fa62035ef540</AD_Process_ID>
                    <SeqNo>20</SeqNo>
                    <AD_Reference_ID reference="id">18</AD_Reference_ID>
                    <AD_Reference_Value_ID reference="id">136</AD_Reference_Value_ID>
                    <IsRange>N</IsRange>
                    <AD_Val_Rule_ID reference="id"/>
                    <FieldLength>0</FieldLength>
                    <IsMandatory>N</IsMandatory>
                    <DefaultValue>@SQL=SELECT C_AcctSchema1_ID FROM  AD_ClientInfo WHERE AD_Client_ID=@AD_Client_ID@</DefaultValue>
                    <VFormat/>
                    <ValueMin/>
                    <ValueMax/>
                    <ColumnName>C_AcctSchema_ID</ColumnName>
                    <DefaultValue2/>
                    <IsCentrallyMaintained>Y</IsCentrallyMaintained>
                    <EntityType>AMERP</EntityType>
                    <AD_Element_ID reference="id">181</AD_Element_ID>
                    <ReadOnlyLogic/>
                    <DisplayLogic/>
                    <AD_Process_Para_UU>2dddbaef-c622-4f79-9189-071b93364ee2</AD_Process_Para_UU>
                    <IsEncrypted>N</IsEncrypted>
                    <MandatoryLogic/>
                    <Query/>
                    <AD_FieldGroup_ID reference="id"/>
                    <Placeholder/>
                    <Placeholder2/>
                    <IsAutocomplete>N</IsAutocomplete>
                    <DateRangeOption>D</DateRangeOption>
                    <IsShowNegateButton>N</IsShowNegateButton>
                    <AD_Process_Para_Trl type="translation">
                        <Description>Reglas para contabilizar</Description>
                        <Help>Un esquema contable define las reglas contables usadas tales como método de costeo; moneda y calendario</Help>
                        <Name>Esquema Contable</Name>
                        <Placeholder/>
                        <Placeholder2/>
                        <AD_Language>es_PY</AD_Language>
                        <IsActive>Y</IsActive>
                        <IsTranslated>Y</IsTranslated>
                    </AD_Process_Para_Trl>
                    <AD_Process_Para_Trl type="translation">
                        <Description>Reglas para contabilizar</Description>
                        <Help>Un esquema contable define las reglas contables usadas tales como método de costeo; moneda y calendario</Help>
                        <Name>Esquema Contable</Name>
                        <Placeholder/>
                        <Placeholder2/>
                        <AD_Language>es_CO</AD_Language>
                        <IsActive>Y</IsActive>
                        <IsTranslated>Y</IsTranslated>
                    </AD_Process_Para_Trl>
                </AD_Process_Para>
                <AD_Process_Para type="table">
                    <AD_Client_ID>0</AD_Client_ID>
                    <AD_Org_ID>0</AD_Org_ID>
                    <IsActive>Y</IsActive>
                    <Name>Action</Name>
                    <Description/>
                    <Help/>
                    <AD_Process_ID reference="uuid" reference-key="AD_Process">785b18a0-3a15-44ef-b84c-fa62035ef540</AD_Process_ID>
                    <SeqNo>30</SeqNo>
                    <AD_Reference_ID reference="id">10</AD_Reference_ID>
                    <AD_Reference_Value_ID reference="id"/>
                    <IsRange>N</IsRange>
                    <AD_Val_Rule_ID reference="id"/>
                    <FieldLength>10</FieldLength>
                    <IsMandatory>N</IsMandatory>
                    <DefaultValue>Preview</DefaultValue>
                    <VFormat/>
                    <ValueMin/>
                    <ValueMax/>
                    <ColumnName>Action</ColumnName>
                    <DefaultValue2/>
                    <IsCentrallyMaintained>N</IsCentrallyMaintained>
                    <EntityType>AMERP</EntityType>
                    <AD_Element_ID reference="id"/>
                    <ReadOnlyLogic/>
                    <DisplayLogic/>
                    <AD_Process_Para_UU>9552a94d-c62a-49c6-be61-ab94bc7e74e1</AD_Process_Para_UU>
                    <IsEncrypted>N</IsEncrypted>
                    <MandatoryLogic/>
                    <Query/>
                    <AD_FieldGroup_ID reference="id"/>
                    <Placeholder/>
                    <Placeholder2/>
                    <IsAutocomplete>N</IsAutocomplete>
                    <DateRangeOption>D</DateRangeOption>
                    <IsShowNegateButton>N</IsShowNegateButton>
                    <AD_Process_Para_Trl type="translation">
                        <Description/>
                        <Help/>
                        <Name>Action</Name>
                        <Placeholder/>
                        <Placeholder2/>
                        <AD_Language>es_PY</AD_Language>
                        <IsActive>Y</IsActive>
                        <IsTranslated>Y</IsTranslated>
                    </AD_Process_Para_Trl>
                    <AD_Process_Para_Trl type="translation">
                        <Description/>
                        <Help/>
                        <Name>Action</Name>
                        <Placeholder/>
                        <Placeholder2/>
                        <AD_Language>es_CO</AD_Language>
                        <IsActive>Y</IsActive>
                        <IsTranslated>N</IsTranslated>
                    </AD_Process_Para_Trl>
                </AD_Process_Para>
            </AD_Process>
        </AD_Menu>
        <AD_Menu type="table">
            <Parent_ID reference="uuid" reference-key="AD_Menu">42b07930-daa9-4a8c-8c98-d85428de8741</Parent_ID>
            <SeqNo>2</SeqNo>
            <AD_Client_ID>0</AD_Client_ID>
            <AD_Org_ID>0</AD_Org_ID>
            <Name>Amfin Account Elements Jasper Java Class Standard</Name>
            <Description>Amfin Account Elements Jasper Java Class Standard. Read data from Query in jrxml.</Description>
            <Action>R</Action>
            <AD_Window_ID reference="id"/>
            <AD_Workflow_ID reference="id"/>
            <AD_Task_ID reference="id"/>
            <IsActive>Y</IsActive>
            <IsSummary>N</IsSummary>
            <AD_Process_ID reference="uuid" reference-key="AD_Process">3416d923-78e2-4c4a-80e3-132e23a0464a</AD_Process_ID>
            <IsSOTrx>N</IsSOTrx>
            <AD_Form_ID reference="id"/>
            <IsReadOnly>N</IsReadOnly>
            <EntityType>U</EntityType>
            <IsCentrallyMaintained>Y</IsCentrallyMaintained>
            <AD_Menu_UU>03c94811-0cd8-416e-8e16-896cf59ee2a7</AD_Menu_UU>
            <AD_InfoWindow_ID reference="id"/>
            <PredefinedContextVariables/>
            <AD_Menu_Trl type="translation">
                <Description>Amfin Account Elements Jasper Java Class Standard. Read data from Query</Description>
                <Name>Amfin Account Elements Jasper Java Class Standard</Name>
                <AD_Language>es_PY</AD_Language>
                <IsActive>Y</IsActive>
                <IsTranslated>N</IsTranslated>
            </AD_Menu_Trl>
            <AD_Menu_Trl type="translation">
                <Description>Amfin Account Elements Jasper Java Class Standard. Read data from Query</Description>
                <Name>Amfin Account Elements Jasper Java Class Standard</Name>
                <AD_Language>es_CO</AD_Language>
                <IsActive>Y</IsActive>
                <IsTranslated>N</IsTranslated>
            </AD_Menu_Trl>
        </AD_Menu>
        <AD_Menu type="table">
            <Parent_ID reference="uuid" reference-key="AD_Menu">42b07930-daa9-4a8c-8c98-d85428de8741</Parent_ID>
            <SeqNo>0</SeqNo>
            <AD_Client_ID>0</AD_Client_ID>
            <AD_Org_ID>0</AD_Org_ID>
            <Name>Amfin Dummy Jasper</Name>
            <Description>Amf Dummy Jasper</Description>
            <Action>R</Action>
            <AD_Window_ID reference="id"/>
            <AD_Workflow_ID reference="id"/>
            <AD_Task_ID reference="id"/>
            <IsActive>Y</IsActive>
            <IsSummary>N</IsSummary>
            <AD_Process_ID reference="uuid" reference-key="AD_Process">6f5af6fa-f7a2-4f7e-90e3-adeaf98e217c</AD_Process_ID>
            <IsSOTrx>N</IsSOTrx>
            <AD_Form_ID reference="id"/>
            <IsReadOnly>N</IsReadOnly>
            <EntityType>AMERP</EntityType>
            <IsCentrallyMaintained>Y</IsCentrallyMaintained>
            <AD_Menu_UU>79e8740a-e861-4fb2-b54a-f173490b486c</AD_Menu_UU>
            <AD_InfoWindow_ID reference="id"/>
            <PredefinedContextVariables/>
            <AD_Menu_Trl type="translation">
                <Description>Amf Dummy Jasper</Description>
                <Name>Amfin Dummy Jasper</Name>
                <AD_Language>es_PY</AD_Language>
                <IsActive>Y</IsActive>
                <IsTranslated>Y</IsTranslated>
            </AD_Menu_Trl>
            <AD_Menu_Trl type="translation">
                <Description>Amf Dummy Jasper</Description>
                <Name>Amfin Dummy Jasper</Name>
                <AD_Language>es_CO</AD_Language>
                <IsActive>Y</IsActive>
                <IsTranslated>N</IsTranslated>
            </AD_Menu_Trl>
        </AD_Menu>
        <AD_Menu type="table">
            <Parent_ID reference="uuid" reference-key="AD_Menu">42b07930-daa9-4a8c-8c98-d85428de8741</Parent_ID>
            <SeqNo>5</SeqNo>
            <AD_Client_ID>0</AD_Client_ID>
            <AD_Org_ID>0</AD_Org_ID>
            <Name>Amfin Form Financial Reports for Xlsx</Name>
            <Description>Amfin Financial Reports for Xlsx. Create Spread sheet report.</Description>
            <Action>X</Action>
            <AD_Window_ID reference="id"/>
            <AD_Workflow_ID reference="id"/>
            <AD_Task_ID reference="id"/>
            <IsActive>Y</IsActive>
            <IsSummary>N</IsSummary>
            <AD_Process_ID reference="id"/>
            <IsSOTrx>Y</IsSOTrx>
            <AD_Form_ID reference="uuid" reference-key="AD_Form">cc6448e7-ef0b-4c1c-a645-3c172f926bce</AD_Form_ID>
            <IsReadOnly>N</IsReadOnly>
            <EntityType>AMERP</EntityType>
            <IsCentrallyMaintained>Y</IsCentrallyMaintained>
            <AD_Menu_UU>2d08b455-b0a7-47db-85f1-0e14475c3e8b</AD_Menu_UU>
            <AD_InfoWindow_ID reference="id"/>
            <PredefinedContextVariables/>
            <AD_Menu_Trl type="translation">
                <Description>Reportes Financieros - Generar reporte Xlsx</Description>
                <Name>Reportes Financieros - Xlsx </Name>
                <AD_Language>es_PY</AD_Language>
                <IsActive>Y</IsActive>
                <IsTranslated>N</IsTranslated>
            </AD_Menu_Trl>
            <AD_Menu_Trl type="translation">
                <Description>Reportes Financieros - Generar reporte Xlsx</Description>
                <Name>Reportes Financieros - Xlsx </Name>
                <AD_Language>es_CO</AD_Language>
                <IsActive>Y</IsActive>
                <IsTranslated>N</IsTranslated>
            </AD_Menu_Trl>
        </AD_Menu>
    </AD_Menu>
    <AD_Package_Exp type="table">
        <AD_Client_ID>0</AD_Client_ID>
        <AD_Org_ID>0</AD_Org_ID>
        <AD_Package_Type>X</AD_Package_Type>
        <EMail/>
        <Instructions/>
        <Name>AMERPSOFT Financial Reports Xlsx</Name>
        <Processed>N</Processed>
        <ReleaseNo/>
        <Version/>
        <UserName/>
        <Processing>N</Processing>
        <PK_Version>11</PK_Version>
        <IsActive>Y</IsActive>
        <File_Directory/>
        <Description>Type of Financial Report, using Xlsx
TRB-Trial Balance One Period
TRD-Trial Balance between two dates
BAL-State Financial Balance
GOP-State Financial Integral Results 
ANB-Analitic Financial State 
CAT-Account Elements Catalog
</Description>
        <AD_Package_Exp_UU>8bc9a6e0-6074-4199-a1b9-a305ff42d49f</AD_Package_Exp_UU>
        <DateFrom/>
        <IsExportDictionaryEntity>N</IsExportDictionaryEntity>
        <AD_Package_Exp_Detail type="table">
            <AD_Client_ID>0</AD_Client_ID>
            <AD_Org_ID>0</AD_Org_ID>
            <AD_Form_ID reference="id"/>
            <AD_ImpFormat_ID reference="id"/>
            <AD_Menu_ID reference="id"/>
            <AD_Process_ID reference="id"/>
            <AD_Role_ID reference="id"/>
            <AD_Window_ID reference="id"/>
            <AD_Workflow_ID reference="id"/>
            <IsActive>Y</IsActive>
            <File_Directory/>
            <FileName/>
            <Destination_FileName/>
            <Destination_Directory/>
            <Description/>
            <DBType>ALL</DBType>
            <Type>D</Type>
            <Target_Directory/>
            <SQLStatement>SELECT * FROM AD_Package_Exp WHERE AD_Package_Exp_UU='8bc9a6e0-6074-4199-a1b9-a305ff42d49f';AD_Package_Exp_Detail</SQLStatement>
            <ReleaseNo/>
            <Processing>N</Processing>
            <Processed>N</Processed>
            <Name2/>
            <Line>10000</Line>
            <AD_Table_ID reference="id">50005</AD_Table_ID>
            <AD_ReportView_ID reference="id"/>
            <AD_Package_Exp_ID reference="uuid" reference-key="AD_Package_Exp">8bc9a6e0-6074-4199-a1b9-a305ff42d49f</AD_Package_Exp_ID>
            <AD_Package_Code_New/>
            <AD_Package_Code_Old/>
            <AD_Val_Rule_ID reference="id"/>
            <AD_Message_ID reference="id"/>
            <AD_PrintFormat_ID reference="id"/>
            <AD_Reference_ID reference="id"/>
            <AD_ModelValidator_ID reference="id"/>
            <AD_EntityType_ID reference="id"/>
            <AD_Package_Exp_Detail_UU>4deb7da7-007b-4360-84b9-ab331678bcc5</AD_Package_Exp_Detail_UU>
            <AD_InfoWindow_ID reference="id"/>
            <ExecCode/>
        </AD_Package_Exp_Detail>
        <AD_Package_Exp_Detail type="table">
            <AD_Client_ID>0</AD_Client_ID>
            <AD_Org_ID>0</AD_Org_ID>
            <AD_Form_ID reference="id"/>
            <AD_ImpFormat_ID reference="id"/>
            <AD_Menu_ID reference="id"/>
            <AD_Process_ID reference="uuid" reference-key="AD_Process">6f5af6fa-f7a2-4f7e-90e3-adeaf98e217c</AD_Process_ID>
            <AD_Role_ID reference="id"/>
            <AD_Window_ID reference="id"/>
            <AD_Workflow_ID reference="id"/>
            <IsActive>Y</IsActive>
            <File_Directory/>
            <FileName/>
            <Destination_FileName/>
            <Destination_Directory/>
            <Description/>
            <DBType>ALL</DBType>
            <Type>P</Type>
            <Target_Directory/>
            <SQLStatement/>
            <ReleaseNo/>
            <Processing>N</Processing>
            <Processed>N</Processed>
            <Name2/>
            <Line>8000</Line>
            <AD_Table_ID reference="id"/>
            <AD_ReportView_ID reference="id"/>
            <AD_Package_Exp_ID reference="uuid" reference-key="AD_Package_Exp">8bc9a6e0-6074-4199-a1b9-a305ff42d49f</AD_Package_Exp_ID>
            <AD_Package_Code_New/>
            <AD_Package_Code_Old/>
            <AD_Val_Rule_ID reference="id"/>
            <AD_Message_ID reference="id"/>
            <AD_PrintFormat_ID reference="id"/>
            <AD_Reference_ID reference="id"/>
            <AD_ModelValidator_ID reference="id"/>
            <AD_EntityType_ID reference="id"/>
            <AD_Package_Exp_Detail_UU>6b87ca75-74dd-47de-a736-b589e8e5bcd5</AD_Package_Exp_Detail_UU>
            <AD_InfoWindow_ID reference="id"/>
            <ExecCode/>
        </AD_Package_Exp_Detail>
        <AD_Package_Exp_Detail type="table">
            <AD_Client_ID>0</AD_Client_ID>
            <AD_Org_ID>0</AD_Org_ID>
            <AD_Form_ID reference="id"/>
            <AD_ImpFormat_ID reference="id"/>
            <AD_Menu_ID reference="id"/>
            <AD_Process_ID reference="uuid" reference-key="AD_Process">d6d2e7e3-445b-4dba-a866-e47e939201fa</AD_Process_ID>
            <AD_Role_ID reference="id"/>
            <AD_Window_ID reference="id"/>
            <AD_Workflow_ID reference="id"/>
            <IsActive>Y</IsActive>
            <File_Directory/>
            <FileName/>
            <Destination_FileName/>
            <Destination_Directory/>
            <Description/>
            <DBType>ALL</DBType>
            <Type>P</Type>
            <Target_Directory/>
            <SQLStatement/>
            <ReleaseNo/>
            <Processing>N</Processing>
            <Processed>N</Processed>
            <Name2/>
            <Line>8010</Line>
            <AD_Table_ID reference="id"/>
            <AD_ReportView_ID reference="id"/>
            <AD_Package_Exp_ID reference="uuid" reference-key="AD_Package_Exp">8bc9a6e0-6074-4199-a1b9-a305ff42d49f</AD_Package_Exp_ID>
            <AD_Package_Code_New/>
            <AD_Package_Code_Old/>
            <AD_Val_Rule_ID reference="id"/>
            <AD_Message_ID reference="id"/>
            <AD_PrintFormat_ID reference="id"/>
            <AD_Reference_ID reference="id"/>
            <AD_ModelValidator_ID reference="id"/>
            <AD_EntityType_ID reference="id"/>
            <AD_Package_Exp_Detail_UU>27eb81f9-438d-4042-98af-77c38082b227</AD_Package_Exp_Detail_UU>
            <AD_InfoWindow_ID reference="id"/>
            <ExecCode/>
        </AD_Package_Exp_Detail>
        <AD_Package_Exp_Detail type="table">
            <AD_Client_ID>0</AD_Client_ID>
            <AD_Org_ID>0</AD_Org_ID>
            <AD_Form_ID reference="id"/>
            <AD_ImpFormat_ID reference="id"/>
            <AD_Menu_ID reference="id"/>
            <AD_Process_ID reference="uuid" reference-key="AD_Process">3416d923-78e2-4c4a-80e3-132e23a0464a</AD_Process_ID>
            <AD_Role_ID reference="id"/>
            <AD_Window_ID reference="id"/>
            <AD_Workflow_ID reference="id"/>
            <IsActive>Y</IsActive>
            <File_Directory/>
            <FileName/>
            <Destination_FileName/>
            <Destination_Directory/>
            <Description/>
            <DBType>ALL</DBType>
            <Type>P</Type>
            <Target_Directory/>
            <SQLStatement/>
            <ReleaseNo/>
            <Processing>N</Processing>
            <Processed>N</Processed>
            <Name2/>
            <Line>8020</Line>
            <AD_Table_ID reference="id"/>
            <AD_ReportView_ID reference="id"/>
            <AD_Package_Exp_ID reference="uuid" reference-key="AD_Package_Exp">8bc9a6e0-6074-4199-a1b9-a305ff42d49f</AD_Package_Exp_ID>
            <AD_Package_Code_New/>
            <AD_Package_Code_Old/>
            <AD_Val_Rule_ID reference="id"/>
            <AD_Message_ID reference="id"/>
            <AD_PrintFormat_ID reference="id"/>
            <AD_Reference_ID reference="id"/>
            <AD_ModelValidator_ID reference="id"/>
            <AD_EntityType_ID reference="id"/>
            <AD_Package_Exp_Detail_UU>3b8a27e3-13e5-41a3-beb8-d670d0e47cda</AD_Package_Exp_Detail_UU>
            <AD_InfoWindow_ID reference="id"/>
            <ExecCode/>
        </AD_Package_Exp_Detail>
        <AD_Package_Exp_Detail type="table">
            <AD_Client_ID>0</AD_Client_ID>
            <AD_Org_ID>0</AD_Org_ID>
            <AD_Form_ID reference="uuid" reference-key="AD_Form">00db0cf6-7207-4023-8e0b-38f04e4d5775</AD_Form_ID>
            <AD_ImpFormat_ID reference="id"/>
            <AD_Menu_ID reference="id"/>
            <AD_Process_ID reference="uuid" reference-key="AD_Process">785b18a0-3a15-44ef-b84c-fa62035ef540</AD_Process_ID>
            <AD_Role_ID reference="id"/>
            <AD_Window_ID reference="id"/>
            <AD_Workflow_ID reference="id"/>
            <IsActive>Y</IsActive>
            <File_Directory/>
            <FileName/>
            <Destination_FileName/>
            <Destination_Directory/>
            <Description/>
            <DBType>ALL</DBType>
            <Type>X</Type>
            <Target_Directory/>
            <SQLStatement/>
            <ReleaseNo/>
            <Processing>N</Processing>
            <Processed>N</Processed>
            <Name2/>
            <Line>8030</Line>
            <AD_Table_ID reference="id"/>
            <AD_ReportView_ID reference="id"/>
            <AD_Package_Exp_ID reference="uuid" reference-key="AD_Package_Exp">8bc9a6e0-6074-4199-a1b9-a305ff42d49f</AD_Package_Exp_ID>
            <AD_Package_Code_New/>
            <AD_Package_Code_Old/>
            <AD_Val_Rule_ID reference="id"/>
            <AD_Message_ID reference="id"/>
            <AD_PrintFormat_ID reference="id"/>
            <AD_Reference_ID reference="id"/>
            <AD_ModelValidator_ID reference="id"/>
            <AD_EntityType_ID reference="id"/>
            <AD_Package_Exp_Detail_UU>8d3e0095-871b-4bd7-b944-a1cb30ef08b7</AD_Package_Exp_Detail_UU>
            <AD_InfoWindow_ID reference="id"/>
            <ExecCode/>
        </AD_Package_Exp_Detail>
        <AD_Package_Exp_Detail type="table">
            <AD_Client_ID>0</AD_Client_ID>
            <AD_Org_ID>0</AD_Org_ID>
            <AD_Form_ID reference="id"/>
            <AD_ImpFormat_ID reference="id"/>
            <AD_Menu_ID reference="uuid" reference-key="AD_Menu">42b07930-daa9-4a8c-8c98-d85428de8741</AD_Menu_ID>
            <AD_Process_ID reference="id"/>
            <AD_Role_ID reference="id"/>
            <AD_Window_ID reference="id"/>
            <AD_Workflow_ID reference="id"/>
            <IsActive>Y</IsActive>
            <File_Directory/>
            <FileName/>
            <Destination_FileName/>
            <Destination_Directory/>
            <Description/>
            <DBType>ALL</DBType>
            <Type>M</Type>
            <Target_Directory/>
            <SQLStatement/>
            <ReleaseNo/>
            <Processing>N</Processing>
            <Processed>N</Processed>
            <Name2/>
            <Line>9000</Line>
            <AD_Table_ID reference="id"/>
            <AD_ReportView_ID reference="id"/>
            <AD_Package_Exp_ID reference="uuid" reference-key="AD_Package_Exp">8bc9a6e0-6074-4199-a1b9-a305ff42d49f</AD_Package_Exp_ID>
            <AD_Package_Code_New/>
            <AD_Package_Code_Old/>
            <AD_Val_Rule_ID reference="id"/>
            <AD_Message_ID reference="id"/>
            <AD_PrintFormat_ID reference="id"/>
            <AD_Reference_ID reference="id"/>
            <AD_ModelValidator_ID reference="id"/>
            <AD_EntityType_ID reference="id"/>
            <AD_Package_Exp_Detail_UU>1a8a1b9f-1a65-42e2-8b6a-7f7d0ba391ca</AD_Package_Exp_Detail_UU>
            <AD_InfoWindow_ID reference="id"/>
            <ExecCode/>
        </AD_Package_Exp_Detail>
        <AD_Package_Exp_Detail type="table">
            <AD_Client_ID>0</AD_Client_ID>
            <AD_Org_ID>0</AD_Org_ID>
            <AD_Form_ID reference="id"/>
            <AD_ImpFormat_ID reference="id"/>
            <AD_Menu_ID reference="id"/>
            <AD_Process_ID reference="id"/>
            <AD_Role_ID reference="id"/>
            <AD_Window_ID reference="id"/>
            <AD_Workflow_ID reference="id"/>
            <IsActive>Y</IsActive>
            <File_Directory/>
            <FileName/>
            <Destination_FileName/>
            <Destination_Directory/>
            <Description/>
            <DBType>ALL</DBType>
            <Type>MSG</Type>
            <Target_Directory/>
            <SQLStatement/>
            <ReleaseNo/>
            <Processing>N</Processing>
            <Processed>N</Processed>
            <Name2/>
            <Line>1000</Line>
            <AD_Table_ID reference="id"/>
            <AD_ReportView_ID reference="id"/>
            <AD_Package_Exp_ID reference="uuid" reference-key="AD_Package_Exp">8bc9a6e0-6074-4199-a1b9-a305ff42d49f</AD_Package_Exp_ID>
            <AD_Package_Code_New/>
            <AD_Package_Code_Old/>
            <AD_Val_Rule_ID reference="id"/>
            <AD_Message_ID reference="uuid" reference-key="AD_Message">0352bb9b-d777-4715-8d6f-e68763a3df61</AD_Message_ID>
            <AD_PrintFormat_ID reference="id"/>
            <AD_Reference_ID reference="id"/>
            <AD_ModelValidator_ID reference="id"/>
            <AD_EntityType_ID reference="id"/>
            <AD_Package_Exp_Detail_UU>864ee88b-f8d7-4c6e-a158-a82dd08f987a</AD_Package_Exp_Detail_UU>
            <AD_InfoWindow_ID reference="id"/>
            <ExecCode/>
        </AD_Package_Exp_Detail>
        <AD_Package_Exp_Detail type="table">
            <AD_Client_ID>0</AD_Client_ID>
            <AD_Org_ID>0</AD_Org_ID>
            <AD_Form_ID reference="uuid" reference-key="AD_Form">cc6448e7-ef0b-4c1c-a645-3c172f926bce</AD_Form_ID>
            <AD_ImpFormat_ID reference="id"/>
            <AD_Menu_ID reference="id"/>
            <AD_Process_ID reference="uuid" reference-key="AD_Process">785b18a0-3a15-44ef-b84c-fa62035ef540</AD_Process_ID>
            <AD_Role_ID reference="id"/>
            <AD_Window_ID reference="id"/>
            <AD_Workflow_ID reference="id"/>
            <IsActive>Y</IsActive>
            <File_Directory/>
            <FileName/>
            <Destination_FileName/>
            <Destination_Directory/>
            <Description/>
            <DBType>ALL</DBType>
            <Type>X</Type>
            <Target_Directory/>
            <SQLStatement/>
            <ReleaseNo/>
            <Processing>N</Processing>
            <Processed>N</Processed>
            <Name2/>
            <Line>8040</Line>
            <AD_Table_ID reference="id"/>
            <AD_ReportView_ID reference="id"/>
            <AD_Package_Exp_ID reference="uuid" reference-key="AD_Package_Exp">8bc9a6e0-6074-4199-a1b9-a305ff42d49f</AD_Package_Exp_ID>
            <AD_Package_Code_New/>
            <AD_Package_Code_Old/>
            <AD_Val_Rule_ID reference="id"/>
            <AD_Message_ID reference="id"/>
            <AD_PrintFormat_ID reference="id"/>
            <AD_Reference_ID reference="id"/>
            <AD_ModelValidator_ID reference="id"/>
            <AD_EntityType_ID reference="id"/>
            <AD_Package_Exp_Detail_UU>527a852d-adb4-4063-9ccd-d65c41d6a373</AD_Package_Exp_Detail_UU>
            <AD_InfoWindow_ID reference="id"/>
            <ExecCode/>
        </AD_Package_Exp_Detail>
        <AD_Package_Exp_Detail type="table">
            <AD_Client_ID>0</AD_Client_ID>
            <AD_Org_ID>0</AD_Org_ID>
            <AD_Form_ID reference="id"/>
            <AD_ImpFormat_ID reference="id"/>
            <AD_Menu_ID reference="id"/>
            <AD_Process_ID reference="id"/>
            <AD_Role_ID reference="id"/>
            <AD_Window_ID reference="id"/>
            <AD_Workflow_ID reference="id"/>
            <IsActive>Y</IsActive>
            <File_Directory/>
            <FileName/>
            <Destination_FileName/>
            <Destination_Directory/>
            <Description/>
            <DBType>ALL</DBType>
            <Type>MSG</Type>
            <Target_Directory/>
            <SQLStatement/>
            <ReleaseNo/>
            <Processing>N</Processing>
            <Processed>N</Processed>
            <Name2/>
            <Line>1010</Line>
            <AD_Table_ID reference="id"/>
            <AD_ReportView_ID reference="id"/>
            <AD_Package_Exp_ID reference="uuid" reference-key="AD_Package_Exp">8bc9a6e0-6074-4199-a1b9-a305ff42d49f</AD_Package_Exp_ID>
            <AD_Package_Code_New/>
            <AD_Package_Code_Old/>
            <AD_Val_Rule_ID reference="id"/>
            <AD_Message_ID reference="uuid" reference-key="AD_Message">24dfa5de-871e-4a8a-94c3-53aea701adde</AD_Message_ID>
            <AD_PrintFormat_ID reference="id"/>
            <AD_Reference_ID reference="id"/>
            <AD_ModelValidator_ID reference="id"/>
            <AD_EntityType_ID reference="id"/>
            <AD_Package_Exp_Detail_UU>842adc0d-7608-4cc7-a315-be2326dee4b3</AD_Package_Exp_Detail_UU>
            <AD_InfoWindow_ID reference="id"/>
            <ExecCode/>
        </AD_Package_Exp_Detail>
        <AD_Package_Exp_Detail type="table">
            <AD_Client_ID>0</AD_Client_ID>
            <AD_Org_ID>0</AD_Org_ID>
            <AD_Form_ID reference="id"/>
            <AD_ImpFormat_ID reference="id"/>
            <AD_Menu_ID reference="id"/>
            <AD_Process_ID reference="id"/>
            <AD_Role_ID reference="id"/>
            <AD_Window_ID reference="id"/>
            <AD_Workflow_ID reference="id"/>
            <IsActive>Y</IsActive>
            <File_Directory/>
            <FileName/>
            <Destination_FileName/>
            <Destination_Directory/>
            <Description/>
            <DBType>ALL</DBType>
            <Type>REF</Type>
            <Target_Directory/>
            <SQLStatement/>
            <ReleaseNo/>
            <Processing>N</Processing>
            <Processed>N</Processed>
            <Name2/>
            <Line>2000</Line>
            <AD_Table_ID reference="id"/>
            <AD_ReportView_ID reference="id"/>
            <AD_Package_Exp_ID reference="uuid" reference-key="AD_Package_Exp">8bc9a6e0-6074-4199-a1b9-a305ff42d49f</AD_Package_Exp_ID>
            <AD_Package_Code_New/>
            <AD_Package_Code_Old/>
            <AD_Val_Rule_ID reference="id"/>
            <AD_Message_ID reference="id"/>
            <AD_PrintFormat_ID reference="id"/>
            <AD_Reference_ID reference="uuid" reference-key="AD_Reference">0b14e05d-d39e-4757-a410-154f73b261d1</AD_Reference_ID>
            <AD_ModelValidator_ID reference="id"/>
            <AD_EntityType_ID reference="id"/>
            <AD_Package_Exp_Detail_UU>df55357e-a9f4-4c85-89ab-439fc0726856</AD_Package_Exp_Detail_UU>
            <AD_InfoWindow_ID reference="id"/>
            <ExecCode/>
        </AD_Package_Exp_Detail>
        <AD_Package_Exp_Detail type="table">
            <AD_Client_ID>0</AD_Client_ID>
            <AD_Org_ID>0</AD_Org_ID>
            <AD_Form_ID reference="id"/>
            <AD_ImpFormat_ID reference="id"/>
            <AD_Menu_ID reference="id"/>
            <AD_Process_ID reference="id"/>
            <AD_Role_ID reference="id"/>
            <AD_Window_ID reference="id"/>
            <AD_Workflow_ID reference="id"/>
            <IsActive>Y</IsActive>
            <File_Directory/>
            <FileName/>
            <Destination_FileName/>
            <Destination_Directory/>
            <Description/>
            <DBType>ALL</DBType>
            <Type>REF</Type>
            <Target_Directory/>
            <SQLStatement/>
            <ReleaseNo/>
            <Processing>N</Processing>
            <Processed>N</Processed>
            <Name2/>
            <Line>2010</Line>
            <AD_Table_ID reference="id"/>
            <AD_ReportView_ID reference="id"/>
            <AD_Package_Exp_ID reference="uuid" reference-key="AD_Package_Exp">8bc9a6e0-6074-4199-a1b9-a305ff42d49f</AD_Package_Exp_ID>
            <AD_Package_Code_New/>
            <AD_Package_Code_Old/>
            <AD_Val_Rule_ID reference="id"/>
            <AD_Message_ID reference="id"/>
            <AD_PrintFormat_ID reference="id"/>
            <AD_Reference_ID reference="uuid" reference-key="AD_Reference">e74cd45a-de37-448f-a42b-2737e0e04d50</AD_Reference_ID>
            <AD_ModelValidator_ID reference="id"/>
            <AD_EntityType_ID reference="id"/>
            <AD_Package_Exp_Detail_UU>2ff0e5a6-c693-41d4-8fdb-f503626c3479</AD_Package_Exp_Detail_UU>
            <AD_InfoWindow_ID reference="id"/>
            <ExecCode/>
        </AD_Package_Exp_Detail>
    </AD_Package_Exp>
</idempiere>
