<?xml version="1.0" encoding="UTF-8"?><?xml-stylesheet type="text/css" href="idempiereDocument.css"?><idempiereDocument>
    <header>AMERPSOFT LCO Withholding Package Description</header>
    <H1>Package Name:</H1>
    <packagename>AMERPSOFT LCO Withholding</packagename>
    <H1>Author:</H1>
    <Name:/>
    <H1>Email Address:</H1>
    <Email/>
    <H1>Created:</H1>
    <Date>2025-04-12 14:52:47.845</Date>
    <H1>Updated:</H1>
    <Date>2025-04-12 15:12:04.791</Date>
    <H1>Description:</H1>
    <description>2Pack_2.1.1 Rebuild
AD_Element
AD_Reference y sus AD_Ref_List
AD_Val_Rule
AD_Column
AD_Field
AD_Table
AD_Process
AD_Message</description>
    <H1>Instructions:</H1>
    <instructions/>
    <H1>Files in Package:</H1>
    <file>File: PackOut.xml</file>
    <filedirectory>Directory: \dict\</filedirectory>
    <filenotes>Notes: Contains all application/object settings for package</filenotes>
    <H1>Client:</H1>
    <Client>0-SYSTEM-System</Client>
</idempiereDocument>
