<?xml version="1.0" encoding="UTF-8"?><idempiere Name="AD_SysConfig" Version="1.0.0" idempiereVersion="11.0.0.202403160708" DataBaseVersion="2023-12-24" Description="" Author="System" AuthorEmail="system @ idempiere.com" CreatedDate="Tue Jul 02 16:28:27 UTC 2024" UpdatedDate="Tue Jul 02 16:28:27 UTC 2024" PackOutVersion="100" UpdateDictionary="false" Client="0-SYSTEM-System" AD_Client_UU="11237b53-9592-4af1-b3c5-afd216514b5d">
    <AD_SysConfig type="table">
        <AD_Client_ID>0</AD_Client_ID>
        <AD_Org_ID>0</AD_Org_ID>
        <IsActive>Y</IsActive>
        <Name>ZK_LOGO_SMALL</Name>
        <Value>~./theme/ksys/images/header-logo-amerp.png</Value>
        <Description>Login Logo Small</Description>
        <EntityType>AMERP</EntityType>
        <ConfigurationLevel>S</ConfigurationLevel>
        <AD_SysConfig_UU>69007345-c36f-4b02-870a-c41d8fb9deea</AD_SysConfig_UU>
    </AD_SysConfig>
    <AD_SysConfig type="table">
        <AD_Client_ID>0</AD_Client_ID>
        <AD_Org_ID>0</AD_Org_ID>
        <IsActive>Y</IsActive>
        <Name>ZK_BROWSER_TITLE</Name>
        <Value>iDempiere AMERP</Value>
        <Description>Browser Title</Description>
        <EntityType>AMERP</EntityType>
        <ConfigurationLevel>S</ConfigurationLevel>
        <AD_SysConfig_UU>c587f6f8-2910-4b27-913e-2e41e8581ea0</AD_SysConfig_UU>
    </AD_SysConfig>
    <AD_SysConfig type="table">
        <AD_Client_ID>0</AD_Client_ID>
        <AD_Org_ID>0</AD_Org_ID>
        <IsActive>Y</IsActive>
        <Name>ZK_BROWSER_ICON</Name>
        <Value>~./theme/ksys/images/icon-idempiere.png</Value>
        <Description>Browse Icon Path</Description>
        <EntityType>AMERP</EntityType>
        <ConfigurationLevel>S</ConfigurationLevel>
        <AD_SysConfig_UU>4cf766fd-5982-49dd-82f2-e8347214dbf0</AD_SysConfig_UU>
    </AD_SysConfig>
    <AD_SysConfig type="table">
        <AD_Client_ID>0</AD_Client_ID>
        <AD_Org_ID>0</AD_Org_ID>
        <IsActive>Y</IsActive>
        <Name>ZK_LOGO_LARGE</Name>
        <Value>https://www.monalisa.com.py/media/logo/websites/1/MONALISA_LOGO.png</Value>
        <Description>Login Logo Large</Description>
        <EntityType>AMERP</EntityType>
        <ConfigurationLevel>S</ConfigurationLevel>
        <AD_SysConfig_UU>bfe6284e-00a2-412f-be82-37ed38363768</AD_SysConfig_UU>
    </AD_SysConfig>
</idempiere>
