<?xml version="1.0" encoding="UTF-8"?><idempiere Name="AMERPSOFT Personnel and Payroll R11 Accounting" Version="11" idempiereVersion="" DataBaseVersion="" Description="Release 11 Addittional changes on Processes for Accounting" Author="" AuthorEmail="" CreatedDate="2025-07-19 13:52:10.758" UpdatedDate="2025-07-19 13:52:10.758" PackOutVersion="100" UpdateDictionary="false" Client="0-SYSTEM-System" AD_Client_UU="11237b53-9592-4af1-b3c5-afd216514b5d">
    <AD_Reference type="table">
        <AD_Client_ID>0</AD_Client_ID>
        <AD_Org_ID>0</AD_Org_ID>
        <Name>Client Accounting </Name>
        <Description>Enable client Accounting -&gt; D - Disabled (default) / Q - Queue (enabled to post by hand - queue documents for posterior processing) / I - Immediate (immediate post)</Description>
        <Help/>
        <ValidationType>L</ValidationType>
        <IsActive>Y</IsActive>
        <VFormat/>
        <EntityType>AMERP</EntityType>
        <IsOrderByValue>N</IsOrderByValue>
        <AD_Reference_UU>1a869817-a0f1-480f-bf71-b7a70a9ed715</AD_Reference_UU>
        <AD_Element_ID reference="id"/>
        <ShowInactive>N</ShowInactive>
        <AD_Reference_Trl type="translation">
            <Description>Enable client Accounting -&gt; D - Disabled (default) / Q - Queue (enabled to post by hand - queue documents for posterior processing) / I - Immediate (immediate post)</Description>
            <Help/>
            <Name>Client Accounting </Name>
            <AD_Language>es_PY</AD_Language>
            <IsActive>Y</IsActive>
            <IsTranslated>Y</IsTranslated>
        </AD_Reference_Trl>
        <AD_Reference_Trl type="translation">
            <Description>Enable client Accounting -&gt; D - Disabled (default) / Q - Queue (enabled to post by hand - queue documents for posterior processing) / I - Immediate (immediate post)</Description>
            <Help/>
            <Name>Client Accounting </Name>
            <AD_Language>es_CO</AD_Language>
            <IsActive>Y</IsActive>
            <IsTranslated>N</IsTranslated>
        </AD_Reference_Trl>
        <AD_Ref_List type="table">
            <AD_Client_ID>0</AD_Client_ID>
            <AD_Org_ID>0</AD_Org_ID>
            <Name>Disabled</Name>
            <Description>Disable Client Accounting</Description>
            <AD_Reference_ID reference="uuid" reference-key="AD_Reference">1a869817-a0f1-480f-bf71-b7a70a9ed715</AD_Reference_ID>
            <ValidFrom/>
            <ValidTo/>
            <Value>D</Value>
            <IsActive>N</IsActive>
            <EntityType>U</EntityType>
            <AD_Ref_List_UU>dd45555d-226b-4df1-9aa0-1c79088077b6</AD_Ref_List_UU>
            <AD_Ref_List_Trl type="translation">
                <Description>Motor contable Deshabilitado</Description>
                <Name>Deshabilitado</Name>
                <AD_Language>es_PY</AD_Language>
                <IsActive>Y</IsActive>
                <IsTranslated>N</IsTranslated>
            </AD_Ref_List_Trl>
            <AD_Ref_List_Trl type="translation">
                <Description>Motor contable Deshabilitado</Description>
                <Name>Deshabilitado</Name>
                <AD_Language>es_CO</AD_Language>
                <IsActive>Y</IsActive>
                <IsTranslated>N</IsTranslated>
            </AD_Ref_List_Trl>
        </AD_Ref_List>
        <AD_Ref_List type="table">
            <AD_Client_ID>0</AD_Client_ID>
            <AD_Org_ID>0</AD_Org_ID>
            <Name>Inmediate</Name>
            <Description> I - Immediate (immediate post)</Description>
            <AD_Reference_ID reference="uuid" reference-key="AD_Reference">1a869817-a0f1-480f-bf71-b7a70a9ed715</AD_Reference_ID>
            <ValidFrom/>
            <ValidTo/>
            <Value>I</Value>
            <IsActive>Y</IsActive>
            <EntityType>U</EntityType>
            <AD_Ref_List_UU>60342f8e-d8e5-4f94-9137-bf32815cbb76</AD_Ref_List_UU>
            <AD_Ref_List_Trl type="translation">
                <Description> I - Contabilización Inmediata</Description>
                <Name>Inmediata</Name>
                <AD_Language>es_PY</AD_Language>
                <IsActive>Y</IsActive>
                <IsTranslated>Y</IsTranslated>
            </AD_Ref_List_Trl>
            <AD_Ref_List_Trl type="translation">
                <Description> I - Contabilización Inmediata</Description>
                <Name>Inmediata</Name>
                <AD_Language>es_CO</AD_Language>
                <IsActive>Y</IsActive>
                <IsTranslated>N</IsTranslated>
            </AD_Ref_List_Trl>
        </AD_Ref_List>
        <AD_Ref_List type="table">
            <AD_Client_ID>0</AD_Client_ID>
            <AD_Org_ID>0</AD_Org_ID>
            <Name>Q - Queue (enabled to post by hand )</Name>
            <Description>Q - Queue (enabled to post by hand - queue documents for posterior processing)</Description>
            <AD_Reference_ID reference="uuid" reference-key="AD_Reference">1a869817-a0f1-480f-bf71-b7a70a9ed715</AD_Reference_ID>
            <ValidFrom/>
            <ValidTo/>
            <Value>Q</Value>
            <IsActive>Y</IsActive>
            <EntityType>U</EntityType>
            <AD_Ref_List_UU>d001a97a-37d7-42ef-a86e-5610a274a301</AD_Ref_List_UU>
            <AD_Ref_List_Trl type="translation">
                <Description>Q - Proceso de Contabilización Manual en Cola</Description>
                <Name>Q - Proceso Manual en Cola</Name>
                <AD_Language>es_PY</AD_Language>
                <IsActive>Y</IsActive>
                <IsTranslated>N</IsTranslated>
            </AD_Ref_List_Trl>
            <AD_Ref_List_Trl type="translation">
                <Description>Q - Proceso de Contabilización Manual en Cola</Description>
                <Name>Q - Proceso Manual en Cola</Name>
                <AD_Language>es_CO</AD_Language>
                <IsActive>Y</IsActive>
                <IsTranslated>N</IsTranslated>
            </AD_Ref_List_Trl>
        </AD_Ref_List>
    </AD_Reference>
    <AD_Process type="table">
        <AD_Client_ID>0</AD_Client_ID>
        <AD_Org_ID>0</AD_Org_ID>
        <IsActive>Y</IsActive>
        <Name>Amper Set Client Accounting Mode</Name>
        <Description>Amper Period Create Process</Description>
        <Help>&lt;p&gt;
Este proceso permite configurar el valor del parámetro &lt;strong&gt;CLIENT_ACCOUNTING&lt;/strong&gt; en la tabla &lt;code&gt;AD_SysConfig&lt;/code&gt; para un cliente específico, incluyendo el cliente &lt;em&gt;System (ID = 0)&lt;/em&gt;.
&lt;/p&gt;

&lt;p&gt;&lt;strong&gt;Parámetros del Proceso:&lt;/strong&gt;&lt;/p&gt;
&lt;ul&gt;
  &lt;li&gt;&lt;strong&gt;Cliente (AD_Client_ID):&lt;/strong&gt; Cliente al que se aplicará la configuración. Puede ser cualquier cliente del sistema, incluido el cliente System.&lt;/li&gt;
  &lt;li&gt;&lt;strong&gt;Modo de Contabilidad del Cliente (ClientAccounting_Mode):&lt;/strong&gt; Define el comportamiento del sistema respecto a la contabilidad del cliente. Los valores posibles son:
    &lt;ul&gt;
      &lt;li&gt;&lt;strong&gt;Q&lt;/strong&gt;: &lt;em&gt;Asynchronous / Queued&lt;/em&gt; – Las tareas contables se encolan para su ejecución posterior.&lt;/li&gt;
      &lt;li&gt;&lt;strong&gt;I&lt;/strong&gt;: &lt;em&gt;Immediate&lt;/em&gt; – Las tareas contables se ejecutan de forma inmediata.&lt;/li&gt;
      &lt;li&gt;&lt;strong&gt;D&lt;/strong&gt;: &lt;em&gt;Disable&lt;/em&gt; – La contabilidad del cliente se desactiva.&lt;/li&gt;
    &lt;/ul&gt;
  &lt;/li&gt;
&lt;/ul&gt;

&lt;p&gt;
Si ya existe una entrada en &lt;code&gt;AD_SysConfig&lt;/code&gt; con el nombre &lt;code&gt;CLIENT_ACCOUNTING&lt;/code&gt; para el cliente seleccionado, se actualizará su valor. Si no existe, se creará una nueva entrada.
&lt;/p&gt;

&lt;p&gt;&lt;em&gt;Este proceso debe ser ejecutado únicamente por usuarios con permisos de administración.&lt;/em&gt;&lt;/p&gt;
</Help>
        <ProcedureName/>
        <IsReport>N</IsReport>
        <Value>AmperSetClientAccountingMode</Value>
        <IsDirectPrint>N</IsDirectPrint>
        <AD_ReportView_ID reference="id"/>
        <Classname>org.amerp.process.SetClientAccountingMode</Classname>
        <AccessLevel>7</AccessLevel>
        <EntityType>U</EntityType>
        <Statistic_Count>9</Statistic_Count>
        <Statistic_Seconds>231</Statistic_Seconds>
        <AD_PrintFormat_ID reference="id"/>
        <WorkflowValue/>
        <AD_Workflow_ID reference="id"/>
        <IsBetaFunctionality>N</IsBetaFunctionality>
        <ShowHelp>Y</ShowHelp>
        <JasperReport/>
        <AD_Form_ID reference="id"/>
        <CopyFromProcess>N</CopyFromProcess>
        <AD_Process_UU>fbae5174-2926-4c50-84be-a7e6ad189598</AD_Process_UU>
        <AD_CtxHelp_ID reference="id"/>
        <ExecutionType/>
        <AllowMultipleExecution>Y</AllowMultipleExecution>
        <FileNamePattern/>
        <AD_Process_Trl type="translation">
            <Description>Ajustar Modo de Contabilidad (Q/D/I)</Description>
            <Help>&lt;p&gt;
Este proceso permite configurar el valor del parámetro &lt;strong&gt;CLIENT_ACCOUNTING&lt;/strong&gt; en la tabla &lt;code&gt;AD_SysConfig&lt;/code&gt; para un cliente específico, incluyendo el cliente &lt;em&gt;System (ID = 0)&lt;/em&gt;.
&lt;/p&gt;

&lt;p&gt;&lt;strong&gt;Parámetros del proceso:&lt;/strong&gt;&lt;/p&gt;
&lt;ul&gt;
  &lt;li&gt;&lt;strong&gt;Cliente (AD_Client_ID):&lt;/strong&gt; Cliente al que se aplicará la configuración. Puede ser cualquier cliente del sistema, incluyendo el cliente System.&lt;/li&gt;
  &lt;li&gt;&lt;strong&gt;Modo de Contabilidad del Cliente (ClientAccounting_Mode):&lt;/strong&gt; Define el comportamiento de la contabilidad para el cliente. Los valores posibles son:
    &lt;ul&gt;
      &lt;li&gt;&lt;strong&gt;Q&lt;/strong&gt;: &lt;em&gt;Asíncrono / (Q) En cola&lt;/em&gt; – Las tareas contables se encolan para su ejecución posterior.&lt;/li&gt;
      &lt;li&gt;&lt;strong&gt;I&lt;/strong&gt;: &lt;em&gt;Inmediato&lt;/em&gt; – Las tareas contables se ejecutan en el momento.&lt;/li&gt;
      &lt;li&gt;&lt;strong&gt;D&lt;/strong&gt;: &lt;em&gt;Desactivado&lt;/em&gt; – La contabilidad para el cliente queda deshabilitada.&lt;/li&gt;
    &lt;/ul&gt;
  &lt;/li&gt;
&lt;/ul&gt;

&lt;p&gt;
Si ya existe un registro en &lt;code&gt;AD_SysConfig&lt;/code&gt; con el nombre &lt;code&gt;CLIENT_ACCOUNTING&lt;/code&gt; para el cliente seleccionado, se actualizará su valor. En caso contrario, se insertará un nuevo registro.
&lt;/p&gt;

&lt;p&gt;&lt;em&gt;Este proceso debe ser ejecutado por usuarios con permisos administrativos.&lt;/em&gt;&lt;/p&gt;
</Help>
            <Name>Ajustar Modo de Contabilidad</Name>
            <AD_Language>es_CO</AD_Language>
            <IsActive>Y</IsActive>
            <IsTranslated>N</IsTranslated>
        </AD_Process_Trl>
        <AD_Process_Trl type="translation">
            <Description>Ajustar Modo de Contabilidad (Q/D/I)</Description>
            <Help>&lt;p&gt;
Este proceso permite configurar el valor del parámetro &lt;strong&gt;CLIENT_ACCOUNTING&lt;/strong&gt; en la tabla &lt;code&gt;AD_SysConfig&lt;/code&gt; para un cliente específico, incluyendo el cliente &lt;em&gt;System (ID = 0)&lt;/em&gt;.
&lt;/p&gt;

&lt;p&gt;&lt;strong&gt;Parámetros del proceso:&lt;/strong&gt;&lt;/p&gt;
&lt;ul&gt;
  &lt;li&gt;&lt;strong&gt;Cliente (AD_Client_ID):&lt;/strong&gt; Cliente al que se aplicará la configuración. Puede ser cualquier cliente del sistema, incluyendo el cliente System.&lt;/li&gt;
  &lt;li&gt;&lt;strong&gt;Modo de Contabilidad del Cliente (ClientAccounting_Mode):&lt;/strong&gt; Define el comportamiento de la contabilidad para el cliente. Los valores posibles son:
    &lt;ul&gt;
      &lt;li&gt;&lt;strong&gt;Q&lt;/strong&gt;: &lt;em&gt;Asíncrono / (Q) En cola&lt;/em&gt; – Las tareas contables se encolan para su ejecución posterior.&lt;/li&gt;
      &lt;li&gt;&lt;strong&gt;I&lt;/strong&gt;: &lt;em&gt;Inmediato&lt;/em&gt; – Las tareas contables se ejecutan en el momento.&lt;/li&gt;
      &lt;li&gt;&lt;strong&gt;D&lt;/strong&gt;: &lt;em&gt;Desactivado&lt;/em&gt; – La contabilidad para el cliente queda deshabilitada.&lt;/li&gt;
    &lt;/ul&gt;
  &lt;/li&gt;
&lt;/ul&gt;

&lt;p&gt;
Si ya existe un registro en &lt;code&gt;AD_SysConfig&lt;/code&gt; con el nombre &lt;code&gt;CLIENT_ACCOUNTING&lt;/code&gt; para el cliente seleccionado, se actualizará su valor. En caso contrario, se insertará un nuevo registro.
&lt;/p&gt;

&lt;p&gt;&lt;em&gt;Este proceso debe ser ejecutado por usuarios con permisos administrativos.&lt;/em&gt;&lt;/p&gt;
</Help>
            <Name>Ajustar Modo de Contabilidad</Name>
            <AD_Language>es_PY</AD_Language>
            <IsActive>Y</IsActive>
            <IsTranslated>N</IsTranslated>
        </AD_Process_Trl>
        <AD_Process_Para type="table">
            <AD_Client_ID>0</AD_Client_ID>
            <AD_Org_ID>0</AD_Org_ID>
            <IsActive>Y</IsActive>
            <Name>Client</Name>
            <Description>Client/Tenant for this installation.</Description>
            <Help>A Client is a company or a legal entity. You cannot share data between Clients. Tenant is a synonym for Client.</Help>
            <AD_Process_ID reference="uuid" reference-key="AD_Process">fbae5174-2926-4c50-84be-a7e6ad189598</AD_Process_ID>
            <SeqNo>10</SeqNo>
            <AD_Reference_ID reference="id">18</AD_Reference_ID>
            <AD_Reference_Value_ID reference="id">200144</AD_Reference_Value_ID>
            <IsRange>N</IsRange>
            <AD_Val_Rule_ID reference="id"/>
            <FieldLength>0</FieldLength>
            <IsMandatory>Y</IsMandatory>
            <DefaultValue>0</DefaultValue>
            <VFormat/>
            <ValueMin/>
            <ValueMax/>
            <ColumnName>AD_Client_ID</ColumnName>
            <DefaultValue2/>
            <IsCentrallyMaintained>Y</IsCentrallyMaintained>
            <EntityType>AMERP</EntityType>
            <AD_Element_ID reference="id">102</AD_Element_ID>
            <ReadOnlyLogic/>
            <DisplayLogic/>
            <AD_Process_Para_UU>c93bc77b-e8af-44f7-a146-db4d90afded8</AD_Process_Para_UU>
            <IsEncrypted>N</IsEncrypted>
            <MandatoryLogic/>
            <Query/>
            <AD_FieldGroup_ID reference="id"/>
            <Placeholder/>
            <Placeholder2/>
            <IsAutocomplete>N</IsAutocomplete>
            <DateRangeOption>D</DateRangeOption>
            <IsShowNegateButton>N</IsShowNegateButton>
            <AD_Process_Para_Trl type="translation">
                <Description>Grupo Empresarial para esta instalación</Description>
                <Help>Grupo Empresarial. No se pueden compartir datos entre diferentes grupos empresariales.</Help>
                <Name>Grupo Empresarial</Name>
                <Placeholder/>
                <Placeholder2/>
                <AD_Language>es_CO</AD_Language>
                <IsActive>Y</IsActive>
                <IsTranslated>Y</IsTranslated>
            </AD_Process_Para_Trl>
            <AD_Process_Para_Trl type="translation">
                <Description>Grupo Empresarial para esta instalación</Description>
                <Help>Grupo Empresarial. No se pueden compartir datos entre diferentes grupos empresariales.</Help>
                <Name>Grupo Empresarial</Name>
                <Placeholder/>
                <Placeholder2/>
                <AD_Language>es_PY</AD_Language>
                <IsActive>Y</IsActive>
                <IsTranslated>N</IsTranslated>
            </AD_Process_Para_Trl>
        </AD_Process_Para>
        <AD_Process_Para type="table">
            <AD_Client_ID>0</AD_Client_ID>
            <AD_Org_ID>0</AD_Org_ID>
            <IsActive>Y</IsActive>
            <Name>Client Accounting Mode</Name>
            <Description>Client Accounting Mode</Description>
            <Help/>
            <AD_Process_ID reference="uuid" reference-key="AD_Process">fbae5174-2926-4c50-84be-a7e6ad189598</AD_Process_ID>
            <SeqNo>20</SeqNo>
            <AD_Reference_ID reference="id">17</AD_Reference_ID>
            <AD_Reference_Value_ID reference="uuid" reference-key="AD_Reference">1a869817-a0f1-480f-bf71-b7a70a9ed715</AD_Reference_Value_ID>
            <IsRange>N</IsRange>
            <AD_Val_Rule_ID reference="id"/>
            <FieldLength>0</FieldLength>
            <IsMandatory>Y</IsMandatory>
            <DefaultValue>I</DefaultValue>
            <VFormat/>
            <ValueMin/>
            <ValueMax/>
            <ColumnName>ClientAccountingMode</ColumnName>
            <DefaultValue2/>
            <IsCentrallyMaintained>N</IsCentrallyMaintained>
            <EntityType>U</EntityType>
            <AD_Element_ID reference="id"/>
            <ReadOnlyLogic/>
            <DisplayLogic/>
            <AD_Process_Para_UU>44b797d6-c226-4de9-b597-b16a995dfd8c</AD_Process_Para_UU>
            <IsEncrypted>N</IsEncrypted>
            <MandatoryLogic/>
            <Query/>
            <AD_FieldGroup_ID reference="id"/>
            <Placeholder/>
            <Placeholder2/>
            <IsAutocomplete>N</IsAutocomplete>
            <DateRangeOption>D</DateRangeOption>
            <IsShowNegateButton>N</IsShowNegateButton>
            <AD_Process_Para_Trl type="translation">
                <Description>Client Accounting Mode</Description>
                <Help/>
                <Name>Client Accounting Mode</Name>
                <Placeholder/>
                <Placeholder2/>
                <AD_Language>es_CO</AD_Language>
                <IsActive>Y</IsActive>
                <IsTranslated>N</IsTranslated>
            </AD_Process_Para_Trl>
            <AD_Process_Para_Trl type="translation">
                <Description>Client Accounting Mode</Description>
                <Help/>
                <Name>Client Accounting Mode</Name>
                <Placeholder/>
                <Placeholder2/>
                <AD_Language>es_PY</AD_Language>
                <IsActive>Y</IsActive>
                <IsTranslated>Y</IsTranslated>
            </AD_Process_Para_Trl>
        </AD_Process_Para>
    </AD_Process>
    <AD_Menu type="table">
        <Parent_ID reference="uuid" reference-key="AD_Menu">6f463040-49e9-444a-9cf2-2c8d1ba916fa</Parent_ID>
        <SeqNo>11</SeqNo>
        <AD_Client_ID>0</AD_Client_ID>
        <AD_Org_ID>0</AD_Org_ID>
        <Name>Amper Set Client Accounting Mode</Name>
        <Description>Amper Period Create Process</Description>
        <Action>P</Action>
        <AD_Window_ID reference="id"/>
        <AD_Workflow_ID reference="id"/>
        <AD_Task_ID reference="id"/>
        <IsActive>Y</IsActive>
        <IsSummary>N</IsSummary>
        <AD_Process_ID reference="uuid" reference-key="AD_Process">fbae5174-2926-4c50-84be-a7e6ad189598</AD_Process_ID>
        <IsSOTrx>N</IsSOTrx>
        <AD_Form_ID reference="id"/>
        <IsReadOnly>N</IsReadOnly>
        <EntityType>AMERP</EntityType>
        <IsCentrallyMaintained>Y</IsCentrallyMaintained>
        <AD_Menu_UU>30c621e8-6e6d-4b8d-bf84-2811320d9b77</AD_Menu_UU>
        <AD_InfoWindow_ID reference="id"/>
        <PredefinedContextVariables/>
        <AD_Menu_Trl type="translation">
            <Description>Ajustar Modo de Contabilidad (Q/D/I)</Description>
            <Name>Ajustar Modo de Contabilidad</Name>
            <AD_Language>es_PY</AD_Language>
            <IsActive>Y</IsActive>
            <IsTranslated>N</IsTranslated>
        </AD_Menu_Trl>
        <AD_Menu_Trl type="translation">
            <Description>Ajustar Modo de Contabilidad (Q/D/I)</Description>
            <Name>Ajustar Modo de Contabilidad</Name>
            <AD_Language>es_CO</AD_Language>
            <IsActive>Y</IsActive>
            <IsTranslated>N</IsTranslated>
        </AD_Menu_Trl>
    </AD_Menu>
    <AD_Package_Exp type="table">
        <AD_Client_ID>0</AD_Client_ID>
        <AD_Org_ID>0</AD_Org_ID>
        <AD_Package_Type>X</AD_Package_Type>
        <EMail/>
        <Instructions/>
        <Name>AMERPSOFT Personnel and Payroll R11 Accounting</Name>
        <Processed>N</Processed>
        <ReleaseNo/>
        <Version/>
        <UserName/>
        <Processing>N</Processing>
        <PK_Version>11</PK_Version>
        <IsActive>Y</IsActive>
        <File_Directory/>
        <Description>Release 11 Addittional changes on Processes for Accounting</Description>
        <AD_Package_Exp_UU>0fcf15ee-93cb-4672-a78e-3874ce051c3f</AD_Package_Exp_UU>
        <DateFrom/>
        <IsExportDictionaryEntity>N</IsExportDictionaryEntity>
        <AD_Package_Exp_Detail type="table">
            <AD_Client_ID>0</AD_Client_ID>
            <AD_Org_ID>0</AD_Org_ID>
            <AD_Form_ID reference="id"/>
            <AD_ImpFormat_ID reference="id"/>
            <AD_Menu_ID reference="id"/>
            <AD_Process_ID reference="id"/>
            <AD_Role_ID reference="id"/>
            <AD_Window_ID reference="id"/>
            <AD_Workflow_ID reference="id"/>
            <IsActive>Y</IsActive>
            <File_Directory/>
            <FileName/>
            <Destination_FileName/>
            <Destination_Directory/>
            <Description/>
            <DBType>ALL</DBType>
            <Type>REF</Type>
            <Target_Directory/>
            <SQLStatement/>
            <ReleaseNo/>
            <Processing>N</Processing>
            <Processed>N</Processed>
            <Name2/>
            <Line>100</Line>
            <AD_Table_ID reference="id"/>
            <AD_ReportView_ID reference="id"/>
            <AD_Package_Exp_ID reference="uuid" reference-key="AD_Package_Exp">0fcf15ee-93cb-4672-a78e-3874ce051c3f</AD_Package_Exp_ID>
            <AD_Package_Code_New/>
            <AD_Package_Code_Old/>
            <AD_Val_Rule_ID reference="id"/>
            <AD_Message_ID reference="id"/>
            <AD_PrintFormat_ID reference="id"/>
            <AD_Reference_ID reference="uuid" reference-key="AD_Reference">1a869817-a0f1-480f-bf71-b7a70a9ed715</AD_Reference_ID>
            <AD_ModelValidator_ID reference="id"/>
            <AD_EntityType_ID reference="id"/>
            <AD_Package_Exp_Detail_UU>d726f251-9812-423b-83df-6661ba8cefa4</AD_Package_Exp_Detail_UU>
            <AD_InfoWindow_ID reference="id"/>
            <ExecCode/>
        </AD_Package_Exp_Detail>
        <AD_Package_Exp_Detail type="table">
            <AD_Client_ID>0</AD_Client_ID>
            <AD_Org_ID>0</AD_Org_ID>
            <AD_Form_ID reference="id"/>
            <AD_ImpFormat_ID reference="id"/>
            <AD_Menu_ID reference="id"/>
            <AD_Process_ID reference="id"/>
            <AD_Role_ID reference="id"/>
            <AD_Window_ID reference="id"/>
            <AD_Workflow_ID reference="id"/>
            <IsActive>Y</IsActive>
            <File_Directory/>
            <FileName/>
            <Destination_FileName/>
            <Destination_Directory/>
            <Description/>
            <DBType>ALL</DBType>
            <Type>D</Type>
            <Target_Directory/>
            <SQLStatement>SELECT * FROM AD_Package_Exp WHERE AD_Package_Exp_UU='0fcf15ee-93cb-4672-a78e-3874ce051c3f';AD_Package_Exp_Detail</SQLStatement>
            <ReleaseNo/>
            <Processing>N</Processing>
            <Processed>N</Processed>
            <Name2/>
            <Line>10000</Line>
            <AD_Table_ID reference="id">50005</AD_Table_ID>
            <AD_ReportView_ID reference="id"/>
            <AD_Package_Exp_ID reference="uuid" reference-key="AD_Package_Exp">0fcf15ee-93cb-4672-a78e-3874ce051c3f</AD_Package_Exp_ID>
            <AD_Package_Code_New/>
            <AD_Package_Code_Old/>
            <AD_Val_Rule_ID reference="id"/>
            <AD_Message_ID reference="id"/>
            <AD_PrintFormat_ID reference="id"/>
            <AD_Reference_ID reference="id"/>
            <AD_ModelValidator_ID reference="id"/>
            <AD_EntityType_ID reference="id"/>
            <AD_Package_Exp_Detail_UU>cce2673a-d8bd-4e76-b00b-bc3d78722e17</AD_Package_Exp_Detail_UU>
            <AD_InfoWindow_ID reference="id"/>
            <ExecCode/>
        </AD_Package_Exp_Detail>
        <AD_Package_Exp_Detail type="table">
            <AD_Client_ID>0</AD_Client_ID>
            <AD_Org_ID>0</AD_Org_ID>
            <AD_Form_ID reference="id"/>
            <AD_ImpFormat_ID reference="id"/>
            <AD_Menu_ID reference="id"/>
            <AD_Process_ID reference="uuid" reference-key="AD_Process">fbae5174-2926-4c50-84be-a7e6ad189598</AD_Process_ID>
            <AD_Role_ID reference="id"/>
            <AD_Window_ID reference="id"/>
            <AD_Workflow_ID reference="id"/>
            <IsActive>Y</IsActive>
            <File_Directory/>
            <FileName/>
            <Destination_FileName/>
            <Destination_Directory/>
            <Description/>
            <DBType>ALL</DBType>
            <Type>P</Type>
            <Target_Directory/>
            <SQLStatement/>
            <ReleaseNo/>
            <Processing>N</Processing>
            <Processed>N</Processed>
            <Name2/>
            <Line>1000</Line>
            <AD_Table_ID reference="id"/>
            <AD_ReportView_ID reference="id"/>
            <AD_Package_Exp_ID reference="uuid" reference-key="AD_Package_Exp">0fcf15ee-93cb-4672-a78e-3874ce051c3f</AD_Package_Exp_ID>
            <AD_Package_Code_New/>
            <AD_Package_Code_Old/>
            <AD_Val_Rule_ID reference="id"/>
            <AD_Message_ID reference="id"/>
            <AD_PrintFormat_ID reference="id"/>
            <AD_Reference_ID reference="id"/>
            <AD_ModelValidator_ID reference="id"/>
            <AD_EntityType_ID reference="id"/>
            <AD_Package_Exp_Detail_UU>7d460d5f-6139-44d5-b5d9-3a637751c745</AD_Package_Exp_Detail_UU>
            <AD_InfoWindow_ID reference="id"/>
            <ExecCode/>
        </AD_Package_Exp_Detail>
        <AD_Package_Exp_Detail type="table">
            <AD_Client_ID>0</AD_Client_ID>
            <AD_Org_ID>0</AD_Org_ID>
            <AD_Form_ID reference="id"/>
            <AD_ImpFormat_ID reference="id"/>
            <AD_Menu_ID reference="uuid" reference-key="AD_Menu">30c621e8-6e6d-4b8d-bf84-2811320d9b77</AD_Menu_ID>
            <AD_Process_ID reference="id"/>
            <AD_Role_ID reference="id"/>
            <AD_Window_ID reference="id"/>
            <AD_Workflow_ID reference="id"/>
            <IsActive>Y</IsActive>
            <File_Directory/>
            <FileName/>
            <Destination_FileName/>
            <Destination_Directory/>
            <Description/>
            <DBType>ALL</DBType>
            <Type>M</Type>
            <Target_Directory/>
            <SQLStatement/>
            <ReleaseNo/>
            <Processing>N</Processing>
            <Processed>N</Processed>
            <Name2/>
            <Line>9000</Line>
            <AD_Table_ID reference="id"/>
            <AD_ReportView_ID reference="id"/>
            <AD_Package_Exp_ID reference="uuid" reference-key="AD_Package_Exp">0fcf15ee-93cb-4672-a78e-3874ce051c3f</AD_Package_Exp_ID>
            <AD_Package_Code_New/>
            <AD_Package_Code_Old/>
            <AD_Val_Rule_ID reference="id"/>
            <AD_Message_ID reference="id"/>
            <AD_PrintFormat_ID reference="id"/>
            <AD_Reference_ID reference="id"/>
            <AD_ModelValidator_ID reference="id"/>
            <AD_EntityType_ID reference="id"/>
            <AD_Package_Exp_Detail_UU>17e42c3f-1d42-4f1a-8a35-b0f08ef8d082</AD_Package_Exp_Detail_UU>
            <AD_InfoWindow_ID reference="id"/>
            <ExecCode/>
        </AD_Package_Exp_Detail>
    </AD_Package_Exp>
</idempiere>
