<?xml version="1.0" encoding="UTF-8"?><idempiere Name="AMERPSOFT Personnel and Payroll ToolBar Buttons" Version="11" idempiereVersion="" DataBaseVersion="" Description="" Author="" AuthorEmail="" CreatedDate="2024-07-05 11:41:33.081" UpdatedDate="2024-07-05 11:41:33.081" PackOutVersion="100" UpdateDictionary="false" Client="0-SYSTEM-System" AD_Client_UU="11237b53-9592-4af1-b3c5-afd216514b5d">
    <AD_ToolBarButton type="table">
        <AD_Client_ID>0</AD_Client_ID>
        <AD_Org_ID>0</AD_Org_ID>
        <ComponentName>Amper Period Create Process for Assist Period</ComponentName>
        <IsActive>Y</IsActive>
        <Name>Amper Period Create Process for Assist Period</Name>
        <IsCustomization>N</IsCustomization>
        <ActionClassName/>
        <ActionName/>
        <KeyStroke_KeyCode/>
        <KeyStroke_Modifiers/>
        <AD_ToolBarButton_UU>746f2f3b-12f0-4da9-b5cb-84a7510981d6</AD_ToolBarButton_UU>
        <Action>W</Action>
        <AD_Tab_ID reference="uuid" reference-key="AD_Tab">69e0e0c3-f075-4484-9a70-fc5ddea63834</AD_Tab_ID>
        <AD_Process_ID reference="uuid" reference-key="AD_Process">ebfbfb91-5aa4-4023-85a4-3926932f313e</AD_Process_ID>
        <DisplayLogic/>
        <SeqNo>10</SeqNo>
        <IsAdvancedButton>N</IsAdvancedButton>
        <IsAddSeparator>N</IsAddSeparator>
        <ReadOnlyLogic/>
        <PressedLogic/>
        <EntityType>MOLI</EntityType>
        <IsShowMore>N</IsShowMore>
    </AD_ToolBarButton>
    <AD_ToolBarButton type="table">
        <AD_Client_ID>0</AD_Client_ID>
        <AD_Org_ID>0</AD_Org_ID>
        <ComponentName>Amper Payroll Process Payroll Attendance One Day</ComponentName>
        <IsActive>Y</IsActive>
        <Name>Amper Payroll Process Payroll Attendance One Day</Name>
        <IsCustomization>Y</IsCustomization>
        <ActionClassName/>
        <ActionName>Amper Payroll Process Payroll Attendance One Day</ActionName>
        <KeyStroke_KeyCode>0</KeyStroke_KeyCode>
        <KeyStroke_Modifiers>0</KeyStroke_Modifiers>
        <AD_ToolBarButton_UU>b7af8b40-79df-4a5b-81de-a9446dfe7cc6</AD_ToolBarButton_UU>
        <Action>W</Action>
        <AD_Tab_ID reference="uuid" reference-key="AD_Tab">7e405c6b-c0b7-4694-9a8e-886e53c9d5b7</AD_Tab_ID>
        <AD_Process_ID reference="uuid" reference-key="AD_Process">0d13c4b5-e16c-40b7-987e-4b337c311cef</AD_Process_ID>
        <DisplayLogic/>
        <SeqNo>10</SeqNo>
        <IsAdvancedButton>N</IsAdvancedButton>
        <IsAddSeparator>N</IsAddSeparator>
        <ReadOnlyLogic/>
        <PressedLogic/>
        <EntityType>U</EntityType>
        <IsShowMore>N</IsShowMore>
    </AD_ToolBarButton>
    <AD_ToolBarButton type="table">
        <AD_Client_ID>0</AD_Client_ID>
        <AD_Org_ID>0</AD_Org_ID>
        <ComponentName>Amper Payroll Complete and Accounting Docs</ComponentName>
        <IsActive>Y</IsActive>
        <Name>Amper Payroll Complete and Accounting Docs</Name>
        <IsCustomization>Y</IsCustomization>
        <ActionClassName/>
        <ActionName>Amper Payroll Complete Docs for this Period</ActionName>
        <KeyStroke_KeyCode>0</KeyStroke_KeyCode>
        <KeyStroke_Modifiers>0</KeyStroke_Modifiers>
        <AD_ToolBarButton_UU>777fa9fc-1b7a-4003-8245-2521b6ee676b</AD_ToolBarButton_UU>
        <Action>W</Action>
        <AD_Tab_ID reference="uuid" reference-key="AD_Tab">add97417-b40a-4f67-a3c3-60bbbac2e1b6</AD_Tab_ID>
        <AD_Process_ID reference="uuid" reference-key="AD_Process">54af4b9e-16c6-4233-839f-9f2e878ef2b0</AD_Process_ID>
        <DisplayLogic/>
        <SeqNo>10</SeqNo>
        <IsAdvancedButton>N</IsAdvancedButton>
        <IsAddSeparator>N</IsAddSeparator>
        <ReadOnlyLogic/>
        <PressedLogic/>
        <EntityType>AMERP</EntityType>
        <IsShowMore>N</IsShowMore>
    </AD_ToolBarButton>
    <AD_ToolBarButton type="table">
        <AD_Client_ID>0</AD_Client_ID>
        <AD_Org_ID>0</AD_Org_ID>
        <ComponentName>Amper Payroll Reactivate and UnAccounting Docs</ComponentName>
        <IsActive>Y</IsActive>
        <Name>Amper Payroll Reactivate and UnAccounting Docs</Name>
        <IsCustomization>Y</IsCustomization>
        <ActionClassName/>
        <ActionName>Amper Payroll Reactivate Docs for this Period</ActionName>
        <KeyStroke_KeyCode>0</KeyStroke_KeyCode>
        <KeyStroke_Modifiers>0</KeyStroke_Modifiers>
        <AD_ToolBarButton_UU>2e5ed1e4-105a-4ecb-8d9c-a57d7f7614b3</AD_ToolBarButton_UU>
        <Action>W</Action>
        <AD_Tab_ID reference="uuid" reference-key="AD_Tab">add97417-b40a-4f67-a3c3-60bbbac2e1b6</AD_Tab_ID>
        <AD_Process_ID reference="uuid" reference-key="AD_Process">cb8202fc-f3d5-4d9f-9b46-7ca45e7945bf</AD_Process_ID>
        <DisplayLogic/>
        <SeqNo>20</SeqNo>
        <IsAdvancedButton>N</IsAdvancedButton>
        <IsAddSeparator>N</IsAddSeparator>
        <ReadOnlyLogic/>
        <PressedLogic/>
        <EntityType>AMERP</EntityType>
        <IsShowMore>N</IsShowMore>
    </AD_ToolBarButton>
    <AD_ToolBarButton type="table">
        <AD_Client_ID>0</AD_Client_ID>
        <AD_Org_ID>0</AD_Org_ID>
        <ComponentName>Amper Payroll Recalculate and Refresh Process One Period</ComponentName>
        <IsActive>Y</IsActive>
        <Name>Amper Payroll Recalculate and Refresh Process One Period</Name>
        <IsCustomization>Y</IsCustomization>
        <ActionClassName/>
        <ActionName>Amper Payroll Recalculate and Refresh Process One Period</ActionName>
        <KeyStroke_KeyCode>0</KeyStroke_KeyCode>
        <KeyStroke_Modifiers>0</KeyStroke_Modifiers>
        <AD_ToolBarButton_UU>e5dcd8b4-7ad6-42c4-98de-93a627f8f23e</AD_ToolBarButton_UU>
        <Action>W</Action>
        <AD_Tab_ID reference="uuid" reference-key="AD_Tab">add97417-b40a-4f67-a3c3-60bbbac2e1b6</AD_Tab_ID>
        <AD_Process_ID reference="uuid" reference-key="AD_Process">fe57e3b6-ad10-40d4-8033-d098117ace9b</AD_Process_ID>
        <DisplayLogic/>
        <SeqNo>5</SeqNo>
        <IsAdvancedButton>N</IsAdvancedButton>
        <IsAddSeparator>N</IsAddSeparator>
        <ReadOnlyLogic/>
        <PressedLogic/>
        <EntityType>AMERP</EntityType>
        <IsShowMore>N</IsShowMore>
    </AD_ToolBarButton>
    <AD_ToolBarButton type="table">
        <AD_Client_ID>0</AD_Client_ID>
        <AD_Org_ID>0</AD_Org_ID>
        <ComponentName>Attendance Period Create</ComponentName>
        <IsActive>Y</IsActive>
        <Name>Attendance Period Create</Name>
        <IsCustomization>Y</IsCustomization>
        <ActionClassName/>
        <ActionName>Amper Period Create Process for Assist Period</ActionName>
        <KeyStroke_KeyCode>0</KeyStroke_KeyCode>
        <KeyStroke_Modifiers>0</KeyStroke_Modifiers>
        <AD_ToolBarButton_UU>c7c3fd2a-506f-4fd1-9b1b-c5c200e6718f</AD_ToolBarButton_UU>
        <Action>W</Action>
        <AD_Tab_ID reference="uuid" reference-key="AD_Tab">69e0e0c3-f075-4484-9a70-fc5ddea63834</AD_Tab_ID>
        <AD_Process_ID reference="uuid" reference-key="AD_Process">ebfbfb91-5aa4-4023-85a4-3926932f313e</AD_Process_ID>
        <DisplayLogic/>
        <SeqNo>10</SeqNo>
        <IsAdvancedButton>N</IsAdvancedButton>
        <IsAddSeparator>N</IsAddSeparator>
        <ReadOnlyLogic/>
        <PressedLogic/>
        <EntityType>U</EntityType>
        <IsShowMore>N</IsShowMore>
    </AD_ToolBarButton>
    <AD_ToolBarButton type="table">
        <AD_Client_ID>0</AD_Client_ID>
        <AD_Org_ID>0</AD_Org_ID>
        <ComponentName>Period Create for Social Benefits</ComponentName>
        <IsActive>Y</IsActive>
        <Name>Period Create for Social Benefits</Name>
        <IsCustomization>Y</IsCustomization>
        <ActionClassName/>
        <ActionName>Amper Period Create Process</ActionName>
        <KeyStroke_KeyCode>0</KeyStroke_KeyCode>
        <KeyStroke_Modifiers>0</KeyStroke_Modifiers>
        <AD_ToolBarButton_UU>104b704e-963a-492b-880c-5708605866a7</AD_ToolBarButton_UU>
        <Action>W</Action>
        <AD_Tab_ID reference="uuid" reference-key="AD_Tab">f942178d-cabe-41e1-9fa0-71459bbf41cd</AD_Tab_ID>
        <AD_Process_ID reference="uuid" reference-key="AD_Process">509b0aa7-2fb6-4770-8cdd-d7de55088e89</AD_Process_ID>
        <DisplayLogic/>
        <SeqNo>10</SeqNo>
        <IsAdvancedButton>N</IsAdvancedButton>
        <IsAddSeparator>N</IsAddSeparator>
        <ReadOnlyLogic/>
        <PressedLogic/>
        <EntityType>U</EntityType>
        <IsShowMore>N</IsShowMore>
    </AD_ToolBarButton>
    <AD_ToolBarButton type="table">
        <AD_Client_ID>0</AD_Client_ID>
        <AD_Org_ID>0</AD_Org_ID>
        <ComponentName>Amper Payroll Process Payroll Deferred for NN One Employee</ComponentName>
        <IsActive>Y</IsActive>
        <Name>Amper Payroll Process Payroll Deferred for NN One Employee</Name>
        <IsCustomization>N</IsCustomization>
        <ActionClassName/>
        <ActionName/>
        <KeyStroke_KeyCode/>
        <KeyStroke_Modifiers/>
        <AD_ToolBarButton_UU>1cfce446-120d-4cba-88bb-c5a7e0f97842</AD_ToolBarButton_UU>
        <Action>W</Action>
        <AD_Tab_ID reference="uuid" reference-key="AD_Tab">5b7deb45-089e-4a6b-99b1-2aa2d3f9156e</AD_Tab_ID>
        <AD_Process_ID reference="uuid" reference-key="AD_Process">13f91303-775c-433f-8567-62ec5126c128</AD_Process_ID>
        <DisplayLogic>@DocStatus@='DR'</DisplayLogic>
        <SeqNo>20</SeqNo>
        <IsAdvancedButton>N</IsAdvancedButton>
        <IsAddSeparator>N</IsAddSeparator>
        <ReadOnlyLogic/>
        <PressedLogic/>
        <EntityType>U</EntityType>
        <IsShowMore>N</IsShowMore>
    </AD_ToolBarButton>
    <AD_ToolBarButton type="table">
        <AD_Client_ID>0</AD_Client_ID>
        <AD_Org_ID>0</AD_Org_ID>
        <ComponentName>Amper Payroll Process Payroll Deferred for NU One Employee</ComponentName>
        <IsActive>Y</IsActive>
        <Name>Amper Payroll Process Payroll Deferred for NU One Employee</Name>
        <IsCustomization>N</IsCustomization>
        <ActionClassName/>
        <ActionName/>
        <KeyStroke_KeyCode/>
        <KeyStroke_Modifiers/>
        <AD_ToolBarButton_UU>ae47a8b8-c46f-4554-b26a-6179ac4088f2</AD_ToolBarButton_UU>
        <Action>W</Action>
        <AD_Tab_ID reference="uuid" reference-key="AD_Tab">5b7deb45-089e-4a6b-99b1-2aa2d3f9156e</AD_Tab_ID>
        <AD_Process_ID reference="uuid" reference-key="AD_Process">7c6a42a2-152a-49b3-8eab-b5c4b0606baf</AD_Process_ID>
        <DisplayLogic>@DocStatus@='DR'</DisplayLogic>
        <SeqNo>30</SeqNo>
        <IsAdvancedButton>N</IsAdvancedButton>
        <IsAddSeparator>N</IsAddSeparator>
        <ReadOnlyLogic/>
        <PressedLogic/>
        <EntityType>U</EntityType>
        <IsShowMore>N</IsShowMore>
    </AD_ToolBarButton>
    <AD_ToolBarButton type="table">
        <AD_Client_ID>0</AD_Client_ID>
        <AD_Org_ID>0</AD_Org_ID>
        <ComponentName>Amper Payroll Process Payroll Deferred for NV One Employee</ComponentName>
        <IsActive>Y</IsActive>
        <Name>Amper Payroll Process Payroll Deferred for NV One Employee</Name>
        <IsCustomization>N</IsCustomization>
        <ActionClassName/>
        <ActionName/>
        <KeyStroke_KeyCode/>
        <KeyStroke_Modifiers/>
        <AD_ToolBarButton_UU>a352486f-88f9-43e9-8757-3bbdbbc47ae8</AD_ToolBarButton_UU>
        <Action>W</Action>
        <AD_Tab_ID reference="uuid" reference-key="AD_Tab">5b7deb45-089e-4a6b-99b1-2aa2d3f9156e</AD_Tab_ID>
        <AD_Process_ID reference="uuid" reference-key="AD_Process">1d5b498d-dcbe-4cc5-91e6-68327185a3d1</AD_Process_ID>
        <DisplayLogic>@DocStatus@='DR'</DisplayLogic>
        <SeqNo>40</SeqNo>
        <IsAdvancedButton>N</IsAdvancedButton>
        <IsAddSeparator>N</IsAddSeparator>
        <ReadOnlyLogic/>
        <PressedLogic/>
        <EntityType>U</EntityType>
        <IsShowMore>N</IsShowMore>
    </AD_ToolBarButton>
    <AD_ToolBarButton type="table">
        <AD_Client_ID>0</AD_Client_ID>
        <AD_Org_ID>0</AD_Org_ID>
        <ComponentName>Amper Payroll Process Payroll Deferred for TI One Employee</ComponentName>
        <IsActive>Y</IsActive>
        <Name>Amper Payroll Process Payroll Deferred for TI One Employee</Name>
        <IsCustomization>N</IsCustomization>
        <ActionClassName/>
        <ActionName/>
        <KeyStroke_KeyCode/>
        <KeyStroke_Modifiers/>
        <AD_ToolBarButton_UU>e95cb4d5-dc85-4a7d-b18f-a778a64729b9</AD_ToolBarButton_UU>
        <Action>W</Action>
        <AD_Tab_ID reference="uuid" reference-key="AD_Tab">5b7deb45-089e-4a6b-99b1-2aa2d3f9156e</AD_Tab_ID>
        <AD_Process_ID reference="uuid" reference-key="AD_Process">5c30c7a1-6cfd-4e0c-b2f0-37883d425c5e</AD_Process_ID>
        <DisplayLogic>@DocStatus@='DR'</DisplayLogic>
        <SeqNo>50</SeqNo>
        <IsAdvancedButton>N</IsAdvancedButton>
        <IsAddSeparator>N</IsAddSeparator>
        <ReadOnlyLogic/>
        <PressedLogic/>
        <EntityType>U</EntityType>
        <IsShowMore>N</IsShowMore>
    </AD_ToolBarButton>
    <AD_ToolBarButton type="table">
        <AD_Client_ID>0</AD_Client_ID>
        <AD_Org_ID>0</AD_Org_ID>
        <ComponentName>Amper Payroll Complete One Doc for this Period</ComponentName>
        <IsActive>Y</IsActive>
        <Name>Amper Payroll Complete One Doc for this Period</Name>
        <IsCustomization>N</IsCustomization>
        <ActionClassName/>
        <ActionName/>
        <KeyStroke_KeyCode/>
        <KeyStroke_Modifiers/>
        <AD_ToolBarButton_UU>7848e7ac-63ec-4bfc-8dc0-156eb62552c9</AD_ToolBarButton_UU>
        <Action>W</Action>
        <AD_Tab_ID reference="uuid" reference-key="AD_Tab">5b7deb45-089e-4a6b-99b1-2aa2d3f9156e</AD_Tab_ID>
        <AD_Process_ID reference="uuid" reference-key="AD_Process">74312016-c027-4e08-8ee3-47d8e6148c11</AD_Process_ID>
        <DisplayLogic/>
        <SeqNo>60</SeqNo>
        <IsAdvancedButton>N</IsAdvancedButton>
        <IsAddSeparator>N</IsAddSeparator>
        <ReadOnlyLogic/>
        <PressedLogic/>
        <EntityType>U</EntityType>
        <IsShowMore>N</IsShowMore>
    </AD_ToolBarButton>
    <AD_ToolBarButton type="table">
        <AD_Client_ID>0</AD_Client_ID>
        <AD_Org_ID>0</AD_Org_ID>
        <ComponentName>Amper Payroll Reactivate One Doc for this Period</ComponentName>
        <IsActive>Y</IsActive>
        <Name>Amper Payroll Reactivate One Doc for this Period</Name>
        <IsCustomization>N</IsCustomization>
        <ActionClassName/>
        <ActionName/>
        <KeyStroke_KeyCode/>
        <KeyStroke_Modifiers/>
        <AD_ToolBarButton_UU>a2325508-7771-472d-837d-8ba773c206bf</AD_ToolBarButton_UU>
        <Action>W</Action>
        <AD_Tab_ID reference="uuid" reference-key="AD_Tab">5b7deb45-089e-4a6b-99b1-2aa2d3f9156e</AD_Tab_ID>
        <AD_Process_ID reference="uuid" reference-key="AD_Process">3e709036-bee4-49d8-b06d-218ffbee04ae</AD_Process_ID>
        <DisplayLogic/>
        <SeqNo>70</SeqNo>
        <IsAdvancedButton>N</IsAdvancedButton>
        <IsAddSeparator>N</IsAddSeparator>
        <ReadOnlyLogic/>
        <PressedLogic/>
        <EntityType>U</EntityType>
        <IsShowMore>N</IsShowMore>
    </AD_ToolBarButton>
    <AD_ToolBarButton type="table">
        <AD_Client_ID>0</AD_Client_ID>
        <AD_Org_ID>0</AD_Org_ID>
        <ComponentName>Payroll Refresh Recalculate</ComponentName>
        <IsActive>Y</IsActive>
        <Name>Payroll Refresh Recalculate</Name>
        <IsCustomization>N</IsCustomization>
        <ActionClassName/>
        <ActionName/>
        <KeyStroke_KeyCode/>
        <KeyStroke_Modifiers/>
        <AD_ToolBarButton_UU>827ac014-79f2-4ea9-9eec-aa4482611d3a</AD_ToolBarButton_UU>
        <Action>W</Action>
        <AD_Tab_ID reference="uuid" reference-key="AD_Tab">5e1593b4-4219-4ae0-a7c8-6260e8586d62</AD_Tab_ID>
        <AD_Process_ID reference="uuid" reference-key="AD_Process">c014aa8a-73a7-4ddf-abcf-71a82ee39f96</AD_Process_ID>
        <DisplayLogic/>
        <SeqNo>20</SeqNo>
        <IsAdvancedButton>N</IsAdvancedButton>
        <IsAddSeparator>N</IsAddSeparator>
        <ReadOnlyLogic/>
        <PressedLogic/>
        <EntityType>U</EntityType>
        <IsShowMore>N</IsShowMore>
    </AD_ToolBarButton>
    <AD_ToolBarButton type="table">
        <AD_Client_ID>0</AD_Client_ID>
        <AD_Org_ID>0</AD_Org_ID>
        <ComponentName>Process Payroll Attendance One Employee</ComponentName>
        <IsActive>Y</IsActive>
        <Name>Process Payroll Attendance One Employee</Name>
        <IsCustomization>N</IsCustomization>
        <ActionClassName/>
        <ActionName/>
        <KeyStroke_KeyCode/>
        <KeyStroke_Modifiers/>
        <AD_ToolBarButton_UU>362f4830-d522-459b-9b8d-a75f50508b24</AD_ToolBarButton_UU>
        <Action>W</Action>
        <AD_Tab_ID reference="uuid" reference-key="AD_Tab">5e1593b4-4219-4ae0-a7c8-6260e8586d62</AD_Tab_ID>
        <AD_Process_ID reference="uuid" reference-key="AD_Process">dfe711bc-79cc-45d8-bd6d-7cf470d71fdb</AD_Process_ID>
        <DisplayLogic>@AMN_Process_Value@='NN'</DisplayLogic>
        <SeqNo>30</SeqNo>
        <IsAdvancedButton>N</IsAdvancedButton>
        <IsAddSeparator>N</IsAddSeparator>
        <ReadOnlyLogic/>
        <PressedLogic/>
        <EntityType>U</EntityType>
        <IsShowMore>N</IsShowMore>
    </AD_ToolBarButton>
    <AD_ToolBarButton type="table">
        <AD_Client_ID>0</AD_Client_ID>
        <AD_Org_ID>0</AD_Org_ID>
        <ComponentName>Transfer Payroll Attendance One Employee</ComponentName>
        <IsActive>Y</IsActive>
        <Name>Transfer Payroll Attendance One Employee</Name>
        <IsCustomization>N</IsCustomization>
        <ActionClassName/>
        <ActionName/>
        <KeyStroke_KeyCode/>
        <KeyStroke_Modifiers/>
        <AD_ToolBarButton_UU>7dca8d84-06ff-437f-b60a-24767e474311</AD_ToolBarButton_UU>
        <Action>W</Action>
        <AD_Tab_ID reference="uuid" reference-key="AD_Tab">5e1593b4-4219-4ae0-a7c8-6260e8586d62</AD_Tab_ID>
        <AD_Process_ID reference="uuid" reference-key="AD_Process">469816b9-ef65-42f3-b605-40a37df56aed</AD_Process_ID>
        <DisplayLogic>@AMN_Process_Value@='NN'</DisplayLogic>
        <SeqNo>40</SeqNo>
        <IsAdvancedButton>N</IsAdvancedButton>
        <IsAddSeparator>N</IsAddSeparator>
        <ReadOnlyLogic/>
        <PressedLogic/>
        <EntityType>U</EntityType>
        <IsShowMore>N</IsShowMore>
    </AD_ToolBarButton>
    <AD_ToolBarButton type="table">
        <AD_Client_ID>0</AD_Client_ID>
        <AD_Org_ID>0</AD_Org_ID>
        <ComponentName>Payroll Receipt NN</ComponentName>
        <IsActive>Y</IsActive>
        <Name>Payroll Receipt NN</Name>
        <IsCustomization>N</IsCustomization>
        <ActionClassName/>
        <ActionName/>
        <KeyStroke_KeyCode/>
        <KeyStroke_Modifiers/>
        <AD_ToolBarButton_UU>0447a9fa-322e-44e0-8c9f-2ce33d9d0ec1</AD_ToolBarButton_UU>
        <Action>W</Action>
        <AD_Tab_ID reference="uuid" reference-key="AD_Tab">5e1593b4-4219-4ae0-a7c8-6260e8586d62</AD_Tab_ID>
        <AD_Process_ID reference="uuid" reference-key="AD_Process">e1683489-f685-4323-b199-0ebe83c84656</AD_Process_ID>
        <DisplayLogic>@AMN_Process_Value@='NN'</DisplayLogic>
        <SeqNo>50</SeqNo>
        <IsAdvancedButton>N</IsAdvancedButton>
        <IsAddSeparator>N</IsAddSeparator>
        <ReadOnlyLogic/>
        <PressedLogic/>
        <EntityType>U</EntityType>
        <IsShowMore>N</IsShowMore>
    </AD_ToolBarButton>
    <AD_ToolBarButton type="table">
        <AD_Client_ID>0</AD_Client_ID>
        <AD_Org_ID>0</AD_Org_ID>
        <ComponentName>Payroll Receipt NO</ComponentName>
        <IsActive>Y</IsActive>
        <Name>Payroll Receipt NO</Name>
        <IsCustomization>N</IsCustomization>
        <ActionClassName/>
        <ActionName/>
        <KeyStroke_KeyCode/>
        <KeyStroke_Modifiers/>
        <AD_ToolBarButton_UU>60a0f392-b4dc-4f26-a728-de317fe34d9d</AD_ToolBarButton_UU>
        <Action>W</Action>
        <AD_Tab_ID reference="uuid" reference-key="AD_Tab">5e1593b4-4219-4ae0-a7c8-6260e8586d62</AD_Tab_ID>
        <AD_Process_ID reference="uuid" reference-key="AD_Process">69332f5c-9912-43fa-85f5-77ac953fa203</AD_Process_ID>
        <DisplayLogic>@AMN_Process_Value@='NO'</DisplayLogic>
        <SeqNo>55</SeqNo>
        <IsAdvancedButton>N</IsAdvancedButton>
        <IsAddSeparator>N</IsAddSeparator>
        <ReadOnlyLogic/>
        <PressedLogic/>
        <EntityType>U</EntityType>
        <IsShowMore>N</IsShowMore>
    </AD_ToolBarButton>
    <AD_ToolBarButton type="table">
        <AD_Client_ID>0</AD_Client_ID>
        <AD_Org_ID>0</AD_Org_ID>
        <ComponentName>Amper Payroll Create Docs</ComponentName>
        <IsActive>Y</IsActive>
        <Name>Amper Payroll Create Docs</Name>
        <IsCustomization>N</IsCustomization>
        <ActionClassName/>
        <ActionName/>
        <KeyStroke_KeyCode/>
        <KeyStroke_Modifiers/>
        <AD_ToolBarButton_UU>1527d129-3b4b-4799-a5cb-a76379041472</AD_ToolBarButton_UU>
        <Action>W</Action>
        <AD_Tab_ID reference="uuid" reference-key="AD_Tab">6a819a55-714b-4306-be96-81c696b0e659</AD_Tab_ID>
        <AD_Process_ID reference="uuid" reference-key="AD_Process">3caf5c41-6bb7-42ee-8580-e5e6ac42f898</AD_Process_ID>
        <DisplayLogic>@AMN_Process_Value@='NN' | @AMN_Process_Value@='NU'  | @AMN_Process_Value@='TI'  | @AMN_Process_Value@='NO'</DisplayLogic>
        <SeqNo>10</SeqNo>
        <IsAdvancedButton>N</IsAdvancedButton>
        <IsAddSeparator>N</IsAddSeparator>
        <ReadOnlyLogic/>
        <PressedLogic/>
        <EntityType>AMERP</EntityType>
        <IsShowMore>N</IsShowMore>
    </AD_ToolBarButton>
    <AD_ToolBarButton type="table">
        <AD_Client_ID>0</AD_Client_ID>
        <AD_Org_ID>0</AD_Org_ID>
        <ComponentName>Amper Payroll Recalculate and Refresh Process One Period</ComponentName>
        <IsActive>Y</IsActive>
        <Name>Amper Payroll Recalculate and Refresh Process One Period</Name>
        <IsCustomization>N</IsCustomization>
        <ActionClassName/>
        <ActionName/>
        <KeyStroke_KeyCode/>
        <KeyStroke_Modifiers/>
        <AD_ToolBarButton_UU>073c7ea9-35df-418e-9d11-134ed190e052</AD_ToolBarButton_UU>
        <Action>W</Action>
        <AD_Tab_ID reference="uuid" reference-key="AD_Tab">6a819a55-714b-4306-be96-81c696b0e659</AD_Tab_ID>
        <AD_Process_ID reference="uuid" reference-key="AD_Process">fe57e3b6-ad10-40d4-8033-d098117ace9b</AD_Process_ID>
        <DisplayLogic/>
        <SeqNo>15</SeqNo>
        <IsAdvancedButton>N</IsAdvancedButton>
        <IsAddSeparator>N</IsAddSeparator>
        <ReadOnlyLogic/>
        <PressedLogic/>
        <EntityType>AMERP</EntityType>
        <IsShowMore>N</IsShowMore>
    </AD_ToolBarButton>
    <AD_ToolBarButton type="table">
        <AD_Client_ID>0</AD_Client_ID>
        <AD_Org_ID>0</AD_Org_ID>
        <ComponentName>Process Payroll Attendance One Period</ComponentName>
        <IsActive>Y</IsActive>
        <Name>Process Payroll Attendance One Period</Name>
        <IsCustomization>N</IsCustomization>
        <ActionClassName/>
        <ActionName/>
        <KeyStroke_KeyCode/>
        <KeyStroke_Modifiers/>
        <AD_ToolBarButton_UU>24e97447-4b1b-4d36-9a1a-37cb2b16d248</AD_ToolBarButton_UU>
        <Action>W</Action>
        <AD_Tab_ID reference="uuid" reference-key="AD_Tab">6a819a55-714b-4306-be96-81c696b0e659</AD_Tab_ID>
        <AD_Process_ID reference="uuid" reference-key="AD_Process">ae979f2b-111d-4701-9f0a-3f882e595c6b</AD_Process_ID>
        <DisplayLogic>@AMN_Process_Value@='NN'</DisplayLogic>
        <SeqNo>20</SeqNo>
        <IsAdvancedButton>N</IsAdvancedButton>
        <IsAddSeparator>N</IsAddSeparator>
        <ReadOnlyLogic/>
        <PressedLogic/>
        <EntityType>AMERP</EntityType>
        <IsShowMore>N</IsShowMore>
    </AD_ToolBarButton>
    <AD_ToolBarButton type="table">
        <AD_Client_ID>0</AD_Client_ID>
        <AD_Org_ID>0</AD_Org_ID>
        <ComponentName>Payroll Complete and Accounting One Document</ComponentName>
        <IsActive>Y</IsActive>
        <Name>Payroll Complete and Accounting One Document</Name>
        <IsCustomization>N</IsCustomization>
        <ActionClassName/>
        <ActionName/>
        <KeyStroke_KeyCode/>
        <KeyStroke_Modifiers/>
        <AD_ToolBarButton_UU>ff7682cb-f3b8-42c2-9099-df05c825e244</AD_ToolBarButton_UU>
        <Action>W</Action>
        <AD_Tab_ID reference="uuid" reference-key="AD_Tab">5e1593b4-4219-4ae0-a7c8-6260e8586d62</AD_Tab_ID>
        <AD_Process_ID reference="uuid" reference-key="AD_Process">74312016-c027-4e08-8ee3-47d8e6148c11</AD_Process_ID>
        <DisplayLogic/>
        <SeqNo>200</SeqNo>
        <IsAdvancedButton>N</IsAdvancedButton>
        <IsAddSeparator>N</IsAddSeparator>
        <ReadOnlyLogic/>
        <PressedLogic/>
        <EntityType>U</EntityType>
        <IsShowMore>N</IsShowMore>
    </AD_ToolBarButton>
    <AD_ToolBarButton type="table">
        <AD_Client_ID>0</AD_Client_ID>
        <AD_Org_ID>0</AD_Org_ID>
        <ComponentName>Payroll Reactivate and UnAccounting One Document</ComponentName>
        <IsActive>Y</IsActive>
        <Name>Payroll Reactivate and UnAccounting One Document</Name>
        <IsCustomization>N</IsCustomization>
        <ActionClassName/>
        <ActionName/>
        <KeyStroke_KeyCode/>
        <KeyStroke_Modifiers/>
        <AD_ToolBarButton_UU>3f19d81e-c82d-4da6-8639-8462966a5dcf</AD_ToolBarButton_UU>
        <Action>W</Action>
        <AD_Tab_ID reference="uuid" reference-key="AD_Tab">5e1593b4-4219-4ae0-a7c8-6260e8586d62</AD_Tab_ID>
        <AD_Process_ID reference="uuid" reference-key="AD_Process">3e709036-bee4-49d8-b06d-218ffbee04ae</AD_Process_ID>
        <DisplayLogic/>
        <SeqNo>210</SeqNo>
        <IsAdvancedButton>N</IsAdvancedButton>
        <IsAddSeparator>N</IsAddSeparator>
        <ReadOnlyLogic/>
        <PressedLogic/>
        <EntityType>U</EntityType>
        <IsShowMore>N</IsShowMore>
    </AD_ToolBarButton>
    <AD_ToolBarButton type="table">
        <AD_Client_ID>0</AD_Client_ID>
        <AD_Org_ID>0</AD_Org_ID>
        <ComponentName>Transfer Payroll Attendance One Period</ComponentName>
        <IsActive>Y</IsActive>
        <Name>Transfer Payroll Attendance One Period</Name>
        <IsCustomization>N</IsCustomization>
        <ActionClassName/>
        <ActionName/>
        <KeyStroke_KeyCode/>
        <KeyStroke_Modifiers/>
        <AD_ToolBarButton_UU>421b0ee6-86cc-4932-88b7-3d055b14e9ea</AD_ToolBarButton_UU>
        <Action>W</Action>
        <AD_Tab_ID reference="uuid" reference-key="AD_Tab">6a819a55-714b-4306-be96-81c696b0e659</AD_Tab_ID>
        <AD_Process_ID reference="uuid" reference-key="AD_Process">0b28337e-256a-43a9-b736-83425440db0f</AD_Process_ID>
        <DisplayLogic>@AMN_Process_Value@='NN'</DisplayLogic>
        <SeqNo>30</SeqNo>
        <IsAdvancedButton>N</IsAdvancedButton>
        <IsAddSeparator>N</IsAddSeparator>
        <ReadOnlyLogic/>
        <PressedLogic/>
        <EntityType>AMERP</EntityType>
        <IsShowMore>N</IsShowMore>
    </AD_ToolBarButton>
    <AD_ToolBarButton type="table">
        <AD_Client_ID>0</AD_Client_ID>
        <AD_Org_ID>0</AD_Org_ID>
        <ComponentName>Amper Payroll Complete and Accounting Docs</ComponentName>
        <IsActive>Y</IsActive>
        <Name>Amper Payroll Complete and Accounting Docs</Name>
        <IsCustomization>N</IsCustomization>
        <ActionClassName/>
        <ActionName/>
        <KeyStroke_KeyCode/>
        <KeyStroke_Modifiers/>
        <AD_ToolBarButton_UU>baac52bd-5b55-404b-92ad-e894593dfd84</AD_ToolBarButton_UU>
        <Action>W</Action>
        <AD_Tab_ID reference="uuid" reference-key="AD_Tab">6a819a55-714b-4306-be96-81c696b0e659</AD_Tab_ID>
        <AD_Process_ID reference="uuid" reference-key="AD_Process">54af4b9e-16c6-4233-839f-9f2e878ef2b0</AD_Process_ID>
        <DisplayLogic/>
        <SeqNo>40</SeqNo>
        <IsAdvancedButton>N</IsAdvancedButton>
        <IsAddSeparator>N</IsAddSeparator>
        <ReadOnlyLogic/>
        <PressedLogic/>
        <EntityType>AMERP</EntityType>
        <IsShowMore>N</IsShowMore>
    </AD_ToolBarButton>
    <AD_ToolBarButton type="table">
        <AD_Client_ID>0</AD_Client_ID>
        <AD_Org_ID>0</AD_Org_ID>
        <ComponentName>Amper Payroll Reactivate and UnAccounting Docs</ComponentName>
        <IsActive>Y</IsActive>
        <Name>Amper Payroll Reactivate and UnAccounting Docs</Name>
        <IsCustomization>N</IsCustomization>
        <ActionClassName/>
        <ActionName/>
        <KeyStroke_KeyCode/>
        <KeyStroke_Modifiers/>
        <AD_ToolBarButton_UU>a5c61ae2-a8a3-468a-b874-5c03dd6c80e8</AD_ToolBarButton_UU>
        <Action>W</Action>
        <AD_Tab_ID reference="uuid" reference-key="AD_Tab">6a819a55-714b-4306-be96-81c696b0e659</AD_Tab_ID>
        <AD_Process_ID reference="uuid" reference-key="AD_Process">cb8202fc-f3d5-4d9f-9b46-7ca45e7945bf</AD_Process_ID>
        <DisplayLogic/>
        <SeqNo>50</SeqNo>
        <IsAdvancedButton>N</IsAdvancedButton>
        <IsAddSeparator>N</IsAddSeparator>
        <ReadOnlyLogic/>
        <PressedLogic/>
        <EntityType>AMERP</EntityType>
        <IsShowMore>N</IsShowMore>
    </AD_ToolBarButton>
    <AD_ToolBarButton type="table">
        <AD_Client_ID>0</AD_Client_ID>
        <AD_Org_ID>0</AD_Org_ID>
        <ComponentName>Amper Payroll Recalculate and Refresh Process</ComponentName>
        <IsActive>Y</IsActive>
        <Name>Amper Payroll Recalculate and Refresh Process</Name>
        <IsCustomization>N</IsCustomization>
        <ActionClassName/>
        <ActionName/>
        <KeyStroke_KeyCode/>
        <KeyStroke_Modifiers/>
        <AD_ToolBarButton_UU>4202e70f-52f3-4183-bd98-cf63e380fc63</AD_ToolBarButton_UU>
        <Action>W</Action>
        <AD_Tab_ID reference="uuid" reference-key="AD_Tab">5b7deb45-089e-4a6b-99b1-2aa2d3f9156e</AD_Tab_ID>
        <AD_Process_ID reference="uuid" reference-key="AD_Process">c014aa8a-73a7-4ddf-abcf-71a82ee39f96</AD_Process_ID>
        <DisplayLogic/>
        <SeqNo>10</SeqNo>
        <IsAdvancedButton>N</IsAdvancedButton>
        <IsAddSeparator>N</IsAddSeparator>
        <ReadOnlyLogic/>
        <PressedLogic/>
        <EntityType>U</EntityType>
        <IsShowMore>N</IsShowMore>
    </AD_ToolBarButton>
    <AD_ToolBarButton type="table">
        <AD_Client_ID>0</AD_Client_ID>
        <AD_Org_ID>0</AD_Org_ID>
        <ComponentName>Payroll Receipt TO</ComponentName>
        <IsActive>Y</IsActive>
        <Name>Payroll Receipt TO</Name>
        <IsCustomization>N</IsCustomization>
        <ActionClassName/>
        <ActionName/>
        <KeyStroke_KeyCode/>
        <KeyStroke_Modifiers/>
        <AD_ToolBarButton_UU>11d8e343-67f5-4b17-aa61-84db331dc199</AD_ToolBarButton_UU>
        <Action>W</Action>
        <AD_Tab_ID reference="uuid" reference-key="AD_Tab">5e1593b4-4219-4ae0-a7c8-6260e8586d62</AD_Tab_ID>
        <AD_Process_ID reference="uuid" reference-key="AD_Process">a26992ce-97b2-4acf-8b19-2869ca693d78</AD_Process_ID>
        <DisplayLogic>@AMN_Process_Value@='TO'</DisplayLogic>
        <SeqNo>95</SeqNo>
        <IsAdvancedButton>N</IsAdvancedButton>
        <IsAddSeparator>N</IsAddSeparator>
        <ReadOnlyLogic/>
        <PressedLogic/>
        <EntityType>U</EntityType>
        <IsShowMore>N</IsShowMore>
    </AD_ToolBarButton>
    <AD_ToolBarButton type="table">
        <AD_Client_ID>0</AD_Client_ID>
        <AD_Org_ID>0</AD_Org_ID>
        <ComponentName>Payroll Receipt TI</ComponentName>
        <IsActive>Y</IsActive>
        <Name>Payroll Receipt TI</Name>
        <IsCustomization>N</IsCustomization>
        <ActionClassName/>
        <ActionName/>
        <KeyStroke_KeyCode/>
        <KeyStroke_Modifiers/>
        <AD_ToolBarButton_UU>a1690469-6036-46c8-9660-bf6aa5d934c4</AD_ToolBarButton_UU>
        <Action>W</Action>
        <AD_Tab_ID reference="uuid" reference-key="AD_Tab">5e1593b4-4219-4ae0-a7c8-6260e8586d62</AD_Tab_ID>
        <AD_Process_ID reference="uuid" reference-key="AD_Process">7dfb5632-a64b-410f-91d6-8ba86c7c1289</AD_Process_ID>
        <DisplayLogic>@AMN_Process_Value@='TI'</DisplayLogic>
        <SeqNo>90</SeqNo>
        <IsAdvancedButton>N</IsAdvancedButton>
        <IsAddSeparator>N</IsAddSeparator>
        <ReadOnlyLogic/>
        <PressedLogic/>
        <EntityType>U</EntityType>
        <IsShowMore>N</IsShowMore>
    </AD_ToolBarButton>
    <AD_ToolBarButton type="table">
        <AD_Client_ID>0</AD_Client_ID>
        <AD_Org_ID>0</AD_Org_ID>
        <ComponentName>Payroll Receipt NU</ComponentName>
        <IsActive>Y</IsActive>
        <Name>Payroll Receipt NU</Name>
        <IsCustomization>N</IsCustomization>
        <ActionClassName/>
        <ActionName/>
        <KeyStroke_KeyCode/>
        <KeyStroke_Modifiers/>
        <AD_ToolBarButton_UU>cf29fbd9-4406-4dc2-8222-0f356a150117</AD_ToolBarButton_UU>
        <Action>W</Action>
        <AD_Tab_ID reference="uuid" reference-key="AD_Tab">5e1593b4-4219-4ae0-a7c8-6260e8586d62</AD_Tab_ID>
        <AD_Process_ID reference="uuid" reference-key="AD_Process">e816c6e3-3510-448b-b25e-727ada1e6e16</AD_Process_ID>
        <DisplayLogic>@AMN_Process_Value@='NU'</DisplayLogic>
        <SeqNo>85</SeqNo>
        <IsAdvancedButton>N</IsAdvancedButton>
        <IsAddSeparator>N</IsAddSeparator>
        <ReadOnlyLogic/>
        <PressedLogic/>
        <EntityType>U</EntityType>
        <IsShowMore>N</IsShowMore>
    </AD_ToolBarButton>
    <AD_ToolBarButton type="table">
        <AD_Client_ID>0</AD_Client_ID>
        <AD_Org_ID>0</AD_Org_ID>
        <ComponentName>Payroll Receipt NV</ComponentName>
        <IsActive>Y</IsActive>
        <Name>Payroll Receipt NV</Name>
        <IsCustomization>N</IsCustomization>
        <ActionClassName/>
        <ActionName/>
        <KeyStroke_KeyCode/>
        <KeyStroke_Modifiers/>
        <AD_ToolBarButton_UU>504d143e-233a-4aed-bfdb-be129eff5b6a</AD_ToolBarButton_UU>
        <Action>W</Action>
        <AD_Tab_ID reference="uuid" reference-key="AD_Tab">5e1593b4-4219-4ae0-a7c8-6260e8586d62</AD_Tab_ID>
        <AD_Process_ID reference="uuid" reference-key="AD_Process">1515e473-26ee-4292-a242-eee9e302cfcc</AD_Process_ID>
        <DisplayLogic>@AMN_Process_Value@='NV'</DisplayLogic>
        <SeqNo>65</SeqNo>
        <IsAdvancedButton>N</IsAdvancedButton>
        <IsAddSeparator>N</IsAddSeparator>
        <ReadOnlyLogic/>
        <PressedLogic/>
        <EntityType>U</EntityType>
        <IsShowMore>N</IsShowMore>
    </AD_ToolBarButton>
    <AD_ToolBarButton type="table">
        <AD_Client_ID>0</AD_Client_ID>
        <AD_Org_ID>0</AD_Org_ID>
        <ComponentName>Payroll receipts NN</ComponentName>
        <IsActive>Y</IsActive>
        <Name>Payroll receipts NN</Name>
        <IsCustomization>N</IsCustomization>
        <ActionClassName/>
        <ActionName/>
        <KeyStroke_KeyCode/>
        <KeyStroke_Modifiers/>
        <AD_ToolBarButton_UU>91a8b6fe-4629-4ca8-af7b-8c957ad58cd7</AD_ToolBarButton_UU>
        <Action>W</Action>
        <AD_Tab_ID reference="uuid" reference-key="AD_Tab">6a819a55-714b-4306-be96-81c696b0e659</AD_Tab_ID>
        <AD_Process_ID reference="uuid" reference-key="AD_Process">77711a8d-666e-4969-8a5c-6c08c6293a33</AD_Process_ID>
        <DisplayLogic/>
        <SeqNo>60</SeqNo>
        <IsAdvancedButton>N</IsAdvancedButton>
        <IsAddSeparator>N</IsAddSeparator>
        <ReadOnlyLogic/>
        <PressedLogic/>
        <EntityType>AMERP</EntityType>
        <IsShowMore>N</IsShowMore>
    </AD_ToolBarButton>
    <AD_ToolBarButton type="table">
        <AD_Client_ID>0</AD_Client_ID>
        <AD_Org_ID>0</AD_Org_ID>
        <ComponentName>Payroll receipts NO</ComponentName>
        <IsActive>Y</IsActive>
        <Name>Payroll receipts NO</Name>
        <IsCustomization>N</IsCustomization>
        <ActionClassName/>
        <ActionName/>
        <KeyStroke_KeyCode/>
        <KeyStroke_Modifiers/>
        <AD_ToolBarButton_UU>f218da5f-0361-4c90-a7e8-204d66b0c987</AD_ToolBarButton_UU>
        <Action>W</Action>
        <AD_Tab_ID reference="uuid" reference-key="AD_Tab">6a819a55-714b-4306-be96-81c696b0e659</AD_Tab_ID>
        <AD_Process_ID reference="uuid" reference-key="AD_Process">7cd37285-2219-4333-ac45-853d45117144</AD_Process_ID>
        <DisplayLogic/>
        <SeqNo>60</SeqNo>
        <IsAdvancedButton>N</IsAdvancedButton>
        <IsAddSeparator>N</IsAddSeparator>
        <ReadOnlyLogic/>
        <PressedLogic/>
        <EntityType>AMERP</EntityType>
        <IsShowMore>N</IsShowMore>
    </AD_ToolBarButton>
    <AD_ToolBarButton type="table">
        <AD_Client_ID>0</AD_Client_ID>
        <AD_Org_ID>0</AD_Org_ID>
        <ComponentName>AMNPayroll Refresh</ComponentName>
        <IsActive>Y</IsActive>
        <Name>AMNPayroll Refresh</Name>
        <IsCustomization>N</IsCustomization>
        <ActionClassName/>
        <ActionName/>
        <KeyStroke_KeyCode/>
        <KeyStroke_Modifiers/>
        <AD_ToolBarButton_UU>d372fb4d-06c7-43e7-9042-e59780195ccd</AD_ToolBarButton_UU>
        <Action>W</Action>
        <AD_Tab_ID reference="uuid" reference-key="AD_Tab">698c3106-193f-4631-9814-00ce5ef072e6</AD_Tab_ID>
        <AD_Process_ID reference="uuid" reference-key="AD_Process">c014aa8a-73a7-4ddf-abcf-71a82ee39f96</AD_Process_ID>
        <DisplayLogic/>
        <SeqNo>10</SeqNo>
        <IsAdvancedButton>N</IsAdvancedButton>
        <IsAddSeparator>N</IsAddSeparator>
        <ReadOnlyLogic/>
        <PressedLogic/>
        <EntityType>U</EntityType>
        <IsShowMore>N</IsShowMore>
    </AD_ToolBarButton>
    <AD_ToolBarButton type="table">
        <AD_Client_ID>0</AD_Client_ID>
        <AD_Org_ID>0</AD_Org_ID>
        <ComponentName>Amper Payroll Create Social Benefit Docs</ComponentName>
        <IsActive>Y</IsActive>
        <Name>Amper Payroll Create Social Benefit Docs</Name>
        <IsCustomization>N</IsCustomization>
        <ActionClassName/>
        <ActionName/>
        <KeyStroke_KeyCode/>
        <KeyStroke_Modifiers/>
        <AD_ToolBarButton_UU>301c042d-6715-4dba-889d-6b5ae35e6b26</AD_ToolBarButton_UU>
        <Action>W</Action>
        <AD_Tab_ID reference="uuid" reference-key="AD_Tab">b1d5b043-437f-4eec-a875-ea94a5d7c72e</AD_Tab_ID>
        <AD_Process_ID reference="uuid" reference-key="AD_Process">3caf5c41-6bb7-42ee-8580-e5e6ac42f898</AD_Process_ID>
        <DisplayLogic/>
        <SeqNo>10</SeqNo>
        <IsAdvancedButton>N</IsAdvancedButton>
        <IsAddSeparator>N</IsAddSeparator>
        <ReadOnlyLogic/>
        <PressedLogic/>
        <EntityType>AMERP</EntityType>
        <IsShowMore>N</IsShowMore>
    </AD_ToolBarButton>
    <AD_ToolBarButton type="table">
        <AD_Client_ID>0</AD_Client_ID>
        <AD_Org_ID>0</AD_Org_ID>
        <ComponentName>Amper Payroll Recalculate and Refresh Process One Period</ComponentName>
        <IsActive>Y</IsActive>
        <Name>Amper Payroll Recalculate and Refresh Process One Period</Name>
        <IsCustomization>N</IsCustomization>
        <ActionClassName/>
        <ActionName/>
        <KeyStroke_KeyCode/>
        <KeyStroke_Modifiers/>
        <AD_ToolBarButton_UU>88c759e6-704a-4461-ad40-701d3471c902</AD_ToolBarButton_UU>
        <Action>W</Action>
        <AD_Tab_ID reference="uuid" reference-key="AD_Tab">b1d5b043-437f-4eec-a875-ea94a5d7c72e</AD_Tab_ID>
        <AD_Process_ID reference="uuid" reference-key="AD_Process">fe57e3b6-ad10-40d4-8033-d098117ace9b</AD_Process_ID>
        <DisplayLogic/>
        <SeqNo>15</SeqNo>
        <IsAdvancedButton>N</IsAdvancedButton>
        <IsAddSeparator>N</IsAddSeparator>
        <ReadOnlyLogic/>
        <PressedLogic/>
        <EntityType>AMERP</EntityType>
        <IsShowMore>N</IsShowMore>
    </AD_ToolBarButton>
    <AD_ToolBarButton type="table">
        <AD_Client_ID>0</AD_Client_ID>
        <AD_Org_ID>0</AD_Org_ID>
        <ComponentName>Amper Payroll Complete and Accounting Social Benefit Docs</ComponentName>
        <IsActive>Y</IsActive>
        <Name>Amper Payroll Complete and Accounting Social Benefit Docs</Name>
        <IsCustomization>N</IsCustomization>
        <ActionClassName/>
        <ActionName/>
        <KeyStroke_KeyCode/>
        <KeyStroke_Modifiers/>
        <AD_ToolBarButton_UU>74699c15-642a-4e9e-b4ca-dbc6eeaf882b</AD_ToolBarButton_UU>
        <Action>W</Action>
        <AD_Tab_ID reference="uuid" reference-key="AD_Tab">b1d5b043-437f-4eec-a875-ea94a5d7c72e</AD_Tab_ID>
        <AD_Process_ID reference="uuid" reference-key="AD_Process">54af4b9e-16c6-4233-839f-9f2e878ef2b0</AD_Process_ID>
        <DisplayLogic/>
        <SeqNo>20</SeqNo>
        <IsAdvancedButton>N</IsAdvancedButton>
        <IsAddSeparator>N</IsAddSeparator>
        <ReadOnlyLogic/>
        <PressedLogic/>
        <EntityType>AMERP</EntityType>
        <IsShowMore>N</IsShowMore>
    </AD_ToolBarButton>
    <AD_ToolBarButton type="table">
        <AD_Client_ID>0</AD_Client_ID>
        <AD_Org_ID>0</AD_Org_ID>
        <ComponentName>Amper Payroll Complete and Accounting Social Benefit Docs</ComponentName>
        <IsActive>Y</IsActive>
        <Name>Amper Payroll Complete and Accounting Social Benefit Docs</Name>
        <IsCustomization>N</IsCustomization>
        <ActionClassName/>
        <ActionName/>
        <KeyStroke_KeyCode/>
        <KeyStroke_Modifiers/>
        <AD_ToolBarButton_UU>c5bd0462-1307-4e99-9f2e-b1288f1e63cf</AD_ToolBarButton_UU>
        <Action>W</Action>
        <AD_Tab_ID reference="uuid" reference-key="AD_Tab">b1d5b043-437f-4eec-a875-ea94a5d7c72e</AD_Tab_ID>
        <AD_Process_ID reference="uuid" reference-key="AD_Process">cb8202fc-f3d5-4d9f-9b46-7ca45e7945bf</AD_Process_ID>
        <DisplayLogic/>
        <SeqNo>30</SeqNo>
        <IsAdvancedButton>N</IsAdvancedButton>
        <IsAddSeparator>N</IsAddSeparator>
        <ReadOnlyLogic/>
        <PressedLogic/>
        <EntityType>AMERP</EntityType>
        <IsShowMore>N</IsShowMore>
    </AD_ToolBarButton>
    <AD_ToolBarButton type="table">
        <AD_Client_ID>0</AD_Client_ID>
        <AD_Org_ID>0</AD_Org_ID>
        <ComponentName>Amper Payroll Process Social Benefits Historic SalaryOne Per</ComponentName>
        <IsActive>Y</IsActive>
        <Name>Amper Payroll Process Social Benefits Historic SalaryOne Per</Name>
        <IsCustomization>N</IsCustomization>
        <ActionClassName/>
        <ActionName/>
        <KeyStroke_KeyCode/>
        <KeyStroke_Modifiers/>
        <AD_ToolBarButton_UU>472d6d3f-d2f4-417c-b322-ac59b9d2afab</AD_ToolBarButton_UU>
        <Action>W</Action>
        <AD_Tab_ID reference="uuid" reference-key="AD_Tab">b1d5b043-437f-4eec-a875-ea94a5d7c72e</AD_Tab_ID>
        <AD_Process_ID reference="uuid" reference-key="AD_Process">c08bc45d-cc21-4fa2-809e-d5b65b7ab207</AD_Process_ID>
        <DisplayLogic/>
        <SeqNo>40</SeqNo>
        <IsAdvancedButton>N</IsAdvancedButton>
        <IsAddSeparator>N</IsAddSeparator>
        <ReadOnlyLogic/>
        <PressedLogic/>
        <EntityType>AMERP</EntityType>
        <IsShowMore>N</IsShowMore>
    </AD_ToolBarButton>
    <AD_ToolBarButton type="table">
        <AD_Client_ID>0</AD_Client_ID>
        <AD_Org_ID>0</AD_Org_ID>
        <ComponentName>Social Benefit Create One Document for this Employee</ComponentName>
        <IsActive>Y</IsActive>
        <Name>Social Benefit Create One Document for this Employee</Name>
        <IsCustomization>N</IsCustomization>
        <ActionClassName/>
        <ActionName/>
        <KeyStroke_KeyCode/>
        <KeyStroke_Modifiers/>
        <AD_ToolBarButton_UU>2caf2897-58c1-4f1d-b05f-9d7083b47200</AD_ToolBarButton_UU>
        <Action>W</Action>
        <AD_Tab_ID reference="uuid" reference-key="AD_Tab">7473f0dc-33e0-4c84-9135-1b82526291ff</AD_Tab_ID>
        <AD_Process_ID reference="uuid" reference-key="AD_Process">d04347c9-97cb-4353-9958-06ac68bef733</AD_Process_ID>
        <DisplayLogic/>
        <SeqNo>10</SeqNo>
        <IsAdvancedButton>N</IsAdvancedButton>
        <IsAddSeparator>N</IsAddSeparator>
        <ReadOnlyLogic/>
        <PressedLogic/>
        <EntityType>U</EntityType>
        <IsShowMore>N</IsShowMore>
    </AD_ToolBarButton>
    <AD_ToolBarButton type="table">
        <AD_Client_ID>0</AD_Client_ID>
        <AD_Org_ID>0</AD_Org_ID>
        <ComponentName> Social Benefit Refresh Recalculate</ComponentName>
        <IsActive>Y</IsActive>
        <Name> Social Benefit Refresh Recalculate</Name>
        <IsCustomization>N</IsCustomization>
        <ActionClassName/>
        <ActionName/>
        <KeyStroke_KeyCode/>
        <KeyStroke_Modifiers/>
        <AD_ToolBarButton_UU>72d516d3-5c6e-49d0-8a9b-4bf79f39edf1</AD_ToolBarButton_UU>
        <Action>W</Action>
        <AD_Tab_ID reference="uuid" reference-key="AD_Tab">7473f0dc-33e0-4c84-9135-1b82526291ff</AD_Tab_ID>
        <AD_Process_ID reference="uuid" reference-key="AD_Process">c014aa8a-73a7-4ddf-abcf-71a82ee39f96</AD_Process_ID>
        <DisplayLogic/>
        <SeqNo>20</SeqNo>
        <IsAdvancedButton>N</IsAdvancedButton>
        <IsAddSeparator>N</IsAddSeparator>
        <ReadOnlyLogic/>
        <PressedLogic/>
        <EntityType>U</EntityType>
        <IsShowMore>N</IsShowMore>
    </AD_ToolBarButton>
    <AD_ToolBarButton type="table">
        <AD_Client_ID>0</AD_Client_ID>
        <AD_Org_ID>0</AD_Org_ID>
        <ComponentName>Payroll Complete and Accounting One Document</ComponentName>
        <IsActive>Y</IsActive>
        <Name>Payroll Complete and Accounting One Document</Name>
        <IsCustomization>N</IsCustomization>
        <ActionClassName/>
        <ActionName/>
        <KeyStroke_KeyCode/>
        <KeyStroke_Modifiers/>
        <AD_ToolBarButton_UU>f07c62bf-33a0-4df1-bafa-dc1b38b56738</AD_ToolBarButton_UU>
        <Action>W</Action>
        <AD_Tab_ID reference="uuid" reference-key="AD_Tab">7473f0dc-33e0-4c84-9135-1b82526291ff</AD_Tab_ID>
        <AD_Process_ID reference="uuid" reference-key="AD_Process">74312016-c027-4e08-8ee3-47d8e6148c11</AD_Process_ID>
        <DisplayLogic/>
        <SeqNo>30</SeqNo>
        <IsAdvancedButton>N</IsAdvancedButton>
        <IsAddSeparator>N</IsAddSeparator>
        <ReadOnlyLogic/>
        <PressedLogic/>
        <EntityType>U</EntityType>
        <IsShowMore>N</IsShowMore>
    </AD_ToolBarButton>
    <AD_ToolBarButton type="table">
        <AD_Client_ID>0</AD_Client_ID>
        <AD_Org_ID>0</AD_Org_ID>
        <ComponentName>Payroll Reactivate and Accounting One Document</ComponentName>
        <IsActive>Y</IsActive>
        <Name>Payroll Reactivate and Accounting One Document</Name>
        <IsCustomization>N</IsCustomization>
        <ActionClassName/>
        <ActionName/>
        <KeyStroke_KeyCode/>
        <KeyStroke_Modifiers/>
        <AD_ToolBarButton_UU>b801de98-28fd-4b01-b06a-68e0fff26e31</AD_ToolBarButton_UU>
        <Action>W</Action>
        <AD_Tab_ID reference="uuid" reference-key="AD_Tab">7473f0dc-33e0-4c84-9135-1b82526291ff</AD_Tab_ID>
        <AD_Process_ID reference="uuid" reference-key="AD_Process">3e709036-bee4-49d8-b06d-218ffbee04ae</AD_Process_ID>
        <DisplayLogic/>
        <SeqNo>40</SeqNo>
        <IsAdvancedButton>N</IsAdvancedButton>
        <IsAddSeparator>N</IsAddSeparator>
        <ReadOnlyLogic/>
        <PressedLogic/>
        <EntityType>U</EntityType>
        <IsShowMore>N</IsShowMore>
    </AD_ToolBarButton>
    <AD_ToolBarButton type="table">
        <AD_Client_ID>0</AD_Client_ID>
        <AD_Org_ID>0</AD_Org_ID>
        <ComponentName>Payroll Receipt NP</ComponentName>
        <IsActive>Y</IsActive>
        <Name>Payroll Receipt NP</Name>
        <IsCustomization>N</IsCustomization>
        <ActionClassName/>
        <ActionName/>
        <KeyStroke_KeyCode/>
        <KeyStroke_Modifiers/>
        <AD_ToolBarButton_UU>90d4ed89-a348-430d-b2e4-f3c06435c245</AD_ToolBarButton_UU>
        <Action>W</Action>
        <AD_Tab_ID reference="uuid" reference-key="AD_Tab">7473f0dc-33e0-4c84-9135-1b82526291ff</AD_Tab_ID>
        <AD_Process_ID reference="uuid" reference-key="AD_Process">9d9f0954-5324-4ea3-9d63-0d5830463704</AD_Process_ID>
        <DisplayLogic>@AMN_Process_Value@='NP'</DisplayLogic>
        <SeqNo>50</SeqNo>
        <IsAdvancedButton>N</IsAdvancedButton>
        <IsAddSeparator>N</IsAddSeparator>
        <ReadOnlyLogic/>
        <PressedLogic/>
        <EntityType>U</EntityType>
        <IsShowMore>N</IsShowMore>
    </AD_ToolBarButton>
    <AD_ToolBarButton type="table">
        <AD_Client_ID>0</AD_Client_ID>
        <AD_Org_ID>0</AD_Org_ID>
        <ComponentName>Payroll Receipt PI</ComponentName>
        <IsActive>Y</IsActive>
        <Name>Payroll Receipt PI</Name>
        <IsCustomization>N</IsCustomization>
        <ActionClassName/>
        <ActionName/>
        <KeyStroke_KeyCode/>
        <KeyStroke_Modifiers/>
        <AD_ToolBarButton_UU>03c989ab-52c9-4949-b84d-25c54db374f7</AD_ToolBarButton_UU>
        <Action>W</Action>
        <AD_Tab_ID reference="uuid" reference-key="AD_Tab">7473f0dc-33e0-4c84-9135-1b82526291ff</AD_Tab_ID>
        <AD_Process_ID reference="uuid" reference-key="AD_Process">01c6fc8a-a3d9-41a1-8cf5-ac8d0400d4ad</AD_Process_ID>
        <DisplayLogic>@AMN_Process_Value@='PI'</DisplayLogic>
        <SeqNo>60</SeqNo>
        <IsAdvancedButton>N</IsAdvancedButton>
        <IsAddSeparator>N</IsAddSeparator>
        <ReadOnlyLogic/>
        <PressedLogic/>
        <EntityType>U</EntityType>
        <IsShowMore>N</IsShowMore>
    </AD_ToolBarButton>
    <AD_ToolBarButton type="table">
        <AD_Client_ID>0</AD_Client_ID>
        <AD_Org_ID>0</AD_Org_ID>
        <ComponentName>Payroll Receipt PR</ComponentName>
        <IsActive>Y</IsActive>
        <Name>Payroll Receipt PR</Name>
        <IsCustomization>N</IsCustomization>
        <ActionClassName/>
        <ActionName/>
        <KeyStroke_KeyCode/>
        <KeyStroke_Modifiers/>
        <AD_ToolBarButton_UU>ffb5f76c-e3c3-461d-ab0a-47121af44af5</AD_ToolBarButton_UU>
        <Action>W</Action>
        <AD_Tab_ID reference="uuid" reference-key="AD_Tab">7473f0dc-33e0-4c84-9135-1b82526291ff</AD_Tab_ID>
        <AD_Process_ID reference="uuid" reference-key="AD_Process">11ca3ffd-2a05-42f6-9457-2b5b75c87031</AD_Process_ID>
        <DisplayLogic>@AMN_Process_Value@='PR'</DisplayLogic>
        <SeqNo>70</SeqNo>
        <IsAdvancedButton>N</IsAdvancedButton>
        <IsAddSeparator>N</IsAddSeparator>
        <ReadOnlyLogic/>
        <PressedLogic/>
        <EntityType>U</EntityType>
        <IsShowMore>N</IsShowMore>
    </AD_ToolBarButton>
    <AD_ToolBarButton type="table">
        <AD_Client_ID>0</AD_Client_ID>
        <AD_Org_ID>0</AD_Org_ID>
        <ComponentName>Payroll Receipt PR</ComponentName>
        <IsActive>Y</IsActive>
        <Name>Payroll Receipt PR</Name>
        <IsCustomization>N</IsCustomization>
        <ActionClassName/>
        <ActionName/>
        <KeyStroke_KeyCode/>
        <KeyStroke_Modifiers/>
        <AD_ToolBarButton_UU>079cc203-37a0-4410-a583-7b5525162a87</AD_ToolBarButton_UU>
        <Action>W</Action>
        <AD_Tab_ID reference="uuid" reference-key="AD_Tab">7473f0dc-33e0-4c84-9135-1b82526291ff</AD_Tab_ID>
        <AD_Process_ID reference="uuid" reference-key="AD_Process">22e52814-d7d8-4ee6-88d4-bfc6015b278e</AD_Process_ID>
        <DisplayLogic>@AMN_Process_Value@='PR'</DisplayLogic>
        <SeqNo>75</SeqNo>
        <IsAdvancedButton>N</IsAdvancedButton>
        <IsAddSeparator>N</IsAddSeparator>
        <ReadOnlyLogic/>
        <PressedLogic/>
        <EntityType>U</EntityType>
        <IsShowMore>N</IsShowMore>
    </AD_ToolBarButton>
    <AD_ToolBarButton type="table">
        <AD_Client_ID>0</AD_Client_ID>
        <AD_Org_ID>0</AD_Org_ID>
        <ComponentName>Payroll Receipt PL</ComponentName>
        <IsActive>Y</IsActive>
        <Name>Payroll Receipt PL</Name>
        <IsCustomization>N</IsCustomization>
        <ActionClassName/>
        <ActionName/>
        <KeyStroke_KeyCode/>
        <KeyStroke_Modifiers/>
        <AD_ToolBarButton_UU>fcef9167-23ba-4a62-a5b6-bd3646300001</AD_ToolBarButton_UU>
        <Action>W</Action>
        <AD_Tab_ID reference="uuid" reference-key="AD_Tab">7473f0dc-33e0-4c84-9135-1b82526291ff</AD_Tab_ID>
        <AD_Process_ID reference="uuid" reference-key="AD_Process">4fef79cb-38b6-4068-b35f-78f43c1ff551</AD_Process_ID>
        <DisplayLogic>@AMN_Process_Value@='PL'</DisplayLogic>
        <SeqNo>80</SeqNo>
        <IsAdvancedButton>N</IsAdvancedButton>
        <IsAddSeparator>N</IsAddSeparator>
        <ReadOnlyLogic/>
        <PressedLogic/>
        <EntityType>U</EntityType>
        <IsShowMore>N</IsShowMore>
    </AD_ToolBarButton>
    <AD_ToolBarButton type="table">
        <AD_Client_ID>0</AD_Client_ID>
        <AD_Org_ID>0</AD_Org_ID>
        <ComponentName>Amper Payroll Process Social Benefits Historic SalaryOne Doc</ComponentName>
        <IsActive>Y</IsActive>
        <Name>Amper Payroll Process Social Benefits Historic SalaryOne Doc</Name>
        <IsCustomization>N</IsCustomization>
        <ActionClassName/>
        <ActionName/>
        <KeyStroke_KeyCode/>
        <KeyStroke_Modifiers/>
        <AD_ToolBarButton_UU>fe86088a-e78b-4881-a6de-1c076bc4ac79</AD_ToolBarButton_UU>
        <Action>W</Action>
        <AD_Tab_ID reference="uuid" reference-key="AD_Tab">7473f0dc-33e0-4c84-9135-1b82526291ff</AD_Tab_ID>
        <AD_Process_ID reference="uuid" reference-key="AD_Process">4ea2bc96-2035-43b5-95a5-98ab3db281ee</AD_Process_ID>
        <DisplayLogic/>
        <SeqNo>90</SeqNo>
        <IsAdvancedButton>N</IsAdvancedButton>
        <IsAddSeparator>N</IsAddSeparator>
        <ReadOnlyLogic/>
        <PressedLogic/>
        <EntityType>U</EntityType>
        <IsShowMore>N</IsShowMore>
    </AD_ToolBarButton>
    <AD_ToolBarButton type="table">
        <AD_Client_ID>0</AD_Client_ID>
        <AD_Org_ID>0</AD_Org_ID>
        <ComponentName>Amper Payroll Recalculate and Refresh Process</ComponentName>
        <IsActive>Y</IsActive>
        <Name>Amper Payroll Recalculate and Refresh Process</Name>
        <IsCustomization>N</IsCustomization>
        <ActionClassName/>
        <ActionName/>
        <KeyStroke_KeyCode/>
        <KeyStroke_Modifiers/>
        <AD_ToolBarButton_UU>9b6d6fc9-9179-4fb8-a502-91ba553ada6c</AD_ToolBarButton_UU>
        <Action>W</Action>
        <AD_Tab_ID reference="uuid" reference-key="AD_Tab">906662d3-b44d-4576-994d-c4862f38f275</AD_Tab_ID>
        <AD_Process_ID reference="uuid" reference-key="AD_Process">fe57e3b6-ad10-40d4-8033-d098117ace9b</AD_Process_ID>
        <DisplayLogic/>
        <SeqNo>10</SeqNo>
        <IsAdvancedButton>N</IsAdvancedButton>
        <IsAddSeparator>N</IsAddSeparator>
        <ReadOnlyLogic/>
        <PressedLogic/>
        <EntityType>U</EntityType>
        <IsShowMore>N</IsShowMore>
    </AD_ToolBarButton>
    <AD_ToolBarButton type="table">
        <AD_Client_ID>0</AD_Client_ID>
        <AD_Org_ID>0</AD_Org_ID>
        <ComponentName>Amper Period Create Process</ComponentName>
        <IsActive>Y</IsActive>
        <Name>Amper Period Create Proces</Name>
        <IsCustomization>N</IsCustomization>
        <ActionClassName/>
        <ActionName/>
        <KeyStroke_KeyCode/>
        <KeyStroke_Modifiers/>
        <AD_ToolBarButton_UU>001ee627-f279-493f-8ce3-71447fb56e02</AD_ToolBarButton_UU>
        <Action>W</Action>
        <AD_Tab_ID reference="uuid" reference-key="AD_Tab">ef5ba16a-c324-48ab-b769-a21ec60d778b</AD_Tab_ID>
        <AD_Process_ID reference="uuid" reference-key="AD_Process">509b0aa7-2fb6-4770-8cdd-d7de55088e89</AD_Process_ID>
        <DisplayLogic/>
        <SeqNo>10</SeqNo>
        <IsAdvancedButton>N</IsAdvancedButton>
        <IsAddSeparator>N</IsAddSeparator>
        <ReadOnlyLogic/>
        <PressedLogic/>
        <EntityType>AMERP</EntityType>
        <IsShowMore>N</IsShowMore>
    </AD_ToolBarButton>
    <AD_ToolBarButton type="table">
        <AD_Client_ID>0</AD_Client_ID>
        <AD_Org_ID>0</AD_Org_ID>
        <ComponentName>Amper Period Create From Period Process</ComponentName>
        <IsActive>Y</IsActive>
        <Name>Amper Period Create From Period Process</Name>
        <IsCustomization>N</IsCustomization>
        <ActionClassName/>
        <ActionName/>
        <KeyStroke_KeyCode/>
        <KeyStroke_Modifiers/>
        <AD_ToolBarButton_UU>fe0d3f0c-0cf4-4697-b013-43d8f1c8b432</AD_ToolBarButton_UU>
        <Action>W</Action>
        <AD_Tab_ID reference="uuid" reference-key="AD_Tab">ef5ba16a-c324-48ab-b769-a21ec60d778b</AD_Tab_ID>
        <AD_Process_ID reference="uuid" reference-key="AD_Process">a0d025ab-c51b-4606-8eb0-b17614b1ba4a</AD_Process_ID>
        <DisplayLogic/>
        <SeqNo>20</SeqNo>
        <IsAdvancedButton>N</IsAdvancedButton>
        <IsAddSeparator>N</IsAddSeparator>
        <ReadOnlyLogic/>
        <PressedLogic/>
        <EntityType>AMERP</EntityType>
        <IsShowMore>N</IsShowMore>
    </AD_ToolBarButton>
    <AD_ToolBarButton type="table">
        <AD_Client_ID>0</AD_Client_ID>
        <AD_Org_ID>0</AD_Org_ID>
        <ComponentName>SpecialEditor</ComponentName>
        <IsActive>Y</IsActive>
        <Name>Special Editor Action</Name>
        <IsCustomization>Y</IsCustomization>
        <ActionClassName>org.idempiere.ui.zk.action.specialeditor</ActionClassName>
        <ActionName/>
        <KeyStroke_KeyCode>0</KeyStroke_KeyCode>
        <KeyStroke_Modifiers>0</KeyStroke_Modifiers>
        <AD_ToolBarButton_UU>63b52045-2af1-4285-a3ec-ac6eb0d9a998</AD_ToolBarButton_UU>
        <Action>W</Action>
        <AD_Tab_ID reference="id"/>
        <AD_Process_ID reference="id"/>
        <DisplayLogic>@Processed@=Y</DisplayLogic>
        <SeqNo/>
        <IsAdvancedButton>N</IsAdvancedButton>
        <IsAddSeparator>N</IsAddSeparator>
        <ReadOnlyLogic/>
        <PressedLogic/>
        <EntityType>U</EntityType>
        <IsShowMore>N</IsShowMore>
    </AD_ToolBarButton>
    <AD_ToolBarButton type="table">
        <AD_Client_ID>0</AD_Client_ID>
        <AD_Org_ID>0</AD_Org_ID>
        <ComponentName>Amper Payroll Receipts NN Report Toolbar</ComponentName>
        <IsActive>Y</IsActive>
        <Name>Amper Payroll Receipts NN Report Toolbar</Name>
        <IsCustomization>N</IsCustomization>
        <ActionClassName/>
        <ActionName/>
        <KeyStroke_KeyCode/>
        <KeyStroke_Modifiers/>
        <AD_ToolBarButton_UU>c9ab9017-f154-490d-8105-cfb11f02c203</AD_ToolBarButton_UU>
        <Action>W</Action>
        <AD_Tab_ID reference="uuid" reference-key="AD_Tab">5e1593b4-4219-4ae0-a7c8-6260e8586d62</AD_Tab_ID>
        <AD_Process_ID reference="uuid" reference-key="AD_Process">d88b8d37-6a58-485a-8a40-1665e80890e9</AD_Process_ID>
        <DisplayLogic>@AMN_Process_Value@='NN'</DisplayLogic>
        <SeqNo>100</SeqNo>
        <IsAdvancedButton>N</IsAdvancedButton>
        <IsAddSeparator>N</IsAddSeparator>
        <ReadOnlyLogic/>
        <PressedLogic/>
        <EntityType>AMERP</EntityType>
        <IsShowMore>N</IsShowMore>
    </AD_ToolBarButton>
    <AD_ToolBarButton type="table">
        <AD_Client_ID>0</AD_Client_ID>
        <AD_Org_ID>0</AD_Org_ID>
        <ComponentName>Amper Payroll Receipts NN Report Toolbar</ComponentName>
        <IsActive>Y</IsActive>
        <Name>Amper Payroll Receipts NN Report Toolbar</Name>
        <IsCustomization>N</IsCustomization>
        <ActionClassName/>
        <ActionName/>
        <KeyStroke_KeyCode/>
        <KeyStroke_Modifiers/>
        <AD_ToolBarButton_UU>1c33b5bc-7cb3-4bc1-93f6-0ed7bd4f6e9d</AD_ToolBarButton_UU>
        <Action>W</Action>
        <AD_Tab_ID reference="uuid" reference-key="AD_Tab">5e1593b4-4219-4ae0-a7c8-6260e8586d62</AD_Tab_ID>
        <AD_Process_ID reference="uuid" reference-key="AD_Process">4bad8990-74ac-4c2c-bf3a-5ed4604a70c3</AD_Process_ID>
        <DisplayLogic>@AMN_Process_Value@='NN'</DisplayLogic>
        <SeqNo>110</SeqNo>
        <IsAdvancedButton>N</IsAdvancedButton>
        <IsAddSeparator>N</IsAddSeparator>
        <ReadOnlyLogic/>
        <PressedLogic/>
        <EntityType>U</EntityType>
        <IsShowMore>N</IsShowMore>
    </AD_ToolBarButton>
    <AD_ToolBarButton type="table">
        <AD_Client_ID>0</AD_Client_ID>
        <AD_Org_ID>0</AD_Org_ID>
        <ComponentName>Amtools Payment Reactivate</ComponentName>
        <IsActive>Y</IsActive>
        <Name>Amtools Payment Reactivate</Name>
        <IsCustomization>N</IsCustomization>
        <ActionClassName/>
        <ActionName/>
        <KeyStroke_KeyCode/>
        <KeyStroke_Modifiers/>
        <AD_ToolBarButton_UU>e2ccc73a-ebe0-4571-b3c0-b1742232d992</AD_ToolBarButton_UU>
        <Action>W</Action>
        <AD_Tab_ID reference="id">330</AD_Tab_ID>
        <AD_Process_ID reference="uuid" reference-key="AD_Process">504424ad-2acf-4961-a26f-127bfc195e9c</AD_Process_ID>
        <DisplayLogic/>
        <SeqNo>10</SeqNo>
        <IsAdvancedButton>N</IsAdvancedButton>
        <IsAddSeparator>N</IsAddSeparator>
        <ReadOnlyLogic/>
        <PressedLogic/>
        <EntityType>AMERP</EntityType>
        <IsShowMore>N</IsShowMore>
    </AD_ToolBarButton>
    <AD_ToolBarButton type="table">
        <AD_Client_ID>0</AD_Client_ID>
        <AD_Org_ID>0</AD_Org_ID>
        <ComponentName>Amtools Invoice Reactivate</ComponentName>
        <IsActive>Y</IsActive>
        <Name>Amtools Invoice Reactivate</Name>
        <IsCustomization>N</IsCustomization>
        <ActionClassName/>
        <ActionName/>
        <KeyStroke_KeyCode/>
        <KeyStroke_Modifiers/>
        <AD_ToolBarButton_UU>e487a61b-5d2a-459c-a170-78370deea1ea</AD_ToolBarButton_UU>
        <Action>W</Action>
        <AD_Tab_ID reference="id">263</AD_Tab_ID>
        <AD_Process_ID reference="uuid" reference-key="AD_Process">96e2e7ab-0970-467c-886c-aa115aae6571</AD_Process_ID>
        <DisplayLogic/>
        <SeqNo>20</SeqNo>
        <IsAdvancedButton>N</IsAdvancedButton>
        <IsAddSeparator>N</IsAddSeparator>
        <ReadOnlyLogic/>
        <PressedLogic/>
        <EntityType>AMERP</EntityType>
        <IsShowMore>N</IsShowMore>
    </AD_ToolBarButton>
    <AD_ToolBarButton type="table">
        <AD_Client_ID>0</AD_Client_ID>
        <AD_Org_ID>0</AD_Org_ID>
        <ComponentName>Amtools Invoice Reactivate</ComponentName>
        <IsActive>Y</IsActive>
        <Name>Amtools Invoice Reactivate</Name>
        <IsCustomization>N</IsCustomization>
        <ActionClassName/>
        <ActionName/>
        <KeyStroke_KeyCode/>
        <KeyStroke_Modifiers/>
        <AD_ToolBarButton_UU>952e6842-863d-479d-9ab5-c7c31d798d23</AD_ToolBarButton_UU>
        <Action>W</Action>
        <AD_Tab_ID reference="id">290</AD_Tab_ID>
        <AD_Process_ID reference="uuid" reference-key="AD_Process">96e2e7ab-0970-467c-886c-aa115aae6571</AD_Process_ID>
        <DisplayLogic/>
        <SeqNo>20</SeqNo>
        <IsAdvancedButton>N</IsAdvancedButton>
        <IsAddSeparator>N</IsAddSeparator>
        <ReadOnlyLogic/>
        <PressedLogic/>
        <EntityType>AMERP</EntityType>
        <IsShowMore>N</IsShowMore>
    </AD_ToolBarButton>
    <AD_ToolBarButton type="table">
        <AD_Client_ID>0</AD_Client_ID>
        <AD_Org_ID>0</AD_Org_ID>
        <ComponentName>Amper Employee File Report</ComponentName>
        <IsActive>Y</IsActive>
        <Name>Amper Employee File Report</Name>
        <IsCustomization>N</IsCustomization>
        <ActionClassName/>
        <ActionName/>
        <KeyStroke_KeyCode/>
        <KeyStroke_Modifiers/>
        <AD_ToolBarButton_UU>6211a266-3cfa-4ee3-a88e-7ec520b2ee9b</AD_ToolBarButton_UU>
        <Action>W</Action>
        <AD_Tab_ID reference="uuid" reference-key="AD_Tab">dfb30ed6-daf5-4227-a361-8e65e49713c9</AD_Tab_ID>
        <AD_Process_ID reference="uuid" reference-key="AD_Process">d3df7cfe-8090-4f2d-b46b-e179f11e9d8d</AD_Process_ID>
        <DisplayLogic/>
        <SeqNo>10</SeqNo>
        <IsAdvancedButton>N</IsAdvancedButton>
        <IsAddSeparator>N</IsAddSeparator>
        <ReadOnlyLogic/>
        <PressedLogic/>
        <EntityType>AMERP</EntityType>
        <IsShowMore>N</IsShowMore>
    </AD_ToolBarButton>
    <AD_ToolBarButton type="table">
        <AD_Client_ID>0</AD_Client_ID>
        <AD_Org_ID>0</AD_Org_ID>
        <ComponentName>Personnel Employee Card Back</ComponentName>
        <IsActive>Y</IsActive>
        <Name>Personnel Employee Card Back</Name>
        <IsCustomization>N</IsCustomization>
        <ActionClassName/>
        <ActionName/>
        <KeyStroke_KeyCode/>
        <KeyStroke_Modifiers/>
        <AD_ToolBarButton_UU>2d195350-6860-4cde-86db-139e4968a3ab</AD_ToolBarButton_UU>
        <Action>W</Action>
        <AD_Tab_ID reference="uuid" reference-key="AD_Tab">dfb30ed6-daf5-4227-a361-8e65e49713c9</AD_Tab_ID>
        <AD_Process_ID reference="uuid" reference-key="AD_Process">26c377c4-89d4-4721-ae4a-266ba4ef9228</AD_Process_ID>
        <DisplayLogic/>
        <SeqNo>30</SeqNo>
        <IsAdvancedButton>N</IsAdvancedButton>
        <IsAddSeparator>N</IsAddSeparator>
        <ReadOnlyLogic/>
        <PressedLogic/>
        <EntityType>AMERP</EntityType>
        <IsShowMore>N</IsShowMore>
    </AD_ToolBarButton>
    <AD_ToolBarButton type="table">
        <AD_Client_ID>0</AD_Client_ID>
        <AD_Org_ID>0</AD_Org_ID>
        <ComponentName>Amper Employee Card Front</ComponentName>
        <IsActive>Y</IsActive>
        <Name>Amper Employee Card Front</Name>
        <IsCustomization>N</IsCustomization>
        <ActionClassName/>
        <ActionName/>
        <KeyStroke_KeyCode/>
        <KeyStroke_Modifiers/>
        <AD_ToolBarButton_UU>75feef91-0f7c-4bb3-9a12-f772aaab11bf</AD_ToolBarButton_UU>
        <Action>W</Action>
        <AD_Tab_ID reference="uuid" reference-key="AD_Tab">dfb30ed6-daf5-4227-a361-8e65e49713c9</AD_Tab_ID>
        <AD_Process_ID reference="uuid" reference-key="AD_Process">7a5edda0-a3b3-494d-b23c-9d616a07d057</AD_Process_ID>
        <DisplayLogic/>
        <SeqNo>20</SeqNo>
        <IsAdvancedButton>N</IsAdvancedButton>
        <IsAddSeparator>N</IsAddSeparator>
        <ReadOnlyLogic/>
        <PressedLogic/>
        <EntityType>AMERP</EntityType>
        <IsShowMore>N</IsShowMore>
    </AD_ToolBarButton>
    <AD_ToolBarButton type="table">
        <AD_Client_ID>0</AD_Client_ID>
        <AD_Org_ID>0</AD_Org_ID>
        <ComponentName>Amper Employee Job Letter Report</ComponentName>
        <IsActive>Y</IsActive>
        <Name>Amper Employee Job Letter Report</Name>
        <IsCustomization>N</IsCustomization>
        <ActionClassName/>
        <ActionName/>
        <KeyStroke_KeyCode/>
        <KeyStroke_Modifiers/>
        <AD_ToolBarButton_UU>76de7353-1c9e-46a4-9d4c-f77e2a07c8d8</AD_ToolBarButton_UU>
        <Action>W</Action>
        <AD_Tab_ID reference="uuid" reference-key="AD_Tab">dfb30ed6-daf5-4227-a361-8e65e49713c9</AD_Tab_ID>
        <AD_Process_ID reference="uuid" reference-key="AD_Process">a4360231-848c-4f28-a032-615aa378788b</AD_Process_ID>
        <DisplayLogic/>
        <SeqNo>40</SeqNo>
        <IsAdvancedButton>N</IsAdvancedButton>
        <IsAddSeparator>N</IsAddSeparator>
        <ReadOnlyLogic/>
        <PressedLogic/>
        <EntityType>U</EntityType>
        <IsShowMore>N</IsShowMore>
    </AD_ToolBarButton>
    <AD_ToolBarButton type="table">
        <AD_Client_ID>0</AD_Client_ID>
        <AD_Org_ID>0</AD_Org_ID>
        <ComponentName>Payroll Create One Doc Vacation for this Employee</ComponentName>
        <IsActive>Y</IsActive>
        <Name>Payroll Create One Doc Vacation for this Employee</Name>
        <IsCustomization>N</IsCustomization>
        <ActionClassName/>
        <ActionName/>
        <KeyStroke_KeyCode/>
        <KeyStroke_Modifiers/>
        <AD_ToolBarButton_UU>927cef69-3bb8-4e46-9f21-f9aeecd0762e</AD_ToolBarButton_UU>
        <Action>W</Action>
        <AD_Tab_ID reference="uuid" reference-key="AD_Tab">5e1593b4-4219-4ae0-a7c8-6260e8586d62</AD_Tab_ID>
        <AD_Process_ID reference="uuid" reference-key="AD_Process">eb74b058-0147-42f0-bd3b-134924e5ef6c</AD_Process_ID>
        <DisplayLogic>@AMN_Process_Value@='NV'</DisplayLogic>
        <SeqNo>15</SeqNo>
        <IsAdvancedButton>N</IsAdvancedButton>
        <IsAddSeparator>N</IsAddSeparator>
        <ReadOnlyLogic/>
        <PressedLogic/>
        <EntityType>AMERP</EntityType>
        <IsShowMore>N</IsShowMore>
    </AD_ToolBarButton>
    <AD_ToolBarButton type="table">
        <AD_Client_ID>0</AD_Client_ID>
        <AD_Org_ID>0</AD_Org_ID>
        <ComponentName>Amper Payroll Receipts NV Report Toolbar</ComponentName>
        <IsActive>Y</IsActive>
        <Name>Payroll Receipts NV Doc Req Toolbar</Name>
        <IsCustomization>N</IsCustomization>
        <ActionClassName/>
        <ActionName/>
        <KeyStroke_KeyCode/>
        <KeyStroke_Modifiers/>
        <AD_ToolBarButton_UU>4c9a9a84-2bb7-4964-a5ee-5321ddde70aa</AD_ToolBarButton_UU>
        <Action>W</Action>
        <AD_Tab_ID reference="uuid" reference-key="AD_Tab">5e1593b4-4219-4ae0-a7c8-6260e8586d62</AD_Tab_ID>
        <AD_Process_ID reference="uuid" reference-key="AD_Process">de124a72-827a-438a-bc25-d401c689837d</AD_Process_ID>
        <DisplayLogic>@AMN_Process_Value@='NV'</DisplayLogic>
        <SeqNo>70</SeqNo>
        <IsAdvancedButton>N</IsAdvancedButton>
        <IsAddSeparator>N</IsAddSeparator>
        <ReadOnlyLogic/>
        <PressedLogic/>
        <EntityType>AMERP</EntityType>
        <IsShowMore>N</IsShowMore>
    </AD_ToolBarButton>
    <AD_ToolBarButton type="table">
        <AD_Client_ID>0</AD_Client_ID>
        <AD_Org_ID>0</AD_Org_ID>
        <ComponentName>Amper Payroll List by Concepts between two dates Report</ComponentName>
        <IsActive>Y</IsActive>
        <Name>Amper Payroll List by Concepts between two dates Report</Name>
        <IsCustomization>N</IsCustomization>
        <ActionClassName/>
        <ActionName/>
        <KeyStroke_KeyCode/>
        <KeyStroke_Modifiers/>
        <AD_ToolBarButton_UU>83abb3a5-92bb-45da-9981-0d03c214e71b</AD_ToolBarButton_UU>
        <Action>W</Action>
        <AD_Tab_ID reference="uuid" reference-key="AD_Tab">152b5bca-7be6-4c52-98fb-1e43f6832665</AD_Tab_ID>
        <AD_Process_ID reference="uuid" reference-key="AD_Process">83ee56a0-2719-4203-8114-3c262c127596</AD_Process_ID>
        <DisplayLogic/>
        <SeqNo>10</SeqNo>
        <IsAdvancedButton>N</IsAdvancedButton>
        <IsAddSeparator>N</IsAddSeparator>
        <ReadOnlyLogic/>
        <PressedLogic/>
        <EntityType>AMERP</EntityType>
        <IsShowMore>N</IsShowMore>
    </AD_ToolBarButton>
    <AD_ToolBarButton type="table">
        <AD_Client_ID>0</AD_Client_ID>
        <AD_Org_ID>0</AD_Org_ID>
        <ComponentName>Amper Payroll Recalculate and Refresh Process One Period Con</ComponentName>
        <IsActive>Y</IsActive>
        <Name>Amper Payroll Recalculate and Refresh Process One Period Con</Name>
        <IsCustomization>N</IsCustomization>
        <ActionClassName/>
        <ActionName/>
        <KeyStroke_KeyCode/>
        <KeyStroke_Modifiers/>
        <AD_ToolBarButton_UU>4c898e3e-cffb-4fa3-a8be-b75a742e2286</AD_ToolBarButton_UU>
        <Action>W</Action>
        <AD_Tab_ID reference="uuid" reference-key="AD_Tab">6a819a55-714b-4306-be96-81c696b0e659</AD_Tab_ID>
        <AD_Process_ID reference="uuid" reference-key="AD_Process">0e69f53b-5ab3-43b3-8f5a-7d28014d6237</AD_Process_ID>
        <DisplayLogic/>
        <SeqNo>30</SeqNo>
        <IsAdvancedButton>N</IsAdvancedButton>
        <IsAddSeparator>N</IsAddSeparator>
        <ReadOnlyLogic/>
        <PressedLogic/>
        <EntityType>U</EntityType>
        <IsShowMore>N</IsShowMore>
    </AD_ToolBarButton>
    <AD_ToolBarButton type="table">
        <AD_Client_ID>0</AD_Client_ID>
        <AD_Org_ID>0</AD_Org_ID>
        <ComponentName>Amper Payroll Delete Docs</ComponentName>
        <IsActive>Y</IsActive>
        <Name>Amper Payroll Delete Docs</Name>
        <IsCustomization>N</IsCustomization>
        <ActionClassName/>
        <ActionName/>
        <KeyStroke_KeyCode/>
        <KeyStroke_Modifiers/>
        <AD_ToolBarButton_UU>494182fc-dacd-41c3-85c1-4931b13388a7</AD_ToolBarButton_UU>
        <Action>W</Action>
        <AD_Tab_ID reference="uuid" reference-key="AD_Tab">6a819a55-714b-4306-be96-81c696b0e659</AD_Tab_ID>
        <AD_Process_ID reference="uuid" reference-key="AD_Process">3ad15f40-bcbb-403c-b2d5-0e9beadd134f</AD_Process_ID>
        <DisplayLogic>@AMN_Process_Value@='NN' | @AMN_Process_Value@='NU'  | @AMN_Process_Value@='TI'  | @AMN_Process_Value@='NO'</DisplayLogic>
        <SeqNo>40</SeqNo>
        <IsAdvancedButton>N</IsAdvancedButton>
        <IsAddSeparator>N</IsAddSeparator>
        <ReadOnlyLogic/>
        <PressedLogic/>
        <EntityType>U</EntityType>
        <IsShowMore>N</IsShowMore>
    </AD_ToolBarButton>
    <AD_ToolBarButton type="table">
        <AD_Client_ID>0</AD_Client_ID>
        <AD_Org_ID>0</AD_Org_ID>
        <ComponentName>Leave Request</ComponentName>
        <IsActive>Y</IsActive>
        <Name>Leave Request</Name>
        <IsCustomization>N</IsCustomization>
        <ActionClassName/>
        <ActionName/>
        <KeyStroke_KeyCode/>
        <KeyStroke_Modifiers/>
        <AD_ToolBarButton_UU>afc0e189-1a26-4756-9198-81d630726afc</AD_ToolBarButton_UU>
        <Action>W</Action>
        <AD_Tab_ID reference="uuid" reference-key="AD_Tab">5b6155f3-1bdc-42ad-b1f4-f9aa2607c252</AD_Tab_ID>
        <AD_Process_ID reference="uuid" reference-key="AD_Process">fae40b18-9e86-4883-ad27-0238c45ac8ac</AD_Process_ID>
        <DisplayLogic/>
        <SeqNo>10</SeqNo>
        <IsAdvancedButton>N</IsAdvancedButton>
        <IsAddSeparator>N</IsAddSeparator>
        <ReadOnlyLogic/>
        <PressedLogic/>
        <EntityType>AMERP</EntityType>
        <IsShowMore>N</IsShowMore>
    </AD_ToolBarButton>
    <AD_ToolBarButton type="table">
        <AD_Client_ID>0</AD_Client_ID>
        <AD_Org_ID>0</AD_Org_ID>
        <ComponentName>Payroll Create One Document for this Employee</ComponentName>
        <IsActive>Y</IsActive>
        <Name>Payroll Create One Document for this Employee</Name>
        <IsCustomization>N</IsCustomization>
        <ActionClassName/>
        <ActionName/>
        <KeyStroke_KeyCode/>
        <KeyStroke_Modifiers/>
        <AD_ToolBarButton_UU>b158c8d3-d5ad-4c12-932c-91c809f7f541</AD_ToolBarButton_UU>
        <Action>W</Action>
        <AD_Tab_ID reference="uuid" reference-key="AD_Tab">5e1593b4-4219-4ae0-a7c8-6260e8586d62</AD_Tab_ID>
        <AD_Process_ID reference="uuid" reference-key="AD_Process">d04347c9-97cb-4353-9958-06ac68bef733</AD_Process_ID>
        <DisplayLogic>@AMN_Process_Value@='NN' | @AMN_Process_Value@='NU' | @AMN_Process_Value@='TI' | @AMN_Process_Value@='NO'</DisplayLogic>
        <SeqNo>10</SeqNo>
        <IsAdvancedButton>N</IsAdvancedButton>
        <IsAddSeparator>N</IsAddSeparator>
        <ReadOnlyLogic/>
        <PressedLogic/>
        <EntityType>U</EntityType>
        <IsShowMore>N</IsShowMore>
    </AD_ToolBarButton>
    <AD_ToolBarButton type="table">
        <AD_Client_ID>0</AD_Client_ID>
        <AD_Org_ID>0</AD_Org_ID>
        <ComponentName>Amper Payroll Receipts PO Report Toolbar</ComponentName>
        <IsActive>Y</IsActive>
        <Name>Amper Payroll Receipts PO Report Toolbar</Name>
        <IsCustomization>N</IsCustomization>
        <ActionClassName/>
        <ActionName/>
        <KeyStroke_KeyCode/>
        <KeyStroke_Modifiers/>
        <AD_ToolBarButton_UU>8cdb9c5c-6813-4bca-9d83-f36050e9d1d0</AD_ToolBarButton_UU>
        <Action>W</Action>
        <AD_Tab_ID reference="uuid" reference-key="AD_Tab">5b7deb45-089e-4a6b-99b1-2aa2d3f9156e</AD_Tab_ID>
        <AD_Process_ID reference="uuid" reference-key="AD_Process">64acc8c2-0768-46f7-a9ad-2fc85404b815</AD_Process_ID>
        <DisplayLogic>@AMN_Process_Value@='PJ'</DisplayLogic>
        <SeqNo>90</SeqNo>
        <IsAdvancedButton>N</IsAdvancedButton>
        <IsAddSeparator>N</IsAddSeparator>
        <ReadOnlyLogic/>
        <PressedLogic/>
        <EntityType>U</EntityType>
        <IsShowMore>N</IsShowMore>
    </AD_ToolBarButton>
    <AD_ToolBarButton type="table">
        <AD_Client_ID>0</AD_Client_ID>
        <AD_Org_ID>0</AD_Org_ID>
        <ComponentName>Amper Payroll Receipts PO Report Toolbar</ComponentName>
        <IsActive>Y</IsActive>
        <Name>Amper Payroll Receipts PO Report Toolbar</Name>
        <IsCustomization>N</IsCustomization>
        <ActionClassName/>
        <ActionName/>
        <KeyStroke_KeyCode/>
        <KeyStroke_Modifiers/>
        <AD_ToolBarButton_UU>1bf7fe2d-82b3-43e8-951b-1f5d0215026a</AD_ToolBarButton_UU>
        <Action>W</Action>
        <AD_Tab_ID reference="uuid" reference-key="AD_Tab">5b7deb45-089e-4a6b-99b1-2aa2d3f9156e</AD_Tab_ID>
        <AD_Process_ID reference="uuid" reference-key="AD_Process">7357e061-9394-47cb-8011-d57e18bd6df1</AD_Process_ID>
        <DisplayLogic>@AMN_Process_Value@='PO'</DisplayLogic>
        <SeqNo>80</SeqNo>
        <IsAdvancedButton>N</IsAdvancedButton>
        <IsAddSeparator>N</IsAddSeparator>
        <ReadOnlyLogic/>
        <PressedLogic/>
        <EntityType>AMERP</EntityType>
        <IsShowMore>N</IsShowMore>
    </AD_ToolBarButton>
    <AD_ToolBarButton type="table">
        <AD_Client_ID>0</AD_Client_ID>
        <AD_Org_ID>0</AD_Org_ID>
        <ComponentName>Amper Payroll Receipts NV ALL Toolbar</ComponentName>
        <IsActive>Y</IsActive>
        <Name>Amper Payroll Receipts NV ALL Toolbar</Name>
        <IsCustomization>N</IsCustomization>
        <ActionClassName/>
        <ActionName/>
        <KeyStroke_KeyCode/>
        <KeyStroke_Modifiers/>
        <AD_ToolBarButton_UU>22fc3401-b104-49bb-8e7f-b3ea5c84bfab</AD_ToolBarButton_UU>
        <Action>W</Action>
        <AD_Tab_ID reference="uuid" reference-key="AD_Tab">5e1593b4-4219-4ae0-a7c8-6260e8586d62</AD_Tab_ID>
        <AD_Process_ID reference="uuid" reference-key="AD_Process">6bf5037e-ac4d-4296-a8e2-877cac505546</AD_Process_ID>
        <DisplayLogic>@AMN_Process_Value@='NV'</DisplayLogic>
        <SeqNo>76</SeqNo>
        <IsAdvancedButton>N</IsAdvancedButton>
        <IsAddSeparator>N</IsAddSeparator>
        <ReadOnlyLogic/>
        <PressedLogic/>
        <EntityType>AMERP</EntityType>
        <IsShowMore>N</IsShowMore>
    </AD_ToolBarButton>
    <AD_ToolBarButton type="table">
        <AD_Client_ID>0</AD_Client_ID>
        <AD_Org_ID>0</AD_Org_ID>
        <ComponentName>Amper Payroll Receipts NV Doc Certification Toolbar</ComponentName>
        <IsActive>Y</IsActive>
        <Name>Amper Payroll Receipts NV Doc Certification Toolbar</Name>
        <IsCustomization>N</IsCustomization>
        <ActionClassName/>
        <ActionName/>
        <KeyStroke_KeyCode/>
        <KeyStroke_Modifiers/>
        <AD_ToolBarButton_UU>48a00917-049f-4e74-b5de-35de4d56e3c9</AD_ToolBarButton_UU>
        <Action>W</Action>
        <AD_Tab_ID reference="uuid" reference-key="AD_Tab">5e1593b4-4219-4ae0-a7c8-6260e8586d62</AD_Tab_ID>
        <AD_Process_ID reference="uuid" reference-key="AD_Process">19db3309-a059-4eb9-bb39-86febc864473</AD_Process_ID>
        <DisplayLogic>@AMN_Process_Value@='NV'</DisplayLogic>
        <SeqNo>74</SeqNo>
        <IsAdvancedButton>N</IsAdvancedButton>
        <IsAddSeparator>N</IsAddSeparator>
        <ReadOnlyLogic/>
        <PressedLogic/>
        <EntityType>AMERP</EntityType>
        <IsShowMore>N</IsShowMore>
    </AD_ToolBarButton>
    <AD_ToolBarButton type="table">
        <AD_Client_ID>0</AD_Client_ID>
        <AD_Org_ID>0</AD_Org_ID>
        <ComponentName>Amper Payroll Receipts NV Doc Answer Toolbar</ComponentName>
        <IsActive>Y</IsActive>
        <Name>Payroll Receipts NV Doc Answer Toolbar</Name>
        <IsCustomization>N</IsCustomization>
        <ActionClassName/>
        <ActionName/>
        <KeyStroke_KeyCode/>
        <KeyStroke_Modifiers/>
        <AD_ToolBarButton_UU>8945a6f5-9ec3-4fb1-8aa2-449062260144</AD_ToolBarButton_UU>
        <Action>W</Action>
        <AD_Tab_ID reference="uuid" reference-key="AD_Tab">5e1593b4-4219-4ae0-a7c8-6260e8586d62</AD_Tab_ID>
        <AD_Process_ID reference="uuid" reference-key="AD_Process">3e6e37ed-8b37-412d-a707-12e358178bfc</AD_Process_ID>
        <DisplayLogic>@AMN_Process_Value@='NV'</DisplayLogic>
        <SeqNo>72</SeqNo>
        <IsAdvancedButton>N</IsAdvancedButton>
        <IsAddSeparator>N</IsAddSeparator>
        <ReadOnlyLogic/>
        <PressedLogic/>
        <EntityType>U</EntityType>
        <IsShowMore>N</IsShowMore>
    </AD_ToolBarButton>
    <AD_ToolBarButton type="table">
        <AD_Client_ID>0</AD_Client_ID>
        <AD_Org_ID>0</AD_Org_ID>
        <ComponentName>Amper Payroll Leave Creates NV</ComponentName>
        <IsActive>Y</IsActive>
        <Name>Amper Payroll Leave Creates NV</Name>
        <IsCustomization>N</IsCustomization>
        <ActionClassName/>
        <ActionName/>
        <KeyStroke_KeyCode/>
        <KeyStroke_Modifiers/>
        <AD_ToolBarButton_UU>56e46771-b00b-448d-8e10-dd74a8729c96</AD_ToolBarButton_UU>
        <Action>W</Action>
        <AD_Tab_ID reference="uuid" reference-key="AD_Tab">5e1593b4-4219-4ae0-a7c8-6260e8586d62</AD_Tab_ID>
        <AD_Process_ID reference="uuid" reference-key="AD_Process">e7765891-5055-470b-989c-e99da91fad4d</AD_Process_ID>
        <DisplayLogic>@AMN_Process_Value@='NV'</DisplayLogic>
        <SeqNo>60</SeqNo>
        <IsAdvancedButton>N</IsAdvancedButton>
        <IsAddSeparator>N</IsAddSeparator>
        <ReadOnlyLogic/>
        <PressedLogic/>
        <EntityType>AMERP</EntityType>
        <IsShowMore>N</IsShowMore>
    </AD_ToolBarButton>
    <AD_Package_Exp type="table">
        <AD_Client_ID>0</AD_Client_ID>
        <AD_Org_ID>0</AD_Org_ID>
        <AD_Package_Type>X</AD_Package_Type>
        <EMail/>
        <Instructions/>
        <Name>AMERPSOFT Personnel and Payroll ToolBar Buttons</Name>
        <Processed>N</Processed>
        <ReleaseNo/>
        <Version/>
        <UserName/>
        <Processing>N</Processing>
        <PK_Version>11</PK_Version>
        <IsActive>Y</IsActive>
        <File_Directory/>
        <Description/>
        <AD_Package_Exp_UU>5d096e0d-a6b5-4c0d-a1bd-abb07bf0230e</AD_Package_Exp_UU>
        <DateFrom/>
        <IsExportDictionaryEntity>N</IsExportDictionaryEntity>
        <AD_Package_Exp_Detail type="table">
            <AD_Client_ID>0</AD_Client_ID>
            <AD_Org_ID>0</AD_Org_ID>
            <AD_Form_ID reference="id"/>
            <AD_ImpFormat_ID reference="id"/>
            <AD_Menu_ID reference="id"/>
            <AD_Process_ID reference="id"/>
            <AD_Role_ID reference="id"/>
            <AD_Window_ID reference="id"/>
            <AD_Workflow_ID reference="id"/>
            <IsActive>Y</IsActive>
            <File_Directory/>
            <FileName/>
            <Destination_FileName/>
            <Destination_Directory/>
            <Description/>
            <DBType>ALL</DBType>
            <Type>D</Type>
            <Target_Directory/>
            <SQLStatement>SELECT * FROM AD_Package_Exp WHERE AD_Package_Exp_UU='5d096e0d-a6b5-4c0d-a1bd-abb07bf0230e';AD_Package_Exp_Detail</SQLStatement>
            <ReleaseNo/>
            <Processing>N</Processing>
            <Processed>N</Processed>
            <Name2/>
            <Line>20</Line>
            <AD_Table_ID reference="id">50005</AD_Table_ID>
            <AD_ReportView_ID reference="id"/>
            <AD_Package_Exp_ID reference="uuid" reference-key="AD_Package_Exp">5d096e0d-a6b5-4c0d-a1bd-abb07bf0230e</AD_Package_Exp_ID>
            <AD_Package_Code_New/>
            <AD_Package_Code_Old/>
            <AD_Val_Rule_ID reference="id"/>
            <AD_Message_ID reference="id"/>
            <AD_PrintFormat_ID reference="id"/>
            <AD_Reference_ID reference="id"/>
            <AD_ModelValidator_ID reference="id"/>
            <AD_EntityType_ID reference="id"/>
            <AD_Package_Exp_Detail_UU>786e1f0b-cc66-4fd0-b5dd-4d121826deea</AD_Package_Exp_Detail_UU>
            <AD_InfoWindow_ID reference="id"/>
            <ExecCode/>
        </AD_Package_Exp_Detail>
        <AD_Package_Exp_Detail type="table">
            <AD_Client_ID>0</AD_Client_ID>
            <AD_Org_ID>0</AD_Org_ID>
            <AD_Form_ID reference="id"/>
            <AD_ImpFormat_ID reference="id"/>
            <AD_Menu_ID reference="id"/>
            <AD_Process_ID reference="id"/>
            <AD_Role_ID reference="id"/>
            <AD_Window_ID reference="id"/>
            <AD_Workflow_ID reference="id"/>
            <IsActive>Y</IsActive>
            <File_Directory/>
            <FileName/>
            <Destination_FileName/>
            <Destination_Directory/>
            <Description/>
            <DBType>ALL</DBType>
            <Type>D</Type>
            <Target_Directory/>
            <SQLStatement>SELECT 	* FROM 	AD_ToolBarButton WHERE 	AD_ToolBarButton_ID IN 
(1000000,1000001,1000002,1000003,1000004,1000005,1000006,1000010,1000011,1000012,1000013,1000014,1000015,1000018,1000019,1000020,1000021,1000022,1000029,1000030,1000031,1000027,1000028,1000032,1000033,1000034,1000009,1000026,1000025,1000024,1000023,1000035,1000036,1000037,1000038,1000039,1000040,1000041,1000042,1000043,1000044,1000045,1000046,1000047,1000048,1000049,1000050,1000051,1000052,1000053,1000007,1000008,1000054,1000055,1000056,1000057,1000058,1000059,1000060,1000061,1000062,1000063,1000064,1000066,1000068,1000069,1000070,1000071,1000017,1000073,1000016,1000074,1000072,1000065,1000075)</SQLStatement>
            <ReleaseNo/>
            <Processing>N</Processing>
            <Processed>N</Processed>
            <Name2/>
            <Line>10</Line>
            <AD_Table_ID reference="id">200003</AD_Table_ID>
            <AD_ReportView_ID reference="id"/>
            <AD_Package_Exp_ID reference="uuid" reference-key="AD_Package_Exp">5d096e0d-a6b5-4c0d-a1bd-abb07bf0230e</AD_Package_Exp_ID>
            <AD_Package_Code_New/>
            <AD_Package_Code_Old/>
            <AD_Val_Rule_ID reference="id"/>
            <AD_Message_ID reference="id"/>
            <AD_PrintFormat_ID reference="id"/>
            <AD_Reference_ID reference="id"/>
            <AD_ModelValidator_ID reference="id"/>
            <AD_EntityType_ID reference="id"/>
            <AD_Package_Exp_Detail_UU>8a32c5bf-f725-4175-921c-6de5d144187b</AD_Package_Exp_Detail_UU>
            <AD_InfoWindow_ID reference="id"/>
            <ExecCode/>
        </AD_Package_Exp_Detail>
    </AD_Package_Exp>
</idempiere>
