<?xml version="1.0" encoding="UTF-8"?><idempiere Name="AD_Process" Version="1.0.0" idempiereVersion="11.0.0.qualifier" DataBaseVersion="2023-12-24" Description="" Author="System" AuthorEmail="system @ idempiere.com" CreatedDate="Wed Dec 04 09:07:53 CET 2024" UpdatedDate="Wed Dec 04 09:07:53 CET 2024" PackOutVersion="100" UpdateDictionary="true" Client="0-SYSTEM-System" AD_Client_UU="11237b53-9592-4af1-b3c5-afd216514b5d">
    <AD_Process type="table">
        <AD_Client_ID>0</AD_Client_ID>
        <AD_Org_ID>0</AD_Org_ID>
        <IsActive>Y</IsActive>
        <Name>Process Leaves and Licences</Name>
        <Description>Processes for  Leaves and Licences</Description>
        <Help/>
        <ProcedureName/>
        <IsReport>N</IsReport>
        <Value>AMN_Leaves Process</Value>
        <IsDirectPrint>N</IsDirectPrint>
        <AD_ReportView_ID reference="id"/>
        <Classname>org.amerp.process.AMNPayrolLeavesProcess</Classname>
        <AccessLevel>1</AccessLevel>
        <EntityType>D</EntityType>
        <Statistic_Count/>
        <Statistic_Seconds/>
        <AD_PrintFormat_ID reference="id"/>
        <WorkflowValue/>
        <AD_Workflow_ID reference="id"/>
        <IsBetaFunctionality>N</IsBetaFunctionality>
        <ShowHelp>Y</ShowHelp>
        <JasperReport/>
        <AD_Form_ID reference="id"/>
        <CopyFromProcess/>
        <AD_Process_UU>18f41f51-0215-4258-9d53-178df10adf03</AD_Process_UU>
        <AD_CtxHelp_ID reference="id"/>
        <ExecutionType/>
        <AllowMultipleExecution>Y</AllowMultipleExecution>
        <FileNamePattern/>
        <AD_Process_Trl type="translation">
            <Description/>
            <Help/>
            <Name>Process Leaves and Licences</Name>
            <AD_Language>es_PY</AD_Language>
            <IsActive>Y</IsActive>
            <IsTranslated>N</IsTranslated>
        </AD_Process_Trl>
        <AD_Process_Trl type="translation">
            <Description/>
            <Help/>
            <Name>Process Leaves and Licences</Name>
            <AD_Language>es_CO</AD_Language>
            <IsActive>Y</IsActive>
            <IsTranslated>N</IsTranslated>
        </AD_Process_Trl>
        <AD_Reference type="table">
            <AD_Reference_ID>19</AD_Reference_ID>
            <AD_Client_ID>0</AD_Client_ID>
            <AD_Org_ID>0</AD_Org_ID>
            <AD_Reference_ID>19</AD_Reference_ID>
            <Name>Table Direct</Name>
            <Description>Direct Table Access</Description>
            <Help/>
            <ValidationType>D</ValidationType>
            <IsActive>Y</IsActive>
            <VFormat/>
            <EntityType>D</EntityType>
            <IsOrderByValue>N</IsOrderByValue>
            <AD_Reference_UU>85767149-7019-4224-a8d0-41f0d9d77d47</AD_Reference_UU>
            <AD_Element_ID reference="id"/>
            <ShowInactive>N</ShowInactive>
            <AD_Reference_Trl type="translation">
                <Description>Acceso directo de tabla</Description>
                <Help/>
                <Name>Tabla Directa</Name>
                <AD_Language>es_CO</AD_Language>
                <IsActive>Y</IsActive>
                <IsTranslated>Y</IsTranslated>
            </AD_Reference_Trl>
            <AD_Reference_Trl type="translation">
                <Description>Acceso directo de tabla</Description>
                <Help/>
                <Name>Tabla Directa</Name>
                <AD_Language>es_PY</AD_Language>
                <IsActive>Y</IsActive>
                <IsTranslated>Y</IsTranslated>
            </AD_Reference_Trl>
        </AD_Reference>
        <AD_Element type="table">
            <AD_Client_ID>0</AD_Client_ID>
            <AD_Org_ID>0</AD_Org_ID>
            <IsActive>Y</IsActive>
            <ColumnName>AMN_Leaves_ID</ColumnName>
            <Name>Leaves and Licences</Name>
            <Description>Leaves and Licences</Description>
            <Help/>
            <PrintName>Leaves and Licences</PrintName>
            <PO_Description/>
            <PO_Help/>
            <PO_Name/>
            <PO_PrintName/>
            <EntityType>AMERP</EntityType>
            <AD_Element_UU>414b382a-bd87-4bbe-b97e-124dbf07fa95</AD_Element_UU>
            <Placeholder/>
            <AD_Element_Trl type="translation">
                <Description>Ausencias y/o Permisos</Description>
                <Help/>
                <Name>Ausencias y/o Permisos</Name>
                <Placeholder/>
                <PO_Description/>
                <PO_Help/>
                <PO_Name/>
                <PO_PrintName/>
                <PrintName>Ausencia</PrintName>
                <AD_Language>es_CO</AD_Language>
                <IsActive>Y</IsActive>
                <IsTranslated>N</IsTranslated>
            </AD_Element_Trl>
            <AD_Element_Trl type="translation">
                <Description>Ausencias y/o Permisos</Description>
                <Help/>
                <Name>Ausencias y/o Permisos</Name>
                <Placeholder/>
                <PO_Description/>
                <PO_Help/>
                <PO_Name/>
                <PO_PrintName/>
                <PrintName>Ausencia</PrintName>
                <AD_Language>es_PY</AD_Language>
                <IsActive>Y</IsActive>
                <IsTranslated>N</IsTranslated>
            </AD_Element_Trl>
        </AD_Element>
        <AD_Process_Para type="table">
            <AD_Client_ID>0</AD_Client_ID>
            <AD_Org_ID>0</AD_Org_ID>
            <IsActive>Y</IsActive>
            <Name>Leaves and Licences</Name>
            <Description>Leaves and Licences</Description>
            <Help/>
            <AD_Process_ID reference="uuid" reference-key="AD_Process">18f41f51-0215-4258-9d53-178df10adf03</AD_Process_ID>
            <SeqNo>10</SeqNo>
            <AD_Reference_ID reference="id">19</AD_Reference_ID>
            <AD_Reference_Value_ID reference="id"/>
            <IsRange>N</IsRange>
            <AD_Val_Rule_ID reference="id"/>
            <FieldLength>22</FieldLength>
            <IsMandatory>N</IsMandatory>
            <DefaultValue>@AMN_Leaves_ID@</DefaultValue>
            <VFormat/>
            <ValueMin/>
            <ValueMax/>
            <ColumnName>AMN_Leaves_ID</ColumnName>
            <DefaultValue2/>
            <IsCentrallyMaintained>Y</IsCentrallyMaintained>
            <EntityType>AMERP</EntityType>
            <AD_Element_ID reference="uuid" reference-key="AD_Element">414b382a-bd87-4bbe-b97e-124dbf07fa95</AD_Element_ID>
            <ReadOnlyLogic/>
            <DisplayLogic/>
            <AD_Process_Para_UU>5ecae1a1-8123-49e4-976d-7bf1f9dadfd2</AD_Process_Para_UU>
            <IsEncrypted>N</IsEncrypted>
            <MandatoryLogic/>
            <Query/>
            <AD_FieldGroup_ID reference="id"/>
            <Placeholder/>
            <Placeholder2/>
            <IsAutocomplete>N</IsAutocomplete>
            <DateRangeOption>D</DateRangeOption>
            <IsShowNegateButton>N</IsShowNegateButton>
            <AD_Process_Para_Trl type="translation">
                <Description>Ausencias y/o Permisos</Description>
                <Help/>
                <Name>Ausencias y/o Permisos</Name>
                <Placeholder/>
                <Placeholder2/>
                <AD_Language>es_PY</AD_Language>
                <IsActive>Y</IsActive>
                <IsTranslated>N</IsTranslated>
            </AD_Process_Para_Trl>
            <AD_Process_Para_Trl type="translation">
                <Description>Ausencias y/o Permisos</Description>
                <Help/>
                <Name>Ausencias y/o Permisos</Name>
                <Placeholder/>
                <Placeholder2/>
                <AD_Language>es_CO</AD_Language>
                <IsActive>Y</IsActive>
                <IsTranslated>N</IsTranslated>
            </AD_Process_Para_Trl>
        </AD_Process_Para>
        <AD_Reference type="table">
            <AD_Reference_ID>14</AD_Reference_ID>
            <AD_Client_ID>0</AD_Client_ID>
            <AD_Org_ID>0</AD_Org_ID>
            <AD_Reference_ID>14</AD_Reference_ID>
            <Name>Text</Name>
            <Description>Character String up to 2000 characters</Description>
            <Help/>
            <ValidationType>D</ValidationType>
            <IsActive>Y</IsActive>
            <VFormat/>
            <EntityType>D</EntityType>
            <IsOrderByValue>N</IsOrderByValue>
            <AD_Reference_UU>a52011ae-3d88-4a9b-8179-a42330a26f5b</AD_Reference_UU>
            <AD_Element_ID reference="id"/>
            <ShowInactive>N</ShowInactive>
            <AD_Reference_Trl type="translation">
                <Description>Cadena de caracteres de hasta 2000</Description>
                <Help/>
                <Name>Texto</Name>
                <AD_Language>es_CO</AD_Language>
                <IsActive>Y</IsActive>
                <IsTranslated>Y</IsTranslated>
            </AD_Reference_Trl>
            <AD_Reference_Trl type="translation">
                <Description>Cadena de caracteres de hasta 2000</Description>
                <Help/>
                <Name>Texto</Name>
                <AD_Language>es_PY</AD_Language>
                <IsActive>Y</IsActive>
                <IsTranslated>Y</IsTranslated>
            </AD_Reference_Trl>
        </AD_Reference>
        <AD_Element type="table">
            <AD_Element_ID>1115</AD_Element_ID>
            <AD_Client_ID>0</AD_Client_ID>
            <AD_Org_ID>0</AD_Org_ID>
            <AD_Element_ID>1115</AD_Element_ID>
            <IsActive>Y</IsActive>
            <ColumnName>Note</ColumnName>
            <Name>Note</Name>
            <Description>Optional additional user defined information</Description>
            <Help>The Note field allows for optional entry of user defined information regarding this record</Help>
            <PrintName>Note</PrintName>
            <PO_Description/>
            <PO_Help/>
            <PO_Name/>
            <PO_PrintName/>
            <EntityType>D</EntityType>
            <AD_Element_UU>94773def-b275-4cd8-a210-8a70700ded72</AD_Element_UU>
            <Placeholder/>
            <AD_Element_Trl type="translation">
                <Description>Información adicional opcional definida por el usuario</Description>
                <Help>El campo Nota permite una entrada opcional de información definida por el usuario considerando este registro</Help>
                <Name>Nota</Name>
                <Placeholder/>
                <PO_Description/>
                <PO_Help/>
                <PO_Name/>
                <PO_PrintName/>
                <PrintName>Nota</PrintName>
                <AD_Language>es_CO</AD_Language>
                <IsActive>Y</IsActive>
                <IsTranslated>Y</IsTranslated>
            </AD_Element_Trl>
            <AD_Element_Trl type="translation">
                <Description>Información adicional opcional definida por el usuario</Description>
                <Help>El campo Nota permite una entrada opcional de información definida por el usuario considerando este registro</Help>
                <Name>Nota</Name>
                <Placeholder/>
                <PO_Description/>
                <PO_Help/>
                <PO_Name/>
                <PO_PrintName/>
                <PrintName>Nota</PrintName>
                <AD_Language>es_PY</AD_Language>
                <IsActive>Y</IsActive>
                <IsTranslated>Y</IsTranslated>
            </AD_Element_Trl>
        </AD_Element>
        <AD_Process_Para type="table">
            <AD_Client_ID>0</AD_Client_ID>
            <AD_Org_ID>0</AD_Org_ID>
            <IsActive>Y</IsActive>
            <Name>Note</Name>
            <Description>Optional additional user defined information</Description>
            <Help>The Note field allows for optional entry of user defined information regarding this record</Help>
            <AD_Process_ID reference="uuid" reference-key="AD_Process">18f41f51-0215-4258-9d53-178df10adf03</AD_Process_ID>
            <SeqNo>20</SeqNo>
            <AD_Reference_ID reference="id">14</AD_Reference_ID>
            <AD_Reference_Value_ID reference="id"/>
            <IsRange>N</IsRange>
            <AD_Val_Rule_ID reference="id"/>
            <FieldLength>2000</FieldLength>
            <IsMandatory>N</IsMandatory>
            <DefaultValue/>
            <VFormat/>
            <ValueMin/>
            <ValueMax/>
            <ColumnName>Note</ColumnName>
            <DefaultValue2/>
            <IsCentrallyMaintained>Y</IsCentrallyMaintained>
            <EntityType>U</EntityType>
            <AD_Element_ID reference="id">1115</AD_Element_ID>
            <ReadOnlyLogic/>
            <DisplayLogic/>
            <AD_Process_Para_UU>2093a1a8-4170-4093-b9a7-3be387d95cdd</AD_Process_Para_UU>
            <IsEncrypted>N</IsEncrypted>
            <MandatoryLogic/>
            <Query/>
            <AD_FieldGroup_ID reference="id"/>
            <Placeholder/>
            <Placeholder2/>
            <IsAutocomplete>N</IsAutocomplete>
            <DateRangeOption>D</DateRangeOption>
            <IsShowNegateButton>N</IsShowNegateButton>
            <AD_Process_Para_Trl type="translation">
                <Description>Información adicional opcional definida por el usuario</Description>
                <Help>El campo Nota permite una entrada opcional de información definida por el usuario considerando este registro</Help>
                <Name>Nota</Name>
                <Placeholder/>
                <Placeholder2/>
                <AD_Language>es_PY</AD_Language>
                <IsActive>Y</IsActive>
                <IsTranslated>Y</IsTranslated>
            </AD_Process_Para_Trl>
            <AD_Process_Para_Trl type="translation">
                <Description>Información adicional opcional definida por el usuario</Description>
                <Help>El campo Nota permite una entrada opcional de información definida por el usuario considerando este registro</Help>
                <Name>Nota</Name>
                <Placeholder/>
                <Placeholder2/>
                <AD_Language>es_CO</AD_Language>
                <IsActive>Y</IsActive>
                <IsTranslated>Y</IsTranslated>
            </AD_Process_Para_Trl>
        </AD_Process_Para>
        <AD_Reference type="table">
            <AD_Reference_ID>17</AD_Reference_ID>
            <AD_Client_ID>0</AD_Client_ID>
            <AD_Org_ID>0</AD_Org_ID>
            <AD_Reference_ID>17</AD_Reference_ID>
            <Name>List</Name>
            <Description>Reference List</Description>
            <Help/>
            <ValidationType>D</ValidationType>
            <IsActive>Y</IsActive>
            <VFormat/>
            <EntityType>D</EntityType>
            <IsOrderByValue>N</IsOrderByValue>
            <AD_Reference_UU>70bc89e7-5848-4ff5-a1f0-e1b1aed3796f</AD_Reference_UU>
            <AD_Element_ID reference="id"/>
            <ShowInactive>N</ShowInactive>
            <AD_Reference_Trl type="translation">
                <Description>Lista de Referencia</Description>
                <Help/>
                <Name>Lista</Name>
                <AD_Language>es_CO</AD_Language>
                <IsActive>Y</IsActive>
                <IsTranslated>Y</IsTranslated>
            </AD_Reference_Trl>
            <AD_Reference_Trl type="translation">
                <Description>Lista de Referencia</Description>
                <Help/>
                <Name>Lista</Name>
                <AD_Language>es_PY</AD_Language>
                <IsActive>Y</IsActive>
                <IsTranslated>Y</IsTranslated>
            </AD_Reference_Trl>
        </AD_Reference>
        <AD_Reference type="table">
            <AD_Client_ID>0</AD_Client_ID>
            <AD_Org_ID>0</AD_Org_ID>
            <Name>AMN_Leaves_Status</Name>
            <Description>Status of Leaves request</Description>
            <Help/>
            <ValidationType>L</ValidationType>
            <IsActive>Y</IsActive>
            <VFormat/>
            <EntityType>AMERP</EntityType>
            <IsOrderByValue>N</IsOrderByValue>
            <AD_Reference_UU>9aeff34f-87c1-4bbd-83cd-ae8d016ee58b</AD_Reference_UU>
            <AD_Element_ID reference="id"/>
            <ShowInactive>N</ShowInactive>
            <AD_Reference_Trl type="translation">
                <Description>Estado de la Solicitud de Ausencia</Description>
                <Help/>
                <Name>Estado Solicitud Ausencia</Name>
                <AD_Language>es_PY</AD_Language>
                <IsActive>Y</IsActive>
                <IsTranslated>N</IsTranslated>
            </AD_Reference_Trl>
            <AD_Reference_Trl type="translation">
                <Description>Estado de la Solicitud de Ausencia</Description>
                <Help/>
                <Name>Estado Solicitud Ausencia</Name>
                <AD_Language>es_CO</AD_Language>
                <IsActive>Y</IsActive>
                <IsTranslated>N</IsTranslated>
            </AD_Reference_Trl>
            <AD_Ref_List type="table">
                <AD_Client_ID>0</AD_Client_ID>
                <AD_Org_ID>0</AD_Org_ID>
                <Name>Unknown</Name>
                <Description/>
                <AD_Reference_ID reference="uuid" reference-key="AD_Reference">9aeff34f-87c1-4bbd-83cd-ae8d016ee58b</AD_Reference_ID>
                <ValidFrom/>
                <ValidTo/>
                <Value>??</Value>
                <IsActive>Y</IsActive>
                <EntityType>D</EntityType>
                <AD_Ref_List_UU>6d3db7c7-7552-4ab1-819d-959e19c0ad83</AD_Ref_List_UU>
                <AD_Ref_List_Trl type="translation">
                    <Description/>
                    <Name>Unknown</Name>
                    <AD_Language>es_PY</AD_Language>
                    <IsActive>Y</IsActive>
                    <IsTranslated>N</IsTranslated>
                </AD_Ref_List_Trl>
                <AD_Ref_List_Trl type="translation">
                    <Description/>
                    <Name>Unknown</Name>
                    <AD_Language>es_CO</AD_Language>
                    <IsActive>Y</IsActive>
                    <IsTranslated>N</IsTranslated>
                </AD_Ref_List_Trl>
            </AD_Ref_List>
            <AD_Ref_List type="table">
                <AD_Client_ID>0</AD_Client_ID>
                <AD_Org_ID>0</AD_Org_ID>
                <Name>Closed</Name>
                <Description/>
                <AD_Reference_ID reference="uuid" reference-key="AD_Reference">9aeff34f-87c1-4bbd-83cd-ae8d016ee58b</AD_Reference_ID>
                <ValidFrom/>
                <ValidTo/>
                <Value>CL</Value>
                <IsActive>Y</IsActive>
                <EntityType>D</EntityType>
                <AD_Ref_List_UU>daba4a2c-e4ce-4cef-9a9b-0a64ed0bf03c</AD_Ref_List_UU>
                <AD_Ref_List_Trl type="translation">
                    <Description/>
                    <Name>Closed</Name>
                    <AD_Language>es_PY</AD_Language>
                    <IsActive>Y</IsActive>
                    <IsTranslated>N</IsTranslated>
                </AD_Ref_List_Trl>
                <AD_Ref_List_Trl type="translation">
                    <Description/>
                    <Name>Closed</Name>
                    <AD_Language>es_CO</AD_Language>
                    <IsActive>Y</IsActive>
                    <IsTranslated>N</IsTranslated>
                </AD_Ref_List_Trl>
            </AD_Ref_List>
            <AD_Ref_List type="table">
                <AD_Client_ID>0</AD_Client_ID>
                <AD_Org_ID>0</AD_Org_ID>
                <Name>Completed</Name>
                <Description/>
                <AD_Reference_ID reference="uuid" reference-key="AD_Reference">9aeff34f-87c1-4bbd-83cd-ae8d016ee58b</AD_Reference_ID>
                <ValidFrom/>
                <ValidTo/>
                <Value>CO</Value>
                <IsActive>Y</IsActive>
                <EntityType>D</EntityType>
                <AD_Ref_List_UU>fd2e3870-9e45-40b4-a5f5-4cb7398821c4</AD_Ref_List_UU>
                <AD_Ref_List_Trl type="translation">
                    <Description/>
                    <Name>Completed</Name>
                    <AD_Language>es_PY</AD_Language>
                    <IsActive>Y</IsActive>
                    <IsTranslated>N</IsTranslated>
                </AD_Ref_List_Trl>
                <AD_Ref_List_Trl type="translation">
                    <Description/>
                    <Name>Completed</Name>
                    <AD_Language>es_CO</AD_Language>
                    <IsActive>Y</IsActive>
                    <IsTranslated>N</IsTranslated>
                </AD_Ref_List_Trl>
            </AD_Ref_List>
            <AD_Ref_List type="table">
                <AD_Client_ID>0</AD_Client_ID>
                <AD_Org_ID>0</AD_Org_ID>
                <Name>Drafted</Name>
                <Description/>
                <AD_Reference_ID reference="uuid" reference-key="AD_Reference">9aeff34f-87c1-4bbd-83cd-ae8d016ee58b</AD_Reference_ID>
                <ValidFrom/>
                <ValidTo/>
                <Value>DR</Value>
                <IsActive>Y</IsActive>
                <EntityType>D</EntityType>
                <AD_Ref_List_UU>c4671c1b-13e3-4d96-a525-93183e1a5b87</AD_Ref_List_UU>
                <AD_Ref_List_Trl type="translation">
                    <Description/>
                    <Name>Drafted</Name>
                    <AD_Language>es_PY</AD_Language>
                    <IsActive>Y</IsActive>
                    <IsTranslated>N</IsTranslated>
                </AD_Ref_List_Trl>
                <AD_Ref_List_Trl type="translation">
                    <Description/>
                    <Name>Drafted</Name>
                    <AD_Language>es_CO</AD_Language>
                    <IsActive>Y</IsActive>
                    <IsTranslated>N</IsTranslated>
                </AD_Ref_List_Trl>
            </AD_Ref_List>
            <AD_Ref_List type="table">
                <AD_Client_ID>0</AD_Client_ID>
                <AD_Org_ID>0</AD_Org_ID>
                <Name>Supervisor Approved</Name>
                <Description>Supervisor Approved</Description>
                <AD_Reference_ID reference="uuid" reference-key="AD_Reference">9aeff34f-87c1-4bbd-83cd-ae8d016ee58b</AD_Reference_ID>
                <ValidFrom/>
                <ValidTo/>
                <Value>SA</Value>
                <IsActive>Y</IsActive>
                <EntityType>D</EntityType>
                <AD_Ref_List_UU>4c35b5a9-e1c2-47d0-960a-d3193e50dfb1</AD_Ref_List_UU>
                <AD_Ref_List_Trl type="translation">
                    <Description>Ausencia Aprobada por Supervisor</Description>
                    <Name>Aprobada por Supervisor</Name>
                    <AD_Language>es_PY</AD_Language>
                    <IsActive>Y</IsActive>
                    <IsTranslated>N</IsTranslated>
                </AD_Ref_List_Trl>
                <AD_Ref_List_Trl type="translation">
                    <Description>Ausencia Aprobada por Supervisor</Description>
                    <Name>Aprobada por Supervisor</Name>
                    <AD_Language>es_CO</AD_Language>
                    <IsActive>Y</IsActive>
                    <IsTranslated>N</IsTranslated>
                </AD_Ref_List_Trl>
            </AD_Ref_List>
            <AD_Ref_List type="table">
                <AD_Client_ID>0</AD_Client_ID>
                <AD_Org_ID>0</AD_Org_ID>
                <Name>Supervisor Rejected</Name>
                <Description>Supervisor Rejected</Description>
                <AD_Reference_ID reference="uuid" reference-key="AD_Reference">9aeff34f-87c1-4bbd-83cd-ae8d016ee58b</AD_Reference_ID>
                <ValidFrom/>
                <ValidTo/>
                <Value>SR</Value>
                <IsActive>Y</IsActive>
                <EntityType>D</EntityType>
                <AD_Ref_List_UU>17dbe17d-12fd-417f-825e-ec497d6eac6a</AD_Ref_List_UU>
                <AD_Ref_List_Trl type="translation">
                    <Description>Ausencia Rechazada por Supervisor</Description>
                    <Name>Rechazada por Supervisor</Name>
                    <AD_Language>es_PY</AD_Language>
                    <IsActive>Y</IsActive>
                    <IsTranslated>N</IsTranslated>
                </AD_Ref_List_Trl>
                <AD_Ref_List_Trl type="translation">
                    <Description>Ausencia Rechazada por Supervisor</Description>
                    <Name>Rechazada por Supervisor</Name>
                    <AD_Language>es_CO</AD_Language>
                    <IsActive>Y</IsActive>
                    <IsTranslated>N</IsTranslated>
                </AD_Ref_List_Trl>
            </AD_Ref_List>
            <AD_Ref_List type="table">
                <AD_Client_ID>0</AD_Client_ID>
                <AD_Org_ID>0</AD_Org_ID>
                <Name>HR Approved</Name>
                <Description>Human Resources Approved</Description>
                <AD_Reference_ID reference="uuid" reference-key="AD_Reference">9aeff34f-87c1-4bbd-83cd-ae8d016ee58b</AD_Reference_ID>
                <ValidFrom/>
                <ValidTo/>
                <Value>RA</Value>
                <IsActive>Y</IsActive>
                <EntityType>D</EntityType>
                <AD_Ref_List_UU>a20d0e0c-8b86-4963-ac0f-0aaf65d38484</AD_Ref_List_UU>
                <AD_Ref_List_Trl type="translation">
                    <Description>Aprobada por Recursos Humanos</Description>
                    <Name>Aprobada por HHRR</Name>
                    <AD_Language>es_PY</AD_Language>
                    <IsActive>Y</IsActive>
                    <IsTranslated>N</IsTranslated>
                </AD_Ref_List_Trl>
                <AD_Ref_List_Trl type="translation">
                    <Description>Aprobada por Recursos Humanos</Description>
                    <Name>Aprobada por HHRR</Name>
                    <AD_Language>es_CO</AD_Language>
                    <IsActive>Y</IsActive>
                    <IsTranslated>N</IsTranslated>
                </AD_Ref_List_Trl>
            </AD_Ref_List>
            <AD_Ref_List type="table">
                <AD_Client_ID>0</AD_Client_ID>
                <AD_Org_ID>0</AD_Org_ID>
                <Name>HR Rejected</Name>
                <Description>Human Resources Rejected</Description>
                <AD_Reference_ID reference="uuid" reference-key="AD_Reference">9aeff34f-87c1-4bbd-83cd-ae8d016ee58b</AD_Reference_ID>
                <ValidFrom/>
                <ValidTo/>
                <Value>RR</Value>
                <IsActive>Y</IsActive>
                <EntityType>D</EntityType>
                <AD_Ref_List_UU>d9590231-99fd-4e5a-97ea-f52c80417adc</AD_Ref_List_UU>
                <AD_Ref_List_Trl type="translation">
                    <Description>Ausencia Rechazada por Recursos Humanos</Description>
                    <Name>Rechazada por HHRR</Name>
                    <AD_Language>es_PY</AD_Language>
                    <IsActive>Y</IsActive>
                    <IsTranslated>N</IsTranslated>
                </AD_Ref_List_Trl>
                <AD_Ref_List_Trl type="translation">
                    <Description>Ausencia Rechazada por Recursos Humanos</Description>
                    <Name>Rechazada por HHRR</Name>
                    <AD_Language>es_CO</AD_Language>
                    <IsActive>Y</IsActive>
                    <IsTranslated>N</IsTranslated>
                </AD_Ref_List_Trl>
            </AD_Ref_List>
            <AD_Ref_List type="table">
                <AD_Client_ID>0</AD_Client_ID>
                <AD_Org_ID>0</AD_Org_ID>
                <Name>Filed</Name>
                <Description>Filed</Description>
                <AD_Reference_ID reference="uuid" reference-key="AD_Reference">9aeff34f-87c1-4bbd-83cd-ae8d016ee58b</AD_Reference_ID>
                <ValidFrom/>
                <ValidTo/>
                <Value>AR</Value>
                <IsActive>Y</IsActive>
                <EntityType>D</EntityType>
                <AD_Ref_List_UU>bff78b9e-bea6-4917-89a7-3c852b210c00</AD_Ref_List_UU>
                <AD_Ref_List_Trl type="translation">
                    <Description>Ausencia Archivada</Description>
                    <Name>Archivada</Name>
                    <AD_Language>es_PY</AD_Language>
                    <IsActive>Y</IsActive>
                    <IsTranslated>N</IsTranslated>
                </AD_Ref_List_Trl>
                <AD_Ref_List_Trl type="translation">
                    <Description>Ausencia Archivada</Description>
                    <Name>Archivada</Name>
                    <AD_Language>es_CO</AD_Language>
                    <IsActive>Y</IsActive>
                    <IsTranslated>N</IsTranslated>
                </AD_Ref_List_Trl>
            </AD_Ref_List>
        </AD_Reference>
        <AD_Element type="table">
            <AD_Client_ID>0</AD_Client_ID>
            <AD_Org_ID>0</AD_Org_ID>
            <IsActive>Y</IsActive>
            <ColumnName>AMN_Leaves_Status</ColumnName>
            <Name>Leaves Status</Name>
            <Description/>
            <Help/>
            <PrintName>Leaves Status</PrintName>
            <PO_Description/>
            <PO_Help/>
            <PO_Name/>
            <PO_PrintName/>
            <EntityType>AMERP</EntityType>
            <AD_Element_UU>1d34ffc4-47cd-403a-8e6c-0ed2ee0b347d</AD_Element_UU>
            <Placeholder/>
            <AD_Element_Trl type="translation">
                <Description>Estado de la Solcitud de Ausencia</Description>
                <Help/>
                <Name>Estado de la Ausencia</Name>
                <Placeholder/>
                <PO_Description/>
                <PO_Help/>
                <PO_Name/>
                <PO_PrintName/>
                <PrintName>Estado Ausencia</PrintName>
                <AD_Language>es_CO</AD_Language>
                <IsActive>Y</IsActive>
                <IsTranslated>N</IsTranslated>
            </AD_Element_Trl>
            <AD_Element_Trl type="translation">
                <Description>Estado de la Solcitud de Ausencia</Description>
                <Help/>
                <Name>Estado de la Ausencia</Name>
                <Placeholder/>
                <PO_Description/>
                <PO_Help/>
                <PO_Name/>
                <PO_PrintName/>
                <PrintName>Estado Ausencia</PrintName>
                <AD_Language>es_PY</AD_Language>
                <IsActive>Y</IsActive>
                <IsTranslated>N</IsTranslated>
            </AD_Element_Trl>
        </AD_Element>
        <AD_Process_Para type="table">
            <AD_Client_ID>0</AD_Client_ID>
            <AD_Org_ID>0</AD_Org_ID>
            <IsActive>Y</IsActive>
            <Name>Leaves Status</Name>
            <Description/>
            <Help/>
            <AD_Process_ID reference="uuid" reference-key="AD_Process">18f41f51-0215-4258-9d53-178df10adf03</AD_Process_ID>
            <SeqNo>30</SeqNo>
            <AD_Reference_ID reference="id">17</AD_Reference_ID>
            <AD_Reference_Value_ID reference="uuid" reference-key="AD_Reference">9aeff34f-87c1-4bbd-83cd-ae8d016ee58b</AD_Reference_Value_ID>
            <IsRange>N</IsRange>
            <AD_Val_Rule_ID reference="id"/>
            <FieldLength>2</FieldLength>
            <IsMandatory>N</IsMandatory>
            <DefaultValue/>
            <VFormat/>
            <ValueMin/>
            <ValueMax/>
            <ColumnName>AMN_Leaves_Status</ColumnName>
            <DefaultValue2/>
            <IsCentrallyMaintained>Y</IsCentrallyMaintained>
            <EntityType>U</EntityType>
            <AD_Element_ID reference="uuid" reference-key="AD_Element">1d34ffc4-47cd-403a-8e6c-0ed2ee0b347d</AD_Element_ID>
            <ReadOnlyLogic/>
            <DisplayLogic/>
            <AD_Process_Para_UU>81ae420c-ef99-4638-a079-e263a6c3a8fd</AD_Process_Para_UU>
            <IsEncrypted>N</IsEncrypted>
            <MandatoryLogic/>
            <Query/>
            <AD_FieldGroup_ID reference="id"/>
            <Placeholder/>
            <Placeholder2/>
            <IsAutocomplete>N</IsAutocomplete>
            <DateRangeOption>D</DateRangeOption>
            <IsShowNegateButton>N</IsShowNegateButton>
            <AD_Process_Para_Trl type="translation">
                <Description>Estado de la Solcitud de Ausencia</Description>
                <Help/>
                <Name>Estado de la Ausencia</Name>
                <Placeholder/>
                <Placeholder2/>
                <AD_Language>es_PY</AD_Language>
                <IsActive>Y</IsActive>
                <IsTranslated>N</IsTranslated>
            </AD_Process_Para_Trl>
            <AD_Process_Para_Trl type="translation">
                <Description>Estado de la Solcitud de Ausencia</Description>
                <Help/>
                <Name>Estado de la Ausencia</Name>
                <Placeholder/>
                <Placeholder2/>
                <AD_Language>es_CO</AD_Language>
                <IsActive>Y</IsActive>
                <IsTranslated>N</IsTranslated>
            </AD_Process_Para_Trl>
        </AD_Process_Para>
    </AD_Process>
</idempiere>
