<?xml version="1.0" encoding="UTF-8"?><?xml-stylesheet type="text/css" href="idempiereDocument.css"?><idempiereDocument>
    <header>AMERPSOFT Themes Package Description</header>
    <H1>Package Name:</H1>
    <packagename>AMERPSOFT Themes</packagename>
    <H1>Author:</H1>
    <Name:/>
    <H1>Email Address:</H1>
    <Email/>
    <H1>Created:</H1>
    <Date>2019-12-26 04:05:11.848</Date>
    <H1>Updated:</H1>
    <Date>2019-12-26 05:12:20.302</Date>
    <H1>Description:</H1>
    <description>AMERPSOFT Themes is a collection of themes from different sources and contributors. 
Joining on a single fragment plugin. Tested on idempiere versions 5.1,  6.2 and 7.1.</description>
    <H1>Instructions:</H1>
    <instructions/>
    <H1>Files in Package:</H1>
    <file>File: PackOut.xml</file>
    <filedirectory>Directory: \dict\</filedirectory>
    <filenotes>Notes: Contains all application/object settings for package</filenotes>
    <H1>Client:</H1>
    <Client>0-SYSTEM-System</Client>
</idempiereDocument>
