<?xml version="1.0" encoding="UTF-8"?><idempiere Name="AMERPSOFT Editor - Community Fill" Version="11" idempiereVersion="" DataBaseVersion="" Description="" Author="" AuthorEmail="" CreatedDate="2024-04-12 10:21:02.24" UpdatedDate="2024-04-12 10:21:02.24" PackOutVersion="100" UpdateDictionary="false" Client="0-SYSTEM-System" AD_Client_UU="11237b53-9592-4af1-b3c5-afd216514b5d">
    <SQLStatement type="custom">
        <DBType>Postgres</DBType>
        <statement><![CDATA[-- INSERT MISSING Communities
INSERT INTO adempiere.c_community (
	SELECT c_country_id+1000000 AS c_community_id, 0 AS ad_client_id, 0 AS ad_org_id, 'Y' isactive, now() AS created, 0 AS createdby, now() AS updated, 0 AS updatedby, 
	CONCAT('Community-',name) AS "name", CONCAT('The Main Community of ',description) AS description, c_country_id, 'N' AS isdefault, 
        uuid_in(md5(random()::text || random()::text)::cstring)
	FROM adempiere.c_country3
	WHERE c_country_id NOT IN (
		SELECT c_country_id FROM adempiere.c_community 
	)
);

-- UPDATE Default regions with default Comunnity of the country 
-- ONLY For Nulls values on C_Community ID
UPDATE adempiere.C_Region
SET C_Community_ID = (
	SELECT c_country_id+1000000 
	FROM adempiere.c_country3
	WHERE adempiere.c_country3.c_country_id = adempiere.C_Region.c_country_id
	AND c_community_id IS NULL
);]]></statement>
    </SQLStatement>
    <AD_Package_Exp type="table">
        <AD_Client_ID>0</AD_Client_ID>
        <AD_Org_ID>0</AD_Org_ID>
        <AD_Package_Type>X</AD_Package_Type>
        <EMail/>
        <Instructions/>
        <Name>AMERPSOFT Editor - Community Fill</Name>
        <Processed>N</Processed>
        <ReleaseNo/>
        <Version/>
        <UserName/>
        <Processing>N</Processing>
        <PK_Version>11</PK_Version>
        <IsActive>Y</IsActive>
        <File_Directory/>
        <Description/>
        <AD_Package_Exp_UU>7c472dc8-9163-4947-87c6-92a40eaa01a2</AD_Package_Exp_UU>
        <DateFrom/>
        <IsExportDictionaryEntity>N</IsExportDictionaryEntity>
        <AD_Package_Exp_Detail type="table">
            <AD_Client_ID>0</AD_Client_ID>
            <AD_Org_ID>0</AD_Org_ID>
            <AD_Form_ID reference="id"/>
            <AD_ImpFormat_ID reference="id"/>
            <AD_Menu_ID reference="id"/>
            <AD_Process_ID reference="id"/>
            <AD_Role_ID reference="id"/>
            <AD_Window_ID reference="id"/>
            <AD_Workflow_ID reference="id"/>
            <IsActive>Y</IsActive>
            <File_Directory/>
            <FileName/>
            <Destination_FileName/>
            <Destination_Directory/>
            <Description/>
            <DBType>Postgres</DBType>
            <Type>SQL</Type>
            <Target_Directory/>
            <SQLStatement>-- INSERT MISSING Communities
INSERT INTO adempiere.c_community (
	SELECT c_country_id+1000000 AS c_community_id, 0 AS ad_client_id, 0 AS ad_org_id, 'Y' isactive, now() AS created, 0 AS createdby, now() AS updated, 0 AS updatedby, 
	CONCAT('Community-',name) AS "name", CONCAT('The Main Community of ',description) AS description, c_country_id, 'N' AS isdefault, 
        uuid_in(md5(random()::text || random()::text)::cstring)
	FROM adempiere.c_country3
	WHERE c_country_id NOT IN (
		SELECT c_country_id FROM adempiere.c_community 
	)
);

-- UPDATE Default regions with default Comunnity of the country 
-- ONLY For Nulls values on C_Community ID
UPDATE adempiere.C_Region
SET C_Community_ID = (
	SELECT c_country_id+1000000 
	FROM adempiere.c_country3
	WHERE adempiere.c_country3.c_country_id = adempiere.C_Region.c_country_id
	AND c_community_id IS NULL
);</SQLStatement>
            <ReleaseNo/>
            <Processing>N</Processing>
            <Processed>N</Processed>
            <Name2/>
            <Line>20</Line>
            <AD_Table_ID reference="id"/>
            <AD_ReportView_ID reference="id"/>
            <AD_Package_Exp_ID reference="uuid" reference-key="AD_Package_Exp">7c472dc8-9163-4947-87c6-92a40eaa01a2</AD_Package_Exp_ID>
            <AD_Package_Code_New/>
            <AD_Package_Code_Old/>
            <AD_Val_Rule_ID reference="id"/>
            <AD_Message_ID reference="id"/>
            <AD_PrintFormat_ID reference="id"/>
            <AD_Reference_ID reference="id"/>
            <AD_ModelValidator_ID reference="id"/>
            <AD_EntityType_ID reference="id"/>
            <AD_Package_Exp_Detail_UU>5555e501-05bc-41db-8912-81e6c945b4bd</AD_Package_Exp_Detail_UU>
            <AD_InfoWindow_ID reference="id"/>
            <ExecCode/>
        </AD_Package_Exp_Detail>
        <AD_Package_Exp_Detail type="table">
            <AD_Client_ID>0</AD_Client_ID>
            <AD_Org_ID>0</AD_Org_ID>
            <AD_Form_ID reference="id"/>
            <AD_ImpFormat_ID reference="id"/>
            <AD_Menu_ID reference="id"/>
            <AD_Process_ID reference="id"/>
            <AD_Role_ID reference="id"/>
            <AD_Window_ID reference="id"/>
            <AD_Workflow_ID reference="id"/>
            <IsActive>Y</IsActive>
            <File_Directory/>
            <FileName/>
            <Destination_FileName/>
            <Destination_Directory/>
            <Description/>
            <DBType>ALL</DBType>
            <Type>D</Type>
            <Target_Directory/>
            <SQLStatement>SELECT * FROM adempiere.AD_Package_Exp WHERE AD_Package_Exp_UU='7c472dc8-9163-4947-87c6-92a40eaa01a2';AD_Package_Exp_Detail</SQLStatement>
            <ReleaseNo/>
            <Processing>N</Processing>
            <Processed>N</Processed>
            <Name2/>
            <Line>30</Line>
            <AD_Table_ID reference="id">50005</AD_Table_ID>
            <AD_ReportView_ID reference="id"/>
            <AD_Package_Exp_ID reference="uuid" reference-key="AD_Package_Exp">7c472dc8-9163-4947-87c6-92a40eaa01a2</AD_Package_Exp_ID>
            <AD_Package_Code_New/>
            <AD_Package_Code_Old/>
            <AD_Val_Rule_ID reference="id"/>
            <AD_Message_ID reference="id"/>
            <AD_PrintFormat_ID reference="id"/>
            <AD_Reference_ID reference="id"/>
            <AD_ModelValidator_ID reference="id"/>
            <AD_EntityType_ID reference="id"/>
            <AD_Package_Exp_Detail_UU>5187df5e-20e4-4e0b-9a53-5dc335a75a98</AD_Package_Exp_Detail_UU>
            <AD_InfoWindow_ID reference="id"/>
            <ExecCode/>
        </AD_Package_Exp_Detail>
    </AD_Package_Exp>
</idempiere>
