<?xml version="1.0" encoding="UTF-8"?><?xml-stylesheet type="text/css" href="idempiereDocument.css"?><idempiereDocument>
    <header>AMERPSOFT ZK_Themes Package Description</header>
    <H1>Package Name:</H1>
    <packagename>AMERPSOFT ZK_Themes</packagename>
    <H1>Author:</H1>
    <Name:/>
    <H1>Email Address:</H1>
    <Email/>
    <H1>Created:</H1>
    <Date>2024-05-16 09:43:30.0</Date>
    <H1>Updated:</H1>
    <Date>2024-05-16 09:46:50.0</Date>
    <H1>Description:</H1>
    <description>AMERPSOFT Editor for Extended Location
NEW CONFIG VAriable:
 ('ZK_THEME', 'ZK_LOGO_LARGE', 'ZK_LOGO_SMALL','ZK_BROWSER_TITLE', 'ZK_BROWSER_ICON','ZK_THEME_USE_FONT_ICON_FOR_IMAGE')</description>
    <H1>Instructions:</H1>
    <instructions/>
    <H1>Files in Package:</H1>
    <file>File: PackOut.xml</file>
    <filedirectory>Directory: \dict\</filedirectory>
    <filenotes>Notes: Contains all application/object settings for package</filenotes>
    <H1>Client:</H1>
    <Client>0-SYSTEM-System</Client>
</idempiereDocument>
