<?xml version="1.0" encoding="UTF-8"?><idempiere Name="AMERPSOFT Themes 5.1" Version="5.1" idempiereVersion="" DataBaseVersion="" Description="AMERPSOFT Themes for idempiere 51&#10;Includes Non Documented System variables" Author="" AuthorEmail="" CreatedDate="2018-07-22 14:43:04.481" UpdatedDate="2018-07-22 14:44:00.777" PackOutVersion="100" UpdateDictionary="false" Client="0-SYSTEM-System" AD_Client_UU="11237b53-9592-4af1-b3c5-afd216514b5d">
    <AD_SysConfig type="table">
        <AD_Client_ID>0</AD_Client_ID>
        <AD_Org_ID>0</AD_Org_ID>
        <IsActive>Y</IsActive>
        <Name>ZK_LOGO_LARGE</Name>
        <Value>/theme/amtheme/images/login-logo-sam.png</Value>
        <Description>Login Logo Large</Description>
        <EntityType>AMERP</EntityType>
        <ConfigurationLevel>S</ConfigurationLevel>
        <AD_SysConfig_UU>6376cdc4-31e0-40ef-92ee-48e8090f8170</AD_SysConfig_UU>
    </AD_SysConfig>
    <AD_SysConfig type="table">
        <AD_Client_ID>0</AD_Client_ID>
        <AD_Org_ID>0</AD_Org_ID>
        <IsActive>Y</IsActive>
        <Name>ZK_BROWSER_ICON</Name>
        <Value>/theme/amtheme/images/icon-amerp.png</Value>
        <Description>Browser Icon Image</Description>
        <EntityType>AMERP</EntityType>
        <ConfigurationLevel>S</ConfigurationLevel>
        <AD_SysConfig_UU>ac46940d-d7b4-448e-8624-9354257840a0</AD_SysConfig_UU>
    </AD_SysConfig>
    <AD_SysConfig type="table">
        <AD_Client_ID>0</AD_Client_ID>
        <AD_Org_ID>0</AD_Org_ID>
        <IsActive>Y</IsActive>
        <Name>ZK_LOGO_SMALL</Name>
        <Value>/theme/amthemeblu/images/header-logo-amerp.png</Value>
        <Description>Login Logo Small</Description>
        <EntityType>AMERP</EntityType>
        <ConfigurationLevel>S</ConfigurationLevel>
        <AD_SysConfig_UU>4248accb-fb37-491e-8655-67181d97a320</AD_SysConfig_UU>
    </AD_SysConfig>
    <AD_SysConfig type="table">
        <AD_Client_ID>0</AD_Client_ID>
        <AD_Org_ID>0</AD_Org_ID>
        <IsActive>Y</IsActive>
        <Name>ZK_BROWSER_TITLE</Name>
        <Value>SAM</Value>
        <Description>Browser Title</Description>
        <EntityType>AMERP</EntityType>
        <ConfigurationLevel>S</ConfigurationLevel>
        <AD_SysConfig_UU>c2a271fd-8137-4eb6-8115-7dbbb175820c</AD_SysConfig_UU>
    </AD_SysConfig>
</idempiere>
