<?xml version="1.0" encoding="UTF-8"?><idempiere Name="AMERPSOFT Tools" Version="11" idempiereVersion="" DataBaseVersion="" Description="Tools for Reactivate Documents" Author="" AuthorEmail="" CreatedDate="2024-08-05 10:04:48.353" UpdatedDate="2024-08-05 10:04:48.353" PackOutVersion="100" UpdateDictionary="false" Client="0-SYSTEM-System" AD_Client_UU="11237b53-9592-4af1-b3c5-afd216514b5d">
    <AD_EntityType type="table">
        <AD_Client_ID>0</AD_Client_ID>
        <AD_Org_ID>0</AD_Org_ID>
        <EntityType>AMERP</EntityType>
        <IsActive>Y</IsActive>
        <Name>AMERP Localization</Name>
        <Description>Modificaciones Luis Amesty</Description>
        <Help/>
        <Version/>
        <ModelPackage/>
        <Classpath/>
        <Processing>N</Processing>
        <AD_EntityType_UU>273e5638-203a-4a13-8f83-be908df82443</AD_EntityType_UU>
    </AD_EntityType>
    <AD_Process type="table">
        <AD_Client_ID>0</AD_Client_ID>
        <AD_Org_ID>0</AD_Org_ID>
        <IsActive>Y</IsActive>
        <Name>Amtools Invoice Reactivate Tool Bar</Name>
        <Description/>
        <Help/>
        <ProcedureName/>
        <IsReport>N</IsReport>
        <Value>AmtoolsInvoiceReactivateTB</Value>
        <IsDirectPrint>N</IsDirectPrint>
        <AD_ReportView_ID reference="id"/>
        <Classname>org.amerp.process.AMTToolsMInvoiceReactivate</Classname>
        <AccessLevel>6</AccessLevel>
        <EntityType>AMERP</EntityType>
        <Statistic_Count>211</Statistic_Count>
        <Statistic_Seconds>231</Statistic_Seconds>
        <AD_PrintFormat_ID reference="id"/>
        <WorkflowValue/>
        <AD_Workflow_ID reference="id"/>
        <IsBetaFunctionality>N</IsBetaFunctionality>
        <ShowHelp>Y</ShowHelp>
        <JasperReport/>
        <AD_Form_ID reference="id"/>
        <CopyFromProcess>N</CopyFromProcess>
        <AD_Process_UU>96e2e7ab-0970-467c-886c-aa115aae6571</AD_Process_UU>
        <AD_CtxHelp_ID reference="id"/>
        <ExecutionType/>
        <AllowMultipleExecution>P</AllowMultipleExecution>
        <FileNamePattern/>
        <AD_Process_Trl type="translation">
            <Description>Amtools Reactivar Factura mediante Tool Bar</Description>
            <Help/>
            <Name>Amtools Reactivar Factura TB</Name>
            <AD_Language>es_PY</AD_Language>
            <IsActive>Y</IsActive>
            <IsTranslated>N</IsTranslated>
        </AD_Process_Trl>
        <AD_Process_Trl type="translation">
            <Description>Amtools Reactivar Factura mediante Tool Bar</Description>
            <Help/>
            <Name>Amtools Reactivar Factura TB</Name>
            <AD_Language>es_CO</AD_Language>
            <IsActive>Y</IsActive>
            <IsTranslated>N</IsTranslated>
        </AD_Process_Trl>
        <AD_Process_Para type="table">
            <AD_Client_ID>0</AD_Client_ID>
            <AD_Org_ID>0</AD_Org_ID>
            <IsActive>Y</IsActive>
            <Name>Invoice</Name>
            <Description>Invoice Identifier</Description>
            <Help>The Invoice Document.</Help>
            <AD_Process_ID reference="uuid" reference-key="AD_Process">96e2e7ab-0970-467c-886c-aa115aae6571</AD_Process_ID>
            <SeqNo>10</SeqNo>
            <AD_Reference_ID reference="id">18</AD_Reference_ID>
            <AD_Reference_Value_ID reference="id"/>
            <IsRange>N</IsRange>
            <AD_Val_Rule_ID reference="id"/>
            <FieldLength>0</FieldLength>
            <IsMandatory>Y</IsMandatory>
            <DefaultValue>@C_Invoice_ID@</DefaultValue>
            <VFormat/>
            <ValueMin/>
            <ValueMax/>
            <ColumnName>C_Invoice_ID</ColumnName>
            <DefaultValue2/>
            <IsCentrallyMaintained>Y</IsCentrallyMaintained>
            <EntityType>AMERP</EntityType>
            <AD_Element_ID reference="id">1008</AD_Element_ID>
            <ReadOnlyLogic/>
            <DisplayLogic/>
            <AD_Process_Para_UU>85ebb6bf-119e-4795-8074-4e4b9126a6c4</AD_Process_Para_UU>
            <IsEncrypted>N</IsEncrypted>
            <MandatoryLogic/>
            <Query/>
            <AD_FieldGroup_ID reference="id"/>
            <Placeholder/>
            <Placeholder2/>
            <IsAutocomplete>N</IsAutocomplete>
            <DateRangeOption>D</DateRangeOption>
            <IsShowNegateButton>N</IsShowNegateButton>
            <AD_Process_Para_Trl type="translation">
                <Description>Identificador de la factura</Description>
                <Help>La ID de Factura identifica únicamente un documento de Factura.</Help>
                <Name>Factura</Name>
                <Placeholder/>
                <Placeholder2/>
                <AD_Language>es_PY</AD_Language>
                <IsActive>Y</IsActive>
                <IsTranslated>Y</IsTranslated>
            </AD_Process_Para_Trl>
            <AD_Process_Para_Trl type="translation">
                <Description>Identificador de la factura</Description>
                <Help>La ID de Factura identifica únicamente un documento de Factura.</Help>
                <Name>Factura</Name>
                <Placeholder/>
                <Placeholder2/>
                <AD_Language>es_CO</AD_Language>
                <IsActive>Y</IsActive>
                <IsTranslated>Y</IsTranslated>
            </AD_Process_Para_Trl>
        </AD_Process_Para>
    </AD_Process>
    <AD_Process type="table">
        <AD_Client_ID>0</AD_Client_ID>
        <AD_Org_ID>0</AD_Org_ID>
        <IsActive>Y</IsActive>
        <Name>Amtools Invoice Reactivate By Menu</Name>
        <Description/>
        <Help/>
        <ProcedureName/>
        <IsReport>N</IsReport>
        <Value>AmtoolsInvoiceReactivateME</Value>
        <IsDirectPrint>N</IsDirectPrint>
        <AD_ReportView_ID reference="id"/>
        <Classname>org.amerp.process.AMTToolsMInvoiceReactivate</Classname>
        <AccessLevel>6</AccessLevel>
        <EntityType>AMERP</EntityType>
        <Statistic_Count>2</Statistic_Count>
        <Statistic_Seconds>2</Statistic_Seconds>
        <AD_PrintFormat_ID reference="id"/>
        <WorkflowValue/>
        <AD_Workflow_ID reference="id"/>
        <IsBetaFunctionality>N</IsBetaFunctionality>
        <ShowHelp>Y</ShowHelp>
        <JasperReport/>
        <AD_Form_ID reference="id"/>
        <CopyFromProcess>N</CopyFromProcess>
        <AD_Process_UU>f912a2a1-9259-4a16-9b06-9fd5d3160680</AD_Process_UU>
        <AD_CtxHelp_ID reference="id"/>
        <ExecutionType/>
        <AllowMultipleExecution>P</AllowMultipleExecution>
        <FileNamePattern/>
        <AD_Process_Trl type="translation">
            <Description>Amtools Reactivar Factura mediante Menu</Description>
            <Help/>
            <Name>Amtools Reactivar Factura</Name>
            <AD_Language>es_PY</AD_Language>
            <IsActive>Y</IsActive>
            <IsTranslated>N</IsTranslated>
        </AD_Process_Trl>
        <AD_Process_Trl type="translation">
            <Description>Amtools Reactivar Factura mediante Menu</Description>
            <Help/>
            <Name>Amtools Reactivar Factura</Name>
            <AD_Language>es_CO</AD_Language>
            <IsActive>Y</IsActive>
            <IsTranslated>N</IsTranslated>
        </AD_Process_Trl>
        <AD_Process_Para type="table">
            <AD_Client_ID>0</AD_Client_ID>
            <AD_Org_ID>0</AD_Org_ID>
            <IsActive>Y</IsActive>
            <Name>Invoice</Name>
            <Description>Invoice Identifier</Description>
            <Help>The Invoice Document.</Help>
            <AD_Process_ID reference="uuid" reference-key="AD_Process">f912a2a1-9259-4a16-9b06-9fd5d3160680</AD_Process_ID>
            <SeqNo>10</SeqNo>
            <AD_Reference_ID reference="id">30</AD_Reference_ID>
            <AD_Reference_Value_ID reference="id"/>
            <IsRange>N</IsRange>
            <AD_Val_Rule_ID reference="id"/>
            <FieldLength>0</FieldLength>
            <IsMandatory>Y</IsMandatory>
            <DefaultValue/>
            <VFormat/>
            <ValueMin/>
            <ValueMax/>
            <ColumnName>C_Invoice_ID</ColumnName>
            <DefaultValue2/>
            <IsCentrallyMaintained>Y</IsCentrallyMaintained>
            <EntityType>AMERP</EntityType>
            <AD_Element_ID reference="id">1008</AD_Element_ID>
            <ReadOnlyLogic/>
            <DisplayLogic/>
            <AD_Process_Para_UU>69f622d9-6fe5-45d5-85e1-545f977695b2</AD_Process_Para_UU>
            <IsEncrypted>N</IsEncrypted>
            <MandatoryLogic/>
            <Query/>
            <AD_FieldGroup_ID reference="id"/>
            <Placeholder/>
            <Placeholder2/>
            <IsAutocomplete>N</IsAutocomplete>
            <DateRangeOption>D</DateRangeOption>
            <IsShowNegateButton>N</IsShowNegateButton>
            <AD_Process_Para_Trl type="translation">
                <Description>Identificador de la factura</Description>
                <Help>La ID de Factura identifica únicamente un documento de Factura.</Help>
                <Name>Factura</Name>
                <Placeholder/>
                <Placeholder2/>
                <AD_Language>es_PY</AD_Language>
                <IsActive>Y</IsActive>
                <IsTranslated>Y</IsTranslated>
            </AD_Process_Para_Trl>
            <AD_Process_Para_Trl type="translation">
                <Description>Identificador de la factura</Description>
                <Help>La ID de Factura identifica únicamente un documento de Factura.</Help>
                <Name>Factura</Name>
                <Placeholder/>
                <Placeholder2/>
                <AD_Language>es_CO</AD_Language>
                <IsActive>Y</IsActive>
                <IsTranslated>Y</IsTranslated>
            </AD_Process_Para_Trl>
        </AD_Process_Para>
    </AD_Process>
    <AD_Process type="table">
        <AD_Client_ID>0</AD_Client_ID>
        <AD_Org_ID>0</AD_Org_ID>
        <IsActive>Y</IsActive>
        <Name>Amtools Payment Reactivate Tool Bar</Name>
        <Description>Amtools Payment Reactivate by Tool Bar Button</Description>
        <Help/>
        <ProcedureName/>
        <IsReport>N</IsReport>
        <Value>AmtoolsPaymentReactivateTB</Value>
        <IsDirectPrint>N</IsDirectPrint>
        <AD_ReportView_ID reference="id"/>
        <Classname>org.amerp.process.AMTToolsMPaymentReactivate</Classname>
        <AccessLevel>6</AccessLevel>
        <EntityType>AMERP</EntityType>
        <Statistic_Count>154</Statistic_Count>
        <Statistic_Seconds>162</Statistic_Seconds>
        <AD_PrintFormat_ID reference="id"/>
        <WorkflowValue/>
        <AD_Workflow_ID reference="id"/>
        <IsBetaFunctionality>N</IsBetaFunctionality>
        <ShowHelp>Y</ShowHelp>
        <JasperReport/>
        <AD_Form_ID reference="id"/>
        <CopyFromProcess>N</CopyFromProcess>
        <AD_Process_UU>504424ad-2acf-4961-a26f-127bfc195e9c</AD_Process_UU>
        <AD_CtxHelp_ID reference="id"/>
        <ExecutionType/>
        <AllowMultipleExecution>P</AllowMultipleExecution>
        <FileNamePattern/>
        <AD_Process_Trl type="translation">
            <Description>Amtools Reactivar Pago mediante ToolBar</Description>
            <Help/>
            <Name>Amtools Reactivar Pago TB</Name>
            <AD_Language>es_PY</AD_Language>
            <IsActive>Y</IsActive>
            <IsTranslated>N</IsTranslated>
        </AD_Process_Trl>
        <AD_Process_Trl type="translation">
            <Description>Amtools Reactivar Pago mediante ToolBar</Description>
            <Help/>
            <Name>Amtools Reactivar Pago TB</Name>
            <AD_Language>es_CO</AD_Language>
            <IsActive>Y</IsActive>
            <IsTranslated>N</IsTranslated>
        </AD_Process_Trl>
        <AD_Process_Para type="table">
            <AD_Client_ID>0</AD_Client_ID>
            <AD_Org_ID>0</AD_Org_ID>
            <IsActive>Y</IsActive>
            <Name>Payment</Name>
            <Description>Payment identifier</Description>
            <Help>The Payment is a unique identifier of this payment.</Help>
            <AD_Process_ID reference="uuid" reference-key="AD_Process">504424ad-2acf-4961-a26f-127bfc195e9c</AD_Process_ID>
            <SeqNo>10</SeqNo>
            <AD_Reference_ID reference="id">18</AD_Reference_ID>
            <AD_Reference_Value_ID reference="id"/>
            <IsRange>N</IsRange>
            <AD_Val_Rule_ID reference="id"/>
            <FieldLength>0</FieldLength>
            <IsMandatory>N</IsMandatory>
            <DefaultValue>@C_Payment_ID@</DefaultValue>
            <VFormat/>
            <ValueMin/>
            <ValueMax/>
            <ColumnName>C_Payment_ID</ColumnName>
            <DefaultValue2/>
            <IsCentrallyMaintained>Y</IsCentrallyMaintained>
            <EntityType>AMERP</EntityType>
            <AD_Element_ID reference="id">1384</AD_Element_ID>
            <ReadOnlyLogic/>
            <DisplayLogic/>
            <AD_Process_Para_UU>de9672c6-c02d-4afd-b775-66031c826cf3</AD_Process_Para_UU>
            <IsEncrypted>N</IsEncrypted>
            <MandatoryLogic/>
            <Query/>
            <AD_FieldGroup_ID reference="id"/>
            <Placeholder/>
            <Placeholder2/>
            <IsAutocomplete>N</IsAutocomplete>
            <DateRangeOption>D</DateRangeOption>
            <IsShowNegateButton>N</IsShowNegateButton>
            <AD_Process_Para_Trl type="translation">
                <Description>Identificador del pago</Description>
                <Help>El pago es un identificador único de este pago.</Help>
                <Name>Pago</Name>
                <Placeholder/>
                <Placeholder2/>
                <AD_Language>es_PY</AD_Language>
                <IsActive>Y</IsActive>
                <IsTranslated>Y</IsTranslated>
            </AD_Process_Para_Trl>
            <AD_Process_Para_Trl type="translation">
                <Description>Identificador del pago</Description>
                <Help>El pago es un identificador único de este pago.</Help>
                <Name>Pago</Name>
                <Placeholder/>
                <Placeholder2/>
                <AD_Language>es_CO</AD_Language>
                <IsActive>Y</IsActive>
                <IsTranslated>Y</IsTranslated>
            </AD_Process_Para_Trl>
        </AD_Process_Para>
    </AD_Process>
    <AD_Process type="table">
        <AD_Client_ID>0</AD_Client_ID>
        <AD_Org_ID>0</AD_Org_ID>
        <IsActive>Y</IsActive>
        <Name>Amtools Payment Reactivate by Menu</Name>
        <Description>Amtools Payment Reactivate by Menu</Description>
        <Help/>
        <ProcedureName/>
        <IsReport>N</IsReport>
        <Value>AmtoolsPaymentReactivateME</Value>
        <IsDirectPrint>N</IsDirectPrint>
        <AD_ReportView_ID reference="id"/>
        <Classname>org.amerp.process.AMTToolsMPaymentReactivate</Classname>
        <AccessLevel>6</AccessLevel>
        <EntityType>AMERP</EntityType>
        <Statistic_Count>0</Statistic_Count>
        <Statistic_Seconds>0</Statistic_Seconds>
        <AD_PrintFormat_ID reference="id"/>
        <WorkflowValue/>
        <AD_Workflow_ID reference="id"/>
        <IsBetaFunctionality>N</IsBetaFunctionality>
        <ShowHelp>Y</ShowHelp>
        <JasperReport/>
        <AD_Form_ID reference="id"/>
        <CopyFromProcess>N</CopyFromProcess>
        <AD_Process_UU>eaf4306e-077a-4854-bb08-911e341cca2c</AD_Process_UU>
        <AD_CtxHelp_ID reference="id"/>
        <ExecutionType/>
        <AllowMultipleExecution>P</AllowMultipleExecution>
        <FileNamePattern/>
        <AD_Process_Trl type="translation">
            <Description>Amtools Reactivar Pago mediante Menu</Description>
            <Help/>
            <Name>Amtools Reactivar Pago Menu</Name>
            <AD_Language>es_PY</AD_Language>
            <IsActive>Y</IsActive>
            <IsTranslated>N</IsTranslated>
        </AD_Process_Trl>
        <AD_Process_Trl type="translation">
            <Description>Amtools Reactivar Pago mediante Menu</Description>
            <Help/>
            <Name>Amtools Reactivar Pago Menu</Name>
            <AD_Language>es_CO</AD_Language>
            <IsActive>Y</IsActive>
            <IsTranslated>N</IsTranslated>
        </AD_Process_Trl>
        <AD_Process_Para type="table">
            <AD_Client_ID>0</AD_Client_ID>
            <AD_Org_ID>0</AD_Org_ID>
            <IsActive>Y</IsActive>
            <Name>Payment</Name>
            <Description>Payment identifier</Description>
            <Help>The Payment is a unique identifier of this payment.</Help>
            <AD_Process_ID reference="uuid" reference-key="AD_Process">eaf4306e-077a-4854-bb08-911e341cca2c</AD_Process_ID>
            <SeqNo>10</SeqNo>
            <AD_Reference_ID reference="id">30</AD_Reference_ID>
            <AD_Reference_Value_ID reference="id"/>
            <IsRange>N</IsRange>
            <AD_Val_Rule_ID reference="id"/>
            <FieldLength>0</FieldLength>
            <IsMandatory>Y</IsMandatory>
            <DefaultValue/>
            <VFormat/>
            <ValueMin/>
            <ValueMax/>
            <ColumnName>C_Payment_ID</ColumnName>
            <DefaultValue2/>
            <IsCentrallyMaintained>Y</IsCentrallyMaintained>
            <EntityType>AMERP</EntityType>
            <AD_Element_ID reference="id">1384</AD_Element_ID>
            <ReadOnlyLogic/>
            <DisplayLogic/>
            <AD_Process_Para_UU>a1576021-4041-4914-9b3f-4fd813cbc56f</AD_Process_Para_UU>
            <IsEncrypted>N</IsEncrypted>
            <MandatoryLogic/>
            <Query/>
            <AD_FieldGroup_ID reference="id"/>
            <Placeholder/>
            <Placeholder2/>
            <IsAutocomplete>N</IsAutocomplete>
            <DateRangeOption>D</DateRangeOption>
            <IsShowNegateButton>N</IsShowNegateButton>
            <AD_Process_Para_Trl type="translation">
                <Description>Identificador del pago</Description>
                <Help>El pago es un identificador único de este pago.</Help>
                <Name>Pago</Name>
                <Placeholder/>
                <Placeholder2/>
                <AD_Language>es_PY</AD_Language>
                <IsActive>Y</IsActive>
                <IsTranslated>Y</IsTranslated>
            </AD_Process_Para_Trl>
            <AD_Process_Para_Trl type="translation">
                <Description>Identificador del pago</Description>
                <Help>El pago es un identificador único de este pago.</Help>
                <Name>Pago</Name>
                <Placeholder/>
                <Placeholder2/>
                <AD_Language>es_CO</AD_Language>
                <IsActive>Y</IsActive>
                <IsTranslated>Y</IsTranslated>
            </AD_Process_Para_Trl>
        </AD_Process_Para>
    </AD_Process>
    <AD_Process type="table">
        <AD_Client_ID>0</AD_Client_ID>
        <AD_Org_ID>0</AD_Org_ID>
        <IsActive>Y</IsActive>
        <Name>AmTools GLJournal Reactivate</Name>
        <Description>AmTools GLJournal Reactivate</Description>
        <Help/>
        <ProcedureName/>
        <IsReport>N</IsReport>
        <Value>AmToolsGLJournalReactivate</Value>
        <IsDirectPrint>N</IsDirectPrint>
        <AD_ReportView_ID reference="id"/>
        <Classname>org.amerp.process.AMTToolsGLJournalReactivate</Classname>
        <AccessLevel>7</AccessLevel>
        <EntityType>AMERP</EntityType>
        <Statistic_Count>2</Statistic_Count>
        <Statistic_Seconds>2</Statistic_Seconds>
        <AD_PrintFormat_ID reference="id"/>
        <WorkflowValue/>
        <AD_Workflow_ID reference="id"/>
        <IsBetaFunctionality>N</IsBetaFunctionality>
        <ShowHelp>Y</ShowHelp>
        <JasperReport/>
        <AD_Form_ID reference="id"/>
        <CopyFromProcess/>
        <AD_Process_UU>e05d0929-7940-42ec-87d5-2fe9a9453ae7</AD_Process_UU>
        <AD_CtxHelp_ID reference="id"/>
        <ExecutionType/>
        <AllowMultipleExecution>P</AllowMultipleExecution>
        <FileNamePattern/>
        <AD_Process_Trl type="translation">
            <Description>AmTools GLJournal Reactivate</Description>
            <Help/>
            <Name>AmTools GLJournal Reactivate</Name>
            <AD_Language>es_PY</AD_Language>
            <IsActive>Y</IsActive>
            <IsTranslated>Y</IsTranslated>
        </AD_Process_Trl>
        <AD_Process_Trl type="translation">
            <Description>AmTools GLJournal Reactivate</Description>
            <Help/>
            <Name>AmTools GLJournal Reactivate</Name>
            <AD_Language>es_CO</AD_Language>
            <IsActive>Y</IsActive>
            <IsTranslated>N</IsTranslated>
        </AD_Process_Trl>
        <AD_Process_Para type="table">
            <AD_Client_ID>0</AD_Client_ID>
            <AD_Org_ID>0</AD_Org_ID>
            <IsActive>Y</IsActive>
            <Name>Journal</Name>
            <Description>General Ledger Journal</Description>
            <Help>The General Ledger Journal identifies a group of journal lines which represent a logical business transaction</Help>
            <AD_Process_ID reference="uuid" reference-key="AD_Process">e05d0929-7940-42ec-87d5-2fe9a9453ae7</AD_Process_ID>
            <SeqNo>10</SeqNo>
            <AD_Reference_ID reference="id">30</AD_Reference_ID>
            <AD_Reference_Value_ID reference="id"/>
            <IsRange>N</IsRange>
            <AD_Val_Rule_ID reference="id"/>
            <FieldLength>0</FieldLength>
            <IsMandatory>N</IsMandatory>
            <DefaultValue>@GL_Journal_ID@</DefaultValue>
            <VFormat/>
            <ValueMin/>
            <ValueMax/>
            <ColumnName>GL_Journal_ID</ColumnName>
            <DefaultValue2/>
            <IsCentrallyMaintained>Y</IsCentrallyMaintained>
            <EntityType>AMERP</EntityType>
            <AD_Element_ID reference="id">315</AD_Element_ID>
            <ReadOnlyLogic/>
            <DisplayLogic/>
            <AD_Process_Para_UU>239b8cfb-437d-4a1e-a46a-6a923314b938</AD_Process_Para_UU>
            <IsEncrypted>N</IsEncrypted>
            <MandatoryLogic/>
            <Query/>
            <AD_FieldGroup_ID reference="id"/>
            <Placeholder/>
            <Placeholder2/>
            <IsAutocomplete>N</IsAutocomplete>
            <DateRangeOption>D</DateRangeOption>
            <IsShowNegateButton>N</IsShowNegateButton>
            <AD_Process_Para_Trl type="translation">
                <Description>General Ledger Journal</Description>
                <Help>The General Ledger Journal identifies a group of journal lines which represent a logical business transaction</Help>
                <Name>Journal</Name>
                <Placeholder/>
                <Placeholder2/>
                <AD_Language>es_PY</AD_Language>
                <IsActive>Y</IsActive>
                <IsTranslated>Y</IsTranslated>
            </AD_Process_Para_Trl>
            <AD_Process_Para_Trl type="translation">
                <Description>General Ledger Journal</Description>
                <Help>The General Ledger Journal identifies a group of journal lines which represent a logical business transaction</Help>
                <Name>Journal</Name>
                <Placeholder/>
                <Placeholder2/>
                <AD_Language>es_CO</AD_Language>
                <IsActive>Y</IsActive>
                <IsTranslated>N</IsTranslated>
            </AD_Process_Para_Trl>
        </AD_Process_Para>
    </AD_Process>
    <AD_Menu type="table">
        <SeqNo>17</SeqNo>
        <AD_Client_ID>0</AD_Client_ID>
        <AD_Org_ID>0</AD_Org_ID>
        <Name>Tools</Name>
        <Description/>
        <Action/>
        <AD_Window_ID reference="id"/>
        <AD_Workflow_ID reference="id"/>
        <AD_Task_ID reference="id"/>
        <IsActive>Y</IsActive>
        <IsSummary>Y</IsSummary>
        <AD_Process_ID reference="id"/>
        <IsSOTrx>Y</IsSOTrx>
        <AD_Form_ID reference="id"/>
        <IsReadOnly>N</IsReadOnly>
        <EntityType>AMERP</EntityType>
        <IsCentrallyMaintained>N</IsCentrallyMaintained>
        <AD_Menu_UU>5621eb7b-1e89-496d-be0e-ca23b3a7b9b9</AD_Menu_UU>
        <AD_InfoWindow_ID reference="id"/>
        <PredefinedContextVariables/>
        <AD_Menu_Trl type="translation">
            <Description/>
            <Name>Herramientas</Name>
            <AD_Language>es_PY</AD_Language>
            <IsActive>Y</IsActive>
            <IsTranslated>N</IsTranslated>
        </AD_Menu_Trl>
        <AD_Menu_Trl type="translation">
            <Description/>
            <Name>Herramientas</Name>
            <AD_Language>es_CO</AD_Language>
            <IsActive>Y</IsActive>
            <IsTranslated>N</IsTranslated>
        </AD_Menu_Trl>
        <AD_Menu type="table">
            <Parent_ID reference="uuid" reference-key="AD_Menu">5621eb7b-1e89-496d-be0e-ca23b3a7b9b9</Parent_ID>
            <SeqNo>0</SeqNo>
            <AD_Client_ID>0</AD_Client_ID>
            <AD_Org_ID>0</AD_Org_ID>
            <Name>Amtools Invoice Reactivate By Menu</Name>
            <Description/>
            <Action>P</Action>
            <AD_Window_ID reference="id"/>
            <AD_Workflow_ID reference="id"/>
            <AD_Task_ID reference="id"/>
            <IsActive>Y</IsActive>
            <IsSummary>N</IsSummary>
            <AD_Process_ID reference="uuid" reference-key="AD_Process">f912a2a1-9259-4a16-9b06-9fd5d3160680</AD_Process_ID>
            <IsSOTrx>Y</IsSOTrx>
            <AD_Form_ID reference="id"/>
            <IsReadOnly>N</IsReadOnly>
            <EntityType>AMERP</EntityType>
            <IsCentrallyMaintained>Y</IsCentrallyMaintained>
            <AD_Menu_UU>10ca58e5-c106-4525-abc1-eed324fbef28</AD_Menu_UU>
            <AD_InfoWindow_ID reference="id"/>
            <PredefinedContextVariables/>
            <AD_Menu_Trl type="translation">
                <Description>Amtools Reactivar Factura mediante Menu</Description>
                <Name>Amtools Reactivar Factura</Name>
                <AD_Language>es_CO</AD_Language>
                <IsActive>Y</IsActive>
                <IsTranslated>N</IsTranslated>
            </AD_Menu_Trl>
            <AD_Menu_Trl type="translation">
                <Description>Amtools Reactivar Factura mediante Menu</Description>
                <Name>Amtools Reactivar Factura</Name>
                <AD_Language>es_PY</AD_Language>
                <IsActive>Y</IsActive>
                <IsTranslated>N</IsTranslated>
            </AD_Menu_Trl>
        </AD_Menu>
        <AD_Menu type="table">
            <Parent_ID reference="uuid" reference-key="AD_Menu">5621eb7b-1e89-496d-be0e-ca23b3a7b9b9</Parent_ID>
            <SeqNo>1</SeqNo>
            <AD_Client_ID>0</AD_Client_ID>
            <AD_Org_ID>0</AD_Org_ID>
            <Name>Amtools Payment Reactivate by Menu</Name>
            <Description>Amtools Payment Reactivate by Menu</Description>
            <Action>P</Action>
            <AD_Window_ID reference="id"/>
            <AD_Workflow_ID reference="id"/>
            <AD_Task_ID reference="id"/>
            <IsActive>Y</IsActive>
            <IsSummary>N</IsSummary>
            <AD_Process_ID reference="uuid" reference-key="AD_Process">eaf4306e-077a-4854-bb08-911e341cca2c</AD_Process_ID>
            <IsSOTrx>Y</IsSOTrx>
            <AD_Form_ID reference="id"/>
            <IsReadOnly>N</IsReadOnly>
            <EntityType>AMERP</EntityType>
            <IsCentrallyMaintained>Y</IsCentrallyMaintained>
            <AD_Menu_UU>906d6062-c5c1-4922-8756-6518d2b19f40</AD_Menu_UU>
            <AD_InfoWindow_ID reference="id"/>
            <PredefinedContextVariables/>
            <AD_Menu_Trl type="translation">
                <Description>Amtools Reactivar Pago mediante Menu</Description>
                <Name>Amtools Reactivar Pago Menu</Name>
                <AD_Language>es_CO</AD_Language>
                <IsActive>Y</IsActive>
                <IsTranslated>N</IsTranslated>
            </AD_Menu_Trl>
            <AD_Menu_Trl type="translation">
                <Description>Amtools Reactivar Pago mediante Menu</Description>
                <Name>Amtools Reactivar Pago Menu</Name>
                <AD_Language>es_PY</AD_Language>
                <IsActive>Y</IsActive>
                <IsTranslated>N</IsTranslated>
            </AD_Menu_Trl>
        </AD_Menu>
    </AD_Menu>
    <AD_ToolBarButton type="table">
        <AD_Client_ID>0</AD_Client_ID>
        <AD_Org_ID>0</AD_Org_ID>
        <ComponentName>Amtools Payment Reactivate</ComponentName>
        <IsActive>Y</IsActive>
        <Name>Amtools Payment Reactivate</Name>
        <IsCustomization>N</IsCustomization>
        <ActionClassName/>
        <ActionName/>
        <KeyStroke_KeyCode/>
        <KeyStroke_Modifiers/>
        <AD_ToolBarButton_UU>e2ccc73a-ebe0-4571-b3c0-b1742232d992</AD_ToolBarButton_UU>
        <Action>W</Action>
        <AD_Tab_ID reference="id">330</AD_Tab_ID>
        <AD_Process_ID reference="uuid" reference-key="AD_Process">504424ad-2acf-4961-a26f-127bfc195e9c</AD_Process_ID>
        <DisplayLogic/>
        <SeqNo>10</SeqNo>
        <IsAdvancedButton>N</IsAdvancedButton>
        <IsAddSeparator>N</IsAddSeparator>
        <ReadOnlyLogic/>
        <PressedLogic/>
        <EntityType>AMERP</EntityType>
        <IsShowMore>N</IsShowMore>
    </AD_ToolBarButton>
    <AD_ToolBarButton type="table">
        <AD_Client_ID>0</AD_Client_ID>
        <AD_Org_ID>0</AD_Org_ID>
        <ComponentName>Amtools Invoice Reactivate</ComponentName>
        <IsActive>Y</IsActive>
        <Name>Amtools Invoice Reactivate</Name>
        <IsCustomization>N</IsCustomization>
        <ActionClassName/>
        <ActionName/>
        <KeyStroke_KeyCode/>
        <KeyStroke_Modifiers/>
        <AD_ToolBarButton_UU>e487a61b-5d2a-459c-a170-78370deea1ea</AD_ToolBarButton_UU>
        <Action>W</Action>
        <AD_Tab_ID reference="id">263</AD_Tab_ID>
        <AD_Process_ID reference="uuid" reference-key="AD_Process">96e2e7ab-0970-467c-886c-aa115aae6571</AD_Process_ID>
        <DisplayLogic/>
        <SeqNo>20</SeqNo>
        <IsAdvancedButton>N</IsAdvancedButton>
        <IsAddSeparator>N</IsAddSeparator>
        <ReadOnlyLogic/>
        <PressedLogic/>
        <EntityType>AMERP</EntityType>
        <IsShowMore>N</IsShowMore>
    </AD_ToolBarButton>
    <AD_ToolBarButton type="table">
        <AD_Client_ID>0</AD_Client_ID>
        <AD_Org_ID>0</AD_Org_ID>
        <ComponentName>Amtools Invoice Reactivate</ComponentName>
        <IsActive>Y</IsActive>
        <Name>Amtools Invoice Reactivate</Name>
        <IsCustomization>N</IsCustomization>
        <ActionClassName/>
        <ActionName/>
        <KeyStroke_KeyCode/>
        <KeyStroke_Modifiers/>
        <AD_ToolBarButton_UU>952e6842-863d-479d-9ab5-c7c31d798d23</AD_ToolBarButton_UU>
        <Action>W</Action>
        <AD_Tab_ID reference="id">290</AD_Tab_ID>
        <AD_Process_ID reference="uuid" reference-key="AD_Process">96e2e7ab-0970-467c-886c-aa115aae6571</AD_Process_ID>
        <DisplayLogic/>
        <SeqNo>20</SeqNo>
        <IsAdvancedButton>N</IsAdvancedButton>
        <IsAddSeparator>N</IsAddSeparator>
        <ReadOnlyLogic/>
        <PressedLogic/>
        <EntityType>AMERP</EntityType>
        <IsShowMore>N</IsShowMore>
    </AD_ToolBarButton>
    <AD_ToolBarButton type="table">
        <AD_Client_ID>0</AD_Client_ID>
        <AD_Org_ID>0</AD_Org_ID>
        <ComponentName>AmTools GLJournal Reactivate</ComponentName>
        <IsActive>Y</IsActive>
        <Name>AmTools GLJournal Reactivate</Name>
        <IsCustomization>N</IsCustomization>
        <ActionClassName/>
        <ActionName/>
        <KeyStroke_KeyCode/>
        <KeyStroke_Modifiers/>
        <AD_ToolBarButton_UU>8cf94fee-4f61-4d0d-8c6a-0240dbb2f618</AD_ToolBarButton_UU>
        <Action>W</Action>
        <AD_Tab_ID reference="id">200007</AD_Tab_ID>
        <AD_Process_ID reference="uuid" reference-key="AD_Process">e05d0929-7940-42ec-87d5-2fe9a9453ae7</AD_Process_ID>
        <DisplayLogic/>
        <SeqNo>10</SeqNo>
        <IsAdvancedButton>N</IsAdvancedButton>
        <IsAddSeparator>N</IsAddSeparator>
        <ReadOnlyLogic/>
        <PressedLogic/>
        <EntityType>AMERP</EntityType>
        <IsShowMore>N</IsShowMore>
    </AD_ToolBarButton>
    <AD_Package_Exp type="table">
        <AD_Client_ID>0</AD_Client_ID>
        <AD_Org_ID>0</AD_Org_ID>
        <AD_Package_Type>X</AD_Package_Type>
        <EMail/>
        <Instructions/>
        <Name>AMERPSOFT Tools</Name>
        <Processed>N</Processed>
        <ReleaseNo/>
        <Version/>
        <UserName/>
        <Processing>N</Processing>
        <PK_Version>11</PK_Version>
        <IsActive>Y</IsActive>
        <File_Directory/>
        <Description>Tools for Reactivate Documents</Description>
        <AD_Package_Exp_UU>f7dd2c85-1006-45ee-9ccd-9aa8647746c7</AD_Package_Exp_UU>
        <DateFrom/>
        <IsExportDictionaryEntity>N</IsExportDictionaryEntity>
        <AD_Package_Exp_Detail type="table">
            <AD_Client_ID>0</AD_Client_ID>
            <AD_Org_ID>0</AD_Org_ID>
            <AD_Form_ID reference="id"/>
            <AD_ImpFormat_ID reference="id"/>
            <AD_Menu_ID reference="id"/>
            <AD_Process_ID reference="id"/>
            <AD_Role_ID reference="id"/>
            <AD_Window_ID reference="id"/>
            <AD_Workflow_ID reference="id"/>
            <IsActive>Y</IsActive>
            <File_Directory/>
            <FileName/>
            <Destination_FileName/>
            <Destination_Directory/>
            <Description/>
            <DBType>ALL</DBType>
            <Type>ET</Type>
            <Target_Directory/>
            <SQLStatement/>
            <ReleaseNo/>
            <Processing>N</Processing>
            <Processed>N</Processed>
            <Name2/>
            <Line>10</Line>
            <AD_Table_ID reference="id"/>
            <AD_ReportView_ID reference="id"/>
            <AD_Package_Exp_ID reference="uuid" reference-key="AD_Package_Exp">f7dd2c85-1006-45ee-9ccd-9aa8647746c7</AD_Package_Exp_ID>
            <AD_Package_Code_New/>
            <AD_Package_Code_Old/>
            <AD_Val_Rule_ID reference="id"/>
            <AD_Message_ID reference="id"/>
            <AD_PrintFormat_ID reference="id"/>
            <AD_Reference_ID reference="id"/>
            <AD_ModelValidator_ID reference="id"/>
            <AD_EntityType_ID reference="uuid" reference-key="AD_EntityType">273e5638-203a-4a13-8f83-be908df82443</AD_EntityType_ID>
            <AD_Package_Exp_Detail_UU>b55e5cda-fa1b-455c-817e-84e5af4b50a5</AD_Package_Exp_Detail_UU>
            <AD_InfoWindow_ID reference="id"/>
            <ExecCode/>
        </AD_Package_Exp_Detail>
        <AD_Package_Exp_Detail type="table">
            <AD_Client_ID>0</AD_Client_ID>
            <AD_Org_ID>0</AD_Org_ID>
            <AD_Form_ID reference="id"/>
            <AD_ImpFormat_ID reference="id"/>
            <AD_Menu_ID reference="id"/>
            <AD_Process_ID reference="uuid" reference-key="AD_Process">96e2e7ab-0970-467c-886c-aa115aae6571</AD_Process_ID>
            <AD_Role_ID reference="id"/>
            <AD_Window_ID reference="id"/>
            <AD_Workflow_ID reference="id"/>
            <IsActive>Y</IsActive>
            <File_Directory/>
            <FileName/>
            <Destination_FileName/>
            <Destination_Directory/>
            <Description/>
            <DBType>ALL</DBType>
            <Type>P</Type>
            <Target_Directory/>
            <SQLStatement/>
            <ReleaseNo/>
            <Processing>N</Processing>
            <Processed>N</Processed>
            <Name2/>
            <Line>20</Line>
            <AD_Table_ID reference="id"/>
            <AD_ReportView_ID reference="id"/>
            <AD_Package_Exp_ID reference="uuid" reference-key="AD_Package_Exp">f7dd2c85-1006-45ee-9ccd-9aa8647746c7</AD_Package_Exp_ID>
            <AD_Package_Code_New/>
            <AD_Package_Code_Old/>
            <AD_Val_Rule_ID reference="id"/>
            <AD_Message_ID reference="id"/>
            <AD_PrintFormat_ID reference="id"/>
            <AD_Reference_ID reference="id"/>
            <AD_ModelValidator_ID reference="id"/>
            <AD_EntityType_ID reference="id"/>
            <AD_Package_Exp_Detail_UU>22f8fe3d-f065-4a06-b57a-f6ef9c7771a7</AD_Package_Exp_Detail_UU>
            <AD_InfoWindow_ID reference="id"/>
            <ExecCode/>
        </AD_Package_Exp_Detail>
        <AD_Package_Exp_Detail type="table">
            <AD_Client_ID>0</AD_Client_ID>
            <AD_Org_ID>0</AD_Org_ID>
            <AD_Form_ID reference="id"/>
            <AD_ImpFormat_ID reference="id"/>
            <AD_Menu_ID reference="id"/>
            <AD_Process_ID reference="id"/>
            <AD_Role_ID reference="id"/>
            <AD_Window_ID reference="id"/>
            <AD_Workflow_ID reference="id"/>
            <IsActive>Y</IsActive>
            <File_Directory/>
            <FileName/>
            <Destination_FileName/>
            <Destination_Directory/>
            <Description/>
            <DBType>ALL</DBType>
            <Type>D</Type>
            <Target_Directory/>
            <SQLStatement>SELECT * FROM AD_Package_Exp WHERE AD_Package_Exp_UU='f7dd2c85-1006-45ee-9ccd-9aa8647746c7';AD_Package_Exp_Detail</SQLStatement>
            <ReleaseNo/>
            <Processing>N</Processing>
            <Processed>N</Processed>
            <Name2/>
            <Line>10000</Line>
            <AD_Table_ID reference="id">50005</AD_Table_ID>
            <AD_ReportView_ID reference="id"/>
            <AD_Package_Exp_ID reference="uuid" reference-key="AD_Package_Exp">f7dd2c85-1006-45ee-9ccd-9aa8647746c7</AD_Package_Exp_ID>
            <AD_Package_Code_New/>
            <AD_Package_Code_Old/>
            <AD_Val_Rule_ID reference="id"/>
            <AD_Message_ID reference="id"/>
            <AD_PrintFormat_ID reference="id"/>
            <AD_Reference_ID reference="id"/>
            <AD_ModelValidator_ID reference="id"/>
            <AD_EntityType_ID reference="id"/>
            <AD_Package_Exp_Detail_UU>03ab32a2-e787-4f63-95fc-702ce0134263</AD_Package_Exp_Detail_UU>
            <AD_InfoWindow_ID reference="id"/>
            <ExecCode/>
        </AD_Package_Exp_Detail>
        <AD_Package_Exp_Detail type="table">
            <AD_Client_ID>0</AD_Client_ID>
            <AD_Org_ID>0</AD_Org_ID>
            <AD_Form_ID reference="id"/>
            <AD_ImpFormat_ID reference="id"/>
            <AD_Menu_ID reference="id"/>
            <AD_Process_ID reference="uuid" reference-key="AD_Process">504424ad-2acf-4961-a26f-127bfc195e9c</AD_Process_ID>
            <AD_Role_ID reference="id"/>
            <AD_Window_ID reference="id"/>
            <AD_Workflow_ID reference="id"/>
            <IsActive>Y</IsActive>
            <File_Directory/>
            <FileName/>
            <Destination_FileName/>
            <Destination_Directory/>
            <Description/>
            <DBType>ALL</DBType>
            <Type>P</Type>
            <Target_Directory/>
            <SQLStatement/>
            <ReleaseNo/>
            <Processing>N</Processing>
            <Processed>N</Processed>
            <Name2/>
            <Line>40</Line>
            <AD_Table_ID reference="id"/>
            <AD_ReportView_ID reference="id"/>
            <AD_Package_Exp_ID reference="uuid" reference-key="AD_Package_Exp">f7dd2c85-1006-45ee-9ccd-9aa8647746c7</AD_Package_Exp_ID>
            <AD_Package_Code_New/>
            <AD_Package_Code_Old/>
            <AD_Val_Rule_ID reference="id"/>
            <AD_Message_ID reference="id"/>
            <AD_PrintFormat_ID reference="id"/>
            <AD_Reference_ID reference="id"/>
            <AD_ModelValidator_ID reference="id"/>
            <AD_EntityType_ID reference="id"/>
            <AD_Package_Exp_Detail_UU>c3e7db41-6693-4a2e-85f2-e32697eaf922</AD_Package_Exp_Detail_UU>
            <AD_InfoWindow_ID reference="id"/>
            <ExecCode/>
        </AD_Package_Exp_Detail>
        <AD_Package_Exp_Detail type="table">
            <AD_Client_ID>0</AD_Client_ID>
            <AD_Org_ID>0</AD_Org_ID>
            <AD_Form_ID reference="id"/>
            <AD_ImpFormat_ID reference="id"/>
            <AD_Menu_ID reference="id"/>
            <AD_Process_ID reference="uuid" reference-key="AD_Process">f912a2a1-9259-4a16-9b06-9fd5d3160680</AD_Process_ID>
            <AD_Role_ID reference="id"/>
            <AD_Window_ID reference="id"/>
            <AD_Workflow_ID reference="id"/>
            <IsActive>Y</IsActive>
            <File_Directory/>
            <FileName/>
            <Destination_FileName/>
            <Destination_Directory/>
            <Description/>
            <DBType>ALL</DBType>
            <Type>P</Type>
            <Target_Directory/>
            <SQLStatement/>
            <ReleaseNo/>
            <Processing>N</Processing>
            <Processed>N</Processed>
            <Name2/>
            <Line>30</Line>
            <AD_Table_ID reference="id"/>
            <AD_ReportView_ID reference="id"/>
            <AD_Package_Exp_ID reference="uuid" reference-key="AD_Package_Exp">f7dd2c85-1006-45ee-9ccd-9aa8647746c7</AD_Package_Exp_ID>
            <AD_Package_Code_New/>
            <AD_Package_Code_Old/>
            <AD_Val_Rule_ID reference="id"/>
            <AD_Message_ID reference="id"/>
            <AD_PrintFormat_ID reference="id"/>
            <AD_Reference_ID reference="id"/>
            <AD_ModelValidator_ID reference="id"/>
            <AD_EntityType_ID reference="id"/>
            <AD_Package_Exp_Detail_UU>8703851d-88a0-4560-9049-71a93e099b9b</AD_Package_Exp_Detail_UU>
            <AD_InfoWindow_ID reference="id"/>
            <ExecCode/>
        </AD_Package_Exp_Detail>
        <AD_Package_Exp_Detail type="table">
            <AD_Client_ID>0</AD_Client_ID>
            <AD_Org_ID>0</AD_Org_ID>
            <AD_Form_ID reference="id"/>
            <AD_ImpFormat_ID reference="id"/>
            <AD_Menu_ID reference="id"/>
            <AD_Process_ID reference="uuid" reference-key="AD_Process">eaf4306e-077a-4854-bb08-911e341cca2c</AD_Process_ID>
            <AD_Role_ID reference="id"/>
            <AD_Window_ID reference="id"/>
            <AD_Workflow_ID reference="id"/>
            <IsActive>Y</IsActive>
            <File_Directory/>
            <FileName/>
            <Destination_FileName/>
            <Destination_Directory/>
            <Description/>
            <DBType>ALL</DBType>
            <Type>P</Type>
            <Target_Directory/>
            <SQLStatement/>
            <ReleaseNo/>
            <Processing>N</Processing>
            <Processed>N</Processed>
            <Name2/>
            <Line>50</Line>
            <AD_Table_ID reference="id"/>
            <AD_ReportView_ID reference="id"/>
            <AD_Package_Exp_ID reference="uuid" reference-key="AD_Package_Exp">f7dd2c85-1006-45ee-9ccd-9aa8647746c7</AD_Package_Exp_ID>
            <AD_Package_Code_New/>
            <AD_Package_Code_Old/>
            <AD_Val_Rule_ID reference="id"/>
            <AD_Message_ID reference="id"/>
            <AD_PrintFormat_ID reference="id"/>
            <AD_Reference_ID reference="id"/>
            <AD_ModelValidator_ID reference="id"/>
            <AD_EntityType_ID reference="id"/>
            <AD_Package_Exp_Detail_UU>59d1deb6-a8e4-4c66-b054-b2d6b2f0df3e</AD_Package_Exp_Detail_UU>
            <AD_InfoWindow_ID reference="id"/>
            <ExecCode/>
        </AD_Package_Exp_Detail>
        <AD_Package_Exp_Detail type="table">
            <AD_Client_ID>0</AD_Client_ID>
            <AD_Org_ID>0</AD_Org_ID>
            <AD_Form_ID reference="id"/>
            <AD_ImpFormat_ID reference="id"/>
            <AD_Menu_ID reference="id"/>
            <AD_Process_ID reference="id"/>
            <AD_Role_ID reference="id"/>
            <AD_Window_ID reference="id"/>
            <AD_Workflow_ID reference="id"/>
            <IsActive>Y</IsActive>
            <File_Directory/>
            <FileName/>
            <Destination_FileName/>
            <Destination_Directory/>
            <Description/>
            <DBType>ALL</DBType>
            <Type>D</Type>
            <Target_Directory/>
            <SQLStatement>SELECT 	* FROM 	AD_ToolBarButton WHERE 	AD_ToolBarButton_ID IN (1000057,1000058,1000059, 1000080)</SQLStatement>
            <ReleaseNo/>
            <Processing>N</Processing>
            <Processed>N</Processed>
            <Name2/>
            <Line>9000</Line>
            <AD_Table_ID reference="id">200003</AD_Table_ID>
            <AD_ReportView_ID reference="id"/>
            <AD_Package_Exp_ID reference="uuid" reference-key="AD_Package_Exp">f7dd2c85-1006-45ee-9ccd-9aa8647746c7</AD_Package_Exp_ID>
            <AD_Package_Code_New/>
            <AD_Package_Code_Old/>
            <AD_Val_Rule_ID reference="id"/>
            <AD_Message_ID reference="id"/>
            <AD_PrintFormat_ID reference="id"/>
            <AD_Reference_ID reference="id"/>
            <AD_ModelValidator_ID reference="id"/>
            <AD_EntityType_ID reference="id"/>
            <AD_Package_Exp_Detail_UU>445c55bc-6a19-469d-a05f-def7d2f4b0fa</AD_Package_Exp_Detail_UU>
            <AD_InfoWindow_ID reference="id"/>
            <ExecCode/>
        </AD_Package_Exp_Detail>
        <AD_Package_Exp_Detail type="table">
            <AD_Client_ID>0</AD_Client_ID>
            <AD_Org_ID>0</AD_Org_ID>
            <AD_Form_ID reference="id"/>
            <AD_ImpFormat_ID reference="id"/>
            <AD_Menu_ID reference="uuid" reference-key="AD_Menu">5621eb7b-1e89-496d-be0e-ca23b3a7b9b9</AD_Menu_ID>
            <AD_Process_ID reference="id"/>
            <AD_Role_ID reference="id"/>
            <AD_Window_ID reference="id"/>
            <AD_Workflow_ID reference="id"/>
            <IsActive>Y</IsActive>
            <File_Directory/>
            <FileName/>
            <Destination_FileName/>
            <Destination_Directory/>
            <Description/>
            <DBType>ALL</DBType>
            <Type>M</Type>
            <Target_Directory/>
            <SQLStatement/>
            <ReleaseNo/>
            <Processing>N</Processing>
            <Processed>N</Processed>
            <Name2/>
            <Line>1000</Line>
            <AD_Table_ID reference="id"/>
            <AD_ReportView_ID reference="id"/>
            <AD_Package_Exp_ID reference="uuid" reference-key="AD_Package_Exp">f7dd2c85-1006-45ee-9ccd-9aa8647746c7</AD_Package_Exp_ID>
            <AD_Package_Code_New/>
            <AD_Package_Code_Old/>
            <AD_Val_Rule_ID reference="id"/>
            <AD_Message_ID reference="id"/>
            <AD_PrintFormat_ID reference="id"/>
            <AD_Reference_ID reference="id"/>
            <AD_ModelValidator_ID reference="id"/>
            <AD_EntityType_ID reference="id"/>
            <AD_Package_Exp_Detail_UU>5c445535-805c-4955-81d1-3737445a0316</AD_Package_Exp_Detail_UU>
            <AD_InfoWindow_ID reference="id"/>
            <ExecCode/>
        </AD_Package_Exp_Detail>
        <AD_Package_Exp_Detail type="table">
            <AD_Client_ID>0</AD_Client_ID>
            <AD_Org_ID>0</AD_Org_ID>
            <AD_Form_ID reference="id"/>
            <AD_ImpFormat_ID reference="id"/>
            <AD_Menu_ID reference="id"/>
            <AD_Process_ID reference="uuid" reference-key="AD_Process">e05d0929-7940-42ec-87d5-2fe9a9453ae7</AD_Process_ID>
            <AD_Role_ID reference="id"/>
            <AD_Window_ID reference="id"/>
            <AD_Workflow_ID reference="id"/>
            <IsActive>Y</IsActive>
            <File_Directory/>
            <FileName/>
            <Destination_FileName/>
            <Destination_Directory/>
            <Description/>
            <DBType>ALL</DBType>
            <Type>P</Type>
            <Target_Directory/>
            <SQLStatement/>
            <ReleaseNo/>
            <Processing>N</Processing>
            <Processed>N</Processed>
            <Name2/>
            <Line>200</Line>
            <AD_Table_ID reference="id"/>
            <AD_ReportView_ID reference="id"/>
            <AD_Package_Exp_ID reference="uuid" reference-key="AD_Package_Exp">f7dd2c85-1006-45ee-9ccd-9aa8647746c7</AD_Package_Exp_ID>
            <AD_Package_Code_New/>
            <AD_Package_Code_Old/>
            <AD_Val_Rule_ID reference="id"/>
            <AD_Message_ID reference="id"/>
            <AD_PrintFormat_ID reference="id"/>
            <AD_Reference_ID reference="id"/>
            <AD_ModelValidator_ID reference="id"/>
            <AD_EntityType_ID reference="id"/>
            <AD_Package_Exp_Detail_UU>7116e7b8-7471-40cb-bada-86a4c9a091ea</AD_Package_Exp_Detail_UU>
            <AD_InfoWindow_ID reference="id"/>
            <ExecCode/>
        </AD_Package_Exp_Detail>
    </AD_Package_Exp>
</idempiere>
