<?xml version="1.0" encoding="UTF-8"?><?xml-stylesheet type="text/css" href="idempiereDocument.css"?><idempiereDocument>
    <header>AMERPSOFT Personnel and Payroll R11 C_DocType Package Description</header>
    <H1>Package Name:</H1>
    <packagename>AMERPSOFT Personnel and Payroll R11 C_DocType</packagename>
    <H1>Author:</H1>
    <Name:/>
    <H1>Email Address:</H1>
    <Email/>
    <H1>Created:</H1>
    <Date>2025-02-10 04:54:01.979</Date>
    <H1>Updated:</H1>
    <Date>2025-03-15 11:08:41.814</Date>
    <H1>Description:</H1>
    <description>Release 11 Addittional changes on Tables, New AMN_Payroll_Docs Table,  Complete and Reactivate Processes.
Window for Preparing Payroll, new tab for AMN_Payroll_Docs Table
Window for Preparing Loans
LIquidaciones-Aguinaldos
LPY-25 /LPY-26/LPY-32/LPY-33</description>
    <H1>Instructions:</H1>
    <instructions/>
    <H1>Files in Package:</H1>
    <file>File: PackOut.xml</file>
    <filedirectory>Directory: \dict\</filedirectory>
    <filenotes>Notes: Contains all application/object settings for package</filenotes>
    <H1>Client:</H1>
    <Client>0-SYSTEM-System</Client>
</idempiereDocument>
