<?xml version="1.0" encoding="UTF-8"?><idempiere Name="AMERP Personnel Payroll T6 Tool Bar Buttons" Version="1.0" idempiereVersion="" DataBaseVersion="" Description="Menus" Author="" AuthorEmail="" CreatedDate="2017-03-20 14:58:39.942" UpdatedDate="2017-03-20 14:58:39.942" PackOutVersion="100" UpdateDictionary="false" Client="0-SYSTEM-System" AD_Client_UU="11237b53-9592-4af1-b3c5-afd216514b5d">
    <AD_ToolBarButton type="table">
        <AD_Client_ID>0</AD_Client_ID>
        <AD_Org_ID>0</AD_Org_ID>
        <ComponentName>Amper Payroll Create</ComponentName>
        <IsActive>Y</IsActive>
        <Name>Amper Payroll Create</Name>
        <IsCustomization>N</IsCustomization>
        <ActionClassName/>
        <ActionName/>
        <KeyStroke_KeyCode/>
        <KeyStroke_Modifiers/>
        <AD_ToolBarButton_UU>61876f6c-bd3d-49e3-b357-74f947f2ecb3</AD_ToolBarButton_UU>
        <Action>W</Action>
        <AD_Tab_ID reference="uuid" reference-key="AD_Tab">83851dc8-d90b-49fe-9758-203515c2171f</AD_Tab_ID>
        <AD_Process_ID reference="uuid" reference-key="AD_Process">3caf5c41-6bb7-42ee-8580-e5e6ac42f898</AD_Process_ID>
        <DisplayLogic/>
        <SeqNo>10</SeqNo>
        <IsAdvancedButton>N</IsAdvancedButton>
        <IsAddSeparator>N</IsAddSeparator>
    </AD_ToolBarButton>
    <AD_ToolBarButton type="table">
        <AD_Client_ID>0</AD_Client_ID>
        <AD_Org_ID>0</AD_Org_ID>
        <ComponentName>AMNPayroll Refresh</ComponentName>
        <IsActive>Y</IsActive>
        <Name>AMNPayroll Refresh</Name>
        <IsCustomization>N</IsCustomization>
        <ActionClassName/>
        <ActionName/>
        <KeyStroke_KeyCode/>
        <KeyStroke_Modifiers/>
        <AD_ToolBarButton_UU>d6d5bcfc-907f-4d89-8608-ab376106e9ba</AD_ToolBarButton_UU>
        <Action>W</Action>
        <AD_Tab_ID reference="uuid" reference-key="AD_Tab">d2b9f1d7-06e1-4cea-8055-1b30019158ce</AD_Tab_ID>
        <AD_Process_ID reference="uuid" reference-key="AD_Process">c014aa8a-73a7-4ddf-abcf-71a82ee39f96</AD_Process_ID>
        <DisplayLogic/>
        <SeqNo>10</SeqNo>
        <IsAdvancedButton>N</IsAdvancedButton>
        <IsAddSeparator>N</IsAddSeparator>
    </AD_ToolBarButton>
    <AD_ToolBarButton type="table">
        <AD_Client_ID>0</AD_Client_ID>
        <AD_Org_ID>0</AD_Org_ID>
        <ComponentName>Period Create</ComponentName>
        <IsActive>Y</IsActive>
        <Name>Period Create</Name>
        <IsCustomization>N</IsCustomization>
        <ActionClassName/>
        <ActionName/>
        <KeyStroke_KeyCode/>
        <KeyStroke_Modifiers/>
        <AD_ToolBarButton_UU>8a5606ef-8082-4323-a8bb-b5a9f1f919b3</AD_ToolBarButton_UU>
        <Action>W</Action>
        <AD_Tab_ID reference="uuid" reference-key="AD_Tab">224d3517-8873-4743-82cc-b3363acd4ab3</AD_Tab_ID>
        <AD_Process_ID reference="uuid" reference-key="AD_Process">509b0aa7-2fb6-4770-8cdd-d7de55088e89</AD_Process_ID>
        <DisplayLogic/>
        <SeqNo>10</SeqNo>
        <IsAdvancedButton>N</IsAdvancedButton>
        <IsAddSeparator>N</IsAddSeparator>
    </AD_ToolBarButton>
    <AD_ToolBarButton type="table">
        <AD_Client_ID>0</AD_Client_ID>
        <AD_Org_ID>0</AD_Org_ID>
        <ComponentName>AMNPayroll Refresh</ComponentName>
        <IsActive>Y</IsActive>
        <Name>AMNPayroll Refresh</Name>
        <IsCustomization>N</IsCustomization>
        <ActionClassName/>
        <ActionName/>
        <KeyStroke_KeyCode/>
        <KeyStroke_Modifiers/>
        <AD_ToolBarButton_UU>0b2c8aaf-7254-4cb7-98b5-57d2460afc3b</AD_ToolBarButton_UU>
        <Action>W</Action>
        <AD_Tab_ID reference="uuid" reference-key="AD_Tab">9a6f2e55-6afd-4774-8a5d-0a074a8b6465</AD_Tab_ID>
        <AD_Process_ID reference="uuid" reference-key="AD_Process">c014aa8a-73a7-4ddf-abcf-71a82ee39f96</AD_Process_ID>
        <DisplayLogic/>
        <SeqNo>10</SeqNo>
        <IsAdvancedButton>N</IsAdvancedButton>
        <IsAddSeparator>N</IsAddSeparator>
    </AD_ToolBarButton>
    <AD_ToolBarButton type="table">
        <AD_Client_ID>0</AD_Client_ID>
        <AD_Org_ID>0</AD_Org_ID>
        <ComponentName>Payroll Refresh Recalculate</ComponentName>
        <IsActive>Y</IsActive>
        <Name>Payroll Refresh Recalculate</Name>
        <IsCustomization>N</IsCustomization>
        <ActionClassName/>
        <ActionName/>
        <KeyStroke_KeyCode/>
        <KeyStroke_Modifiers/>
        <AD_ToolBarButton_UU>74b235b8-f80e-4558-b552-0bbe53729fe0</AD_ToolBarButton_UU>
        <Action>W</Action>
        <AD_Tab_ID reference="uuid" reference-key="AD_Tab">53a5dcee-f664-4495-bf86-d6376ceffed7</AD_Tab_ID>
        <AD_Process_ID reference="uuid" reference-key="AD_Process">c014aa8a-73a7-4ddf-abcf-71a82ee39f96</AD_Process_ID>
        <DisplayLogic/>
        <SeqNo>20</SeqNo>
        <IsAdvancedButton>N</IsAdvancedButton>
        <IsAddSeparator>N</IsAddSeparator>
    </AD_ToolBarButton>
    <AD_ToolBarButton type="table">
        <AD_Client_ID>0</AD_Client_ID>
        <AD_Org_ID>0</AD_Org_ID>
        <ComponentName>Payroll Create One Document for this Employee</ComponentName>
        <IsActive>Y</IsActive>
        <Name>Payroll Create One Document for this Employee</Name>
        <IsCustomization>N</IsCustomization>
        <ActionClassName/>
        <ActionName/>
        <KeyStroke_KeyCode/>
        <KeyStroke_Modifiers/>
        <AD_ToolBarButton_UU>e1756053-01ea-477b-8e7f-632c58b195ba</AD_ToolBarButton_UU>
        <Action>W</Action>
        <AD_Tab_ID reference="uuid" reference-key="AD_Tab">53a5dcee-f664-4495-bf86-d6376ceffed7</AD_Tab_ID>
        <AD_Process_ID reference="uuid" reference-key="AD_Process">d04347c9-97cb-4353-9958-06ac68bef733</AD_Process_ID>
        <DisplayLogic/>
        <SeqNo>10</SeqNo>
        <IsAdvancedButton>N</IsAdvancedButton>
        <IsAddSeparator>N</IsAddSeparator>
    </AD_ToolBarButton>
    <AD_ToolBarButton type="table">
        <AD_Client_ID>0</AD_Client_ID>
        <AD_Org_ID>0</AD_Org_ID>
        <ComponentName>Employee File</ComponentName>
        <IsActive>Y</IsActive>
        <Name>Employee File</Name>
        <IsCustomization>N</IsCustomization>
        <ActionClassName/>
        <ActionName/>
        <KeyStroke_KeyCode/>
        <KeyStroke_Modifiers/>
        <AD_ToolBarButton_UU>ef73b6ab-2ada-4ae6-8f22-8b2131d11dc4</AD_ToolBarButton_UU>
        <Action>W</Action>
        <AD_Tab_ID reference="uuid" reference-key="AD_Tab">81154e18-8559-42c6-ac6b-f50a35ec1d78</AD_Tab_ID>
        <AD_Process_ID reference="uuid" reference-key="AD_Process">d3df7cfe-8090-4f2d-b46b-e179f11e9d8d</AD_Process_ID>
        <DisplayLogic/>
        <SeqNo>10</SeqNo>
        <IsAdvancedButton>N</IsAdvancedButton>
        <IsAddSeparator>N</IsAddSeparator>
    </AD_ToolBarButton>
    <AD_ToolBarButton type="table">
        <AD_Client_ID>0</AD_Client_ID>
        <AD_Org_ID>0</AD_Org_ID>
        <ComponentName>Antiquity File</ComponentName>
        <IsActive>Y</IsActive>
        <Name>Antiquity File</Name>
        <IsCustomization>N</IsCustomization>
        <ActionClassName/>
        <ActionName/>
        <KeyStroke_KeyCode/>
        <KeyStroke_Modifiers/>
        <AD_ToolBarButton_UU>3e2ad8dd-33ab-4bcb-a2d6-f972b6d4b080</AD_ToolBarButton_UU>
        <Action>W</Action>
        <AD_Tab_ID reference="uuid" reference-key="AD_Tab">81154e18-8559-42c6-ac6b-f50a35ec1d78</AD_Tab_ID>
        <AD_Process_ID reference="uuid" reference-key="AD_Process">616c0846-51ae-4ec9-8681-1153c72adc8a</AD_Process_ID>
        <DisplayLogic/>
        <SeqNo>10</SeqNo>
        <IsAdvancedButton>N</IsAdvancedButton>
        <IsAddSeparator>N</IsAddSeparator>
    </AD_ToolBarButton>
    <AD_ToolBarButton type="table">
        <AD_Client_ID>0</AD_Client_ID>
        <AD_Org_ID>0</AD_Org_ID>
        <ComponentName>Attendance Period Create</ComponentName>
        <IsActive>Y</IsActive>
        <Name>Attendance Period Create</Name>
        <IsCustomization>N</IsCustomization>
        <ActionClassName/>
        <ActionName/>
        <KeyStroke_KeyCode/>
        <KeyStroke_Modifiers/>
        <AD_ToolBarButton_UU>70ba4f30-1840-42c1-8267-0d1ae49d2287</AD_ToolBarButton_UU>
        <Action>W</Action>
        <AD_Tab_ID reference="uuid" reference-key="AD_Tab">69e0e0c3-f075-4484-9a70-fc5ddea63834</AD_Tab_ID>
        <AD_Process_ID reference="uuid" reference-key="AD_Process">ebfbfb91-5aa4-4023-85a4-3926932f313e</AD_Process_ID>
        <DisplayLogic/>
        <SeqNo>10</SeqNo>
        <IsAdvancedButton>N</IsAdvancedButton>
        <IsAddSeparator>N</IsAddSeparator>
    </AD_ToolBarButton>
    <AD_ToolBarButton type="table">
        <AD_Client_ID>0</AD_Client_ID>
        <AD_Org_ID>0</AD_Org_ID>
        <ComponentName>Payroll Receipt NU</ComponentName>
        <IsActive>Y</IsActive>
        <Name>Payroll Receipt NU</Name>
        <IsCustomization>N</IsCustomization>
        <ActionClassName/>
        <ActionName/>
        <KeyStroke_KeyCode/>
        <KeyStroke_Modifiers/>
        <AD_ToolBarButton_UU>1cabb21b-2056-48e7-899b-567619275049</AD_ToolBarButton_UU>
        <Action>W</Action>
        <AD_Tab_ID reference="uuid" reference-key="AD_Tab">53a5dcee-f664-4495-bf86-d6376ceffed7</AD_Tab_ID>
        <AD_Process_ID reference="uuid" reference-key="AD_Process">e816c6e3-3510-448b-b25e-727ada1e6e16</AD_Process_ID>
        <DisplayLogic>@AMN_Process_Value@='NU'</DisplayLogic>
        <SeqNo>47</SeqNo>
        <IsAdvancedButton>N</IsAdvancedButton>
        <IsAddSeparator>N</IsAddSeparator>
    </AD_ToolBarButton>
    <AD_ToolBarButton type="table">
        <AD_Client_ID>0</AD_Client_ID>
        <AD_Org_ID>0</AD_Org_ID>
        <ComponentName>Process Payroll Attendance One Period</ComponentName>
        <IsActive>Y</IsActive>
        <Name>Process Payroll Attendance One Period</Name>
        <IsCustomization>N</IsCustomization>
        <ActionClassName/>
        <ActionName/>
        <KeyStroke_KeyCode/>
        <KeyStroke_Modifiers/>
        <AD_ToolBarButton_UU>2e95e08f-5afc-43da-ba6f-055a496cc8c1</AD_ToolBarButton_UU>
        <Action>W</Action>
        <AD_Tab_ID reference="uuid" reference-key="AD_Tab">447e48d7-ee9d-48a8-bfc0-b7c84ce6e642</AD_Tab_ID>
        <AD_Process_ID reference="uuid" reference-key="AD_Process">ae979f2b-111d-4701-9f0a-3f882e595c6b</AD_Process_ID>
        <DisplayLogic>@AMN_Process_Value@='NN'</DisplayLogic>
        <SeqNo>20</SeqNo>
        <IsAdvancedButton>N</IsAdvancedButton>
        <IsAddSeparator>N</IsAddSeparator>
    </AD_ToolBarButton>
    <AD_ToolBarButton type="table">
        <AD_Client_ID>0</AD_Client_ID>
        <AD_Org_ID>0</AD_Org_ID>
        <ComponentName>Amper Payroll Process  and Accounting Docs</ComponentName>
        <IsActive>Y</IsActive>
        <Name>Amper Payroll Process and Accounting Docs</Name>
        <IsCustomization>N</IsCustomization>
        <ActionClassName/>
        <ActionName/>
        <KeyStroke_KeyCode/>
        <KeyStroke_Modifiers/>
        <AD_ToolBarButton_UU>cbc956ad-bd63-4444-b6d1-514ffdc2ccaf</AD_ToolBarButton_UU>
        <Action>W</Action>
        <AD_Tab_ID reference="uuid" reference-key="AD_Tab">447e48d7-ee9d-48a8-bfc0-b7c84ce6e642</AD_Tab_ID>
        <AD_Process_ID reference="uuid" reference-key="AD_Process">54af4b9e-16c6-4233-839f-9f2e878ef2b0</AD_Process_ID>
        <DisplayLogic/>
        <SeqNo>40</SeqNo>
        <IsAdvancedButton>N</IsAdvancedButton>
        <IsAddSeparator>N</IsAddSeparator>
    </AD_ToolBarButton>
    <AD_ToolBarButton type="table">
        <AD_Client_ID>0</AD_Client_ID>
        <AD_Org_ID>0</AD_Org_ID>
        <ComponentName>Transfer Payroll Attendance One Period</ComponentName>
        <IsActive>Y</IsActive>
        <Name>Transfer Payroll Attendance One Period</Name>
        <IsCustomization>N</IsCustomization>
        <ActionClassName/>
        <ActionName/>
        <KeyStroke_KeyCode/>
        <KeyStroke_Modifiers/>
        <AD_ToolBarButton_UU>2a8b4a00-d5c0-472b-80eb-0ab4b84b4d0b</AD_ToolBarButton_UU>
        <Action>W</Action>
        <AD_Tab_ID reference="uuid" reference-key="AD_Tab">447e48d7-ee9d-48a8-bfc0-b7c84ce6e642</AD_Tab_ID>
        <AD_Process_ID reference="uuid" reference-key="AD_Process">0b28337e-256a-43a9-b736-83425440db0f</AD_Process_ID>
        <DisplayLogic>@AMN_Process_Value@='NN'</DisplayLogic>
        <SeqNo>30</SeqNo>
        <IsAdvancedButton>N</IsAdvancedButton>
        <IsAddSeparator>N</IsAddSeparator>
    </AD_ToolBarButton>
    <AD_ToolBarButton type="table">
        <AD_Client_ID>0</AD_Client_ID>
        <AD_Org_ID>0</AD_Org_ID>
        <ComponentName>Payroll Process and Accounting One Document</ComponentName>
        <IsActive>Y</IsActive>
        <Name>Payroll Process and Accounting One Document</Name>
        <IsCustomization>N</IsCustomization>
        <ActionClassName/>
        <ActionName/>
        <KeyStroke_KeyCode/>
        <KeyStroke_Modifiers/>
        <AD_ToolBarButton_UU>4e7cd3be-5d8c-458e-9215-e25c2c1fef9b</AD_ToolBarButton_UU>
        <Action>W</Action>
        <AD_Tab_ID reference="uuid" reference-key="AD_Tab">53a5dcee-f664-4495-bf86-d6376ceffed7</AD_Tab_ID>
        <AD_Process_ID reference="uuid" reference-key="AD_Process">74312016-c027-4e08-8ee3-47d8e6148c11</AD_Process_ID>
        <DisplayLogic/>
        <SeqNo>50</SeqNo>
        <IsAdvancedButton>N</IsAdvancedButton>
        <IsAddSeparator>N</IsAddSeparator>
    </AD_ToolBarButton>
    <AD_ToolBarButton type="table">
        <AD_Client_ID>0</AD_Client_ID>
        <AD_Org_ID>0</AD_Org_ID>
        <ComponentName>Process Payroll Attendance One Employee</ComponentName>
        <IsActive>Y</IsActive>
        <Name>Process Payroll Attendance One Employee</Name>
        <IsCustomization>N</IsCustomization>
        <ActionClassName/>
        <ActionName/>
        <KeyStroke_KeyCode/>
        <KeyStroke_Modifiers/>
        <AD_ToolBarButton_UU>b06092d9-dafb-46e4-bf6c-b88aea76555c</AD_ToolBarButton_UU>
        <Action>W</Action>
        <AD_Tab_ID reference="uuid" reference-key="AD_Tab">53a5dcee-f664-4495-bf86-d6376ceffed7</AD_Tab_ID>
        <AD_Process_ID reference="uuid" reference-key="AD_Process">dfe711bc-79cc-45d8-bd6d-7cf470d71fdb</AD_Process_ID>
        <DisplayLogic>@AMN_Process_Value@='NN'</DisplayLogic>
        <SeqNo>30</SeqNo>
        <IsAdvancedButton>N</IsAdvancedButton>
        <IsAddSeparator>N</IsAddSeparator>
    </AD_ToolBarButton>
    <AD_ToolBarButton type="table">
        <AD_Client_ID>0</AD_Client_ID>
        <AD_Org_ID>0</AD_Org_ID>
        <ComponentName>Transfer Payroll Attendance One Employee</ComponentName>
        <IsActive>Y</IsActive>
        <Name>Transfer Payroll Attendance One Employee</Name>
        <IsCustomization>N</IsCustomization>
        <ActionClassName/>
        <ActionName/>
        <KeyStroke_KeyCode/>
        <KeyStroke_Modifiers/>
        <AD_ToolBarButton_UU>30455986-b0d3-463f-bd9b-16caf1b344d7</AD_ToolBarButton_UU>
        <Action>W</Action>
        <AD_Tab_ID reference="uuid" reference-key="AD_Tab">53a5dcee-f664-4495-bf86-d6376ceffed7</AD_Tab_ID>
        <AD_Process_ID reference="uuid" reference-key="AD_Process">469816b9-ef65-42f3-b605-40a37df56aed</AD_Process_ID>
        <DisplayLogic>@AMN_Process_Value@='NN'</DisplayLogic>
        <SeqNo>40</SeqNo>
        <IsAdvancedButton>N</IsAdvancedButton>
        <IsAddSeparator>N</IsAddSeparator>
    </AD_ToolBarButton>
    <AD_ToolBarButton type="table">
        <AD_Client_ID>0</AD_Client_ID>
        <AD_Org_ID>0</AD_Org_ID>
        <ComponentName>Amper Payroll Process Payroll Attendance One Day</ComponentName>
        <IsActive>Y</IsActive>
        <Name>Amper Payroll Process Payroll Attendance One Day</Name>
        <IsCustomization>N</IsCustomization>
        <ActionClassName/>
        <ActionName/>
        <KeyStroke_KeyCode/>
        <KeyStroke_Modifiers/>
        <AD_ToolBarButton_UU>09f157be-223f-45c8-8412-66911e23c621</AD_ToolBarButton_UU>
        <Action>W</Action>
        <AD_Tab_ID reference="uuid" reference-key="AD_Tab">7e405c6b-c0b7-4694-9a8e-886e53c9d5b7</AD_Tab_ID>
        <AD_Process_ID reference="uuid" reference-key="AD_Process">0d13c4b5-e16c-40b7-987e-4b337c311cef</AD_Process_ID>
        <DisplayLogic/>
        <SeqNo>10</SeqNo>
        <IsAdvancedButton>N</IsAdvancedButton>
        <IsAddSeparator>N</IsAddSeparator>
    </AD_ToolBarButton>
    <AD_ToolBarButton type="table">
        <AD_Client_ID>0</AD_Client_ID>
        <AD_Org_ID>0</AD_Org_ID>
        <ComponentName>Amper Payroll Create Docs</ComponentName>
        <IsActive>Y</IsActive>
        <Name>Amper Payroll Create Docs</Name>
        <IsCustomization>N</IsCustomization>
        <ActionClassName/>
        <ActionName/>
        <KeyStroke_KeyCode/>
        <KeyStroke_Modifiers/>
        <AD_ToolBarButton_UU>e3a3071f-07c9-4969-970e-37a8947ead02</AD_ToolBarButton_UU>
        <Action>W</Action>
        <AD_Tab_ID reference="uuid" reference-key="AD_Tab">447e48d7-ee9d-48a8-bfc0-b7c84ce6e642</AD_Tab_ID>
        <AD_Process_ID reference="uuid" reference-key="AD_Process">3caf5c41-6bb7-42ee-8580-e5e6ac42f898</AD_Process_ID>
        <DisplayLogic>@AMN_Process_Value@='NN'</DisplayLogic>
        <SeqNo>10</SeqNo>
        <IsAdvancedButton>N</IsAdvancedButton>
        <IsAddSeparator>N</IsAddSeparator>
    </AD_ToolBarButton>
    <AD_ToolBarButton type="table">
        <AD_Client_ID>0</AD_Client_ID>
        <AD_Org_ID>0</AD_Org_ID>
        <ComponentName>Payroll Receipt NV</ComponentName>
        <IsActive>Y</IsActive>
        <Name>Payroll Receipt NV</Name>
        <IsCustomization>N</IsCustomization>
        <ActionClassName/>
        <ActionName/>
        <KeyStroke_KeyCode/>
        <KeyStroke_Modifiers/>
        <AD_ToolBarButton_UU>20896d9d-7785-4fe2-a8e4-56cc64f50e22</AD_ToolBarButton_UU>
        <Action>W</Action>
        <AD_Tab_ID reference="uuid" reference-key="AD_Tab">53a5dcee-f664-4495-bf86-d6376ceffed7</AD_Tab_ID>
        <AD_Process_ID reference="uuid" reference-key="AD_Process">1515e473-26ee-4292-a242-eee9e302cfcc</AD_Process_ID>
        <DisplayLogic>@AMN_Process_Value@='NV'</DisplayLogic>
        <SeqNo>45</SeqNo>
        <IsAdvancedButton>N</IsAdvancedButton>
        <IsAddSeparator>N</IsAddSeparator>
    </AD_ToolBarButton>
    <AD_ToolBarButton type="table">
        <AD_Client_ID>0</AD_Client_ID>
        <AD_Org_ID>0</AD_Org_ID>
        <ComponentName>Period Create for Social Benefits</ComponentName>
        <IsActive>Y</IsActive>
        <Name>Period Create for Social Benefits</Name>
        <IsCustomization>N</IsCustomization>
        <ActionClassName/>
        <ActionName/>
        <KeyStroke_KeyCode/>
        <KeyStroke_Modifiers/>
        <AD_ToolBarButton_UU>65678217-a715-4751-8a88-0494ca84c126</AD_ToolBarButton_UU>
        <Action>W</Action>
        <AD_Tab_ID reference="uuid" reference-key="AD_Tab">aa972c34-fa6f-496e-936c-06e1438d3ad8</AD_Tab_ID>
        <AD_Process_ID reference="uuid" reference-key="AD_Process">509b0aa7-2fb6-4770-8cdd-d7de55088e89</AD_Process_ID>
        <DisplayLogic/>
        <SeqNo>10</SeqNo>
        <IsAdvancedButton>N</IsAdvancedButton>
        <IsAddSeparator>N</IsAddSeparator>
    </AD_ToolBarButton>
    <AD_ToolBarButton type="table">
        <AD_Client_ID>0</AD_Client_ID>
        <AD_Org_ID>0</AD_Org_ID>
        <ComponentName>Amper Payroll Create Social Benefit Docs</ComponentName>
        <IsActive>Y</IsActive>
        <Name>Amper Payroll Create Social Benefit Docs</Name>
        <IsCustomization>N</IsCustomization>
        <ActionClassName/>
        <ActionName/>
        <KeyStroke_KeyCode/>
        <KeyStroke_Modifiers/>
        <AD_ToolBarButton_UU>3736a054-2722-48e6-bb9e-867ec9c671ad</AD_ToolBarButton_UU>
        <Action>W</Action>
        <AD_Tab_ID reference="uuid" reference-key="AD_Tab">360d8ee9-9cae-4fee-89e3-a3a752323a6b</AD_Tab_ID>
        <AD_Process_ID reference="uuid" reference-key="AD_Process">3caf5c41-6bb7-42ee-8580-e5e6ac42f898</AD_Process_ID>
        <DisplayLogic/>
        <SeqNo>10</SeqNo>
        <IsAdvancedButton>N</IsAdvancedButton>
        <IsAddSeparator>N</IsAddSeparator>
    </AD_ToolBarButton>
    <AD_ToolBarButton type="table">
        <AD_Client_ID>0</AD_Client_ID>
        <AD_Org_ID>0</AD_Org_ID>
        <ComponentName>Amper Payroll Process  and Accounting Social Benefit Docs</ComponentName>
        <IsActive>Y</IsActive>
        <Name>Amper Payroll Process  and Accounting Social Benefit Docs</Name>
        <IsCustomization>N</IsCustomization>
        <ActionClassName/>
        <ActionName/>
        <KeyStroke_KeyCode/>
        <KeyStroke_Modifiers/>
        <AD_ToolBarButton_UU>f00a0e93-9a2f-4cf0-96eb-7794f4ea9937</AD_ToolBarButton_UU>
        <Action>W</Action>
        <AD_Tab_ID reference="uuid" reference-key="AD_Tab">360d8ee9-9cae-4fee-89e3-a3a752323a6b</AD_Tab_ID>
        <AD_Process_ID reference="uuid" reference-key="AD_Process">54af4b9e-16c6-4233-839f-9f2e878ef2b0</AD_Process_ID>
        <DisplayLogic/>
        <SeqNo>20</SeqNo>
        <IsAdvancedButton>N</IsAdvancedButton>
        <IsAddSeparator>N</IsAddSeparator>
    </AD_ToolBarButton>
    <AD_ToolBarButton type="table">
        <AD_Client_ID>0</AD_Client_ID>
        <AD_Org_ID>0</AD_Org_ID>
        <ComponentName>Social Benefit Create One Document for this Employee</ComponentName>
        <IsActive>Y</IsActive>
        <Name>Social Benefit Create One Document for this Employee</Name>
        <IsCustomization>N</IsCustomization>
        <ActionClassName/>
        <ActionName/>
        <KeyStroke_KeyCode/>
        <KeyStroke_Modifiers/>
        <AD_ToolBarButton_UU>cd43915a-8c0b-4ee0-ad97-f08f2d64c1d4</AD_ToolBarButton_UU>
        <Action>W</Action>
        <AD_Tab_ID reference="uuid" reference-key="AD_Tab">f7fad20a-f595-436a-a279-d99e5240b908</AD_Tab_ID>
        <AD_Process_ID reference="uuid" reference-key="AD_Process">d04347c9-97cb-4353-9958-06ac68bef733</AD_Process_ID>
        <DisplayLogic/>
        <SeqNo>10</SeqNo>
        <IsAdvancedButton>N</IsAdvancedButton>
        <IsAddSeparator>N</IsAddSeparator>
    </AD_ToolBarButton>
    <AD_ToolBarButton type="table">
        <AD_Client_ID>0</AD_Client_ID>
        <AD_Org_ID>0</AD_Org_ID>
        <ComponentName> Social Benefit Refresh Recalculate</ComponentName>
        <IsActive>Y</IsActive>
        <Name> Social Benefit Refresh Recalculate</Name>
        <IsCustomization>N</IsCustomization>
        <ActionClassName/>
        <ActionName/>
        <KeyStroke_KeyCode/>
        <KeyStroke_Modifiers/>
        <AD_ToolBarButton_UU>393dd510-8bb3-410d-a332-9bfd78927635</AD_ToolBarButton_UU>
        <Action>W</Action>
        <AD_Tab_ID reference="uuid" reference-key="AD_Tab">f7fad20a-f595-436a-a279-d99e5240b908</AD_Tab_ID>
        <AD_Process_ID reference="uuid" reference-key="AD_Process">c014aa8a-73a7-4ddf-abcf-71a82ee39f96</AD_Process_ID>
        <DisplayLogic/>
        <SeqNo>20</SeqNo>
        <IsAdvancedButton>N</IsAdvancedButton>
        <IsAddSeparator>N</IsAddSeparator>
    </AD_ToolBarButton>
    <AD_ToolBarButton type="table">
        <AD_Client_ID>0</AD_Client_ID>
        <AD_Org_ID>0</AD_Org_ID>
        <ComponentName>Payroll Process and Accounting One Document</ComponentName>
        <IsActive>Y</IsActive>
        <Name>Payroll Process and Accounting One Document</Name>
        <IsCustomization>N</IsCustomization>
        <ActionClassName/>
        <ActionName/>
        <KeyStroke_KeyCode/>
        <KeyStroke_Modifiers/>
        <AD_ToolBarButton_UU>47413cf9-3938-454c-b7d6-d081aa1067f7</AD_ToolBarButton_UU>
        <Action>W</Action>
        <AD_Tab_ID reference="uuid" reference-key="AD_Tab">f7fad20a-f595-436a-a279-d99e5240b908</AD_Tab_ID>
        <AD_Process_ID reference="uuid" reference-key="AD_Process">74312016-c027-4e08-8ee3-47d8e6148c11</AD_Process_ID>
        <DisplayLogic/>
        <SeqNo>30</SeqNo>
        <IsAdvancedButton>N</IsAdvancedButton>
        <IsAddSeparator>N</IsAddSeparator>
    </AD_ToolBarButton>
    <AD_ToolBarButton type="table">
        <AD_Client_ID>0</AD_Client_ID>
        <AD_Org_ID>0</AD_Org_ID>
        <ComponentName>AMNPayroll Refresh</ComponentName>
        <IsActive>Y</IsActive>
        <Name>AMNPayroll Refresh</Name>
        <IsCustomization>N</IsCustomization>
        <ActionClassName/>
        <ActionName/>
        <KeyStroke_KeyCode/>
        <KeyStroke_Modifiers/>
        <AD_ToolBarButton_UU>3968dc48-8f7f-42db-af4b-9e730691a625</AD_ToolBarButton_UU>
        <Action>W</Action>
        <AD_Tab_ID reference="uuid" reference-key="AD_Tab">b6e69e96-ab40-41cd-ab82-893f990b97a0</AD_Tab_ID>
        <AD_Process_ID reference="uuid" reference-key="AD_Process">c014aa8a-73a7-4ddf-abcf-71a82ee39f96</AD_Process_ID>
        <DisplayLogic/>
        <SeqNo>10</SeqNo>
        <IsAdvancedButton>N</IsAdvancedButton>
        <IsAddSeparator>N</IsAddSeparator>
    </AD_ToolBarButton>
    <AD_ToolBarButton type="table">
        <AD_Client_ID>0</AD_Client_ID>
        <AD_Org_ID>0</AD_Org_ID>
        <ComponentName>Payroll Receipt NN</ComponentName>
        <IsActive>Y</IsActive>
        <Name>Payroll Receipt NN</Name>
        <IsCustomization>N</IsCustomization>
        <ActionClassName/>
        <ActionName/>
        <KeyStroke_KeyCode/>
        <KeyStroke_Modifiers/>
        <AD_ToolBarButton_UU>5e6e2828-3bff-48b2-9771-17cd0e5dc00d</AD_ToolBarButton_UU>
        <Action>W</Action>
        <AD_Tab_ID reference="uuid" reference-key="AD_Tab">53a5dcee-f664-4495-bf86-d6376ceffed7</AD_Tab_ID>
        <AD_Process_ID reference="uuid" reference-key="AD_Process">e1683489-f685-4323-b199-0ebe83c84656</AD_Process_ID>
        <DisplayLogic>@AMN_Process_Value@='NN'</DisplayLogic>
        <SeqNo>43</SeqNo>
        <IsAdvancedButton>N</IsAdvancedButton>
        <IsAddSeparator>N</IsAddSeparator>
    </AD_ToolBarButton>
    <AD_ToolBarButton type="table">
        <AD_Client_ID>0</AD_Client_ID>
        <AD_Org_ID>0</AD_Org_ID>
        <ComponentName>Payroll Receipt NP</ComponentName>
        <IsActive>Y</IsActive>
        <Name>Payroll Receipt NP</Name>
        <IsCustomization>N</IsCustomization>
        <ActionClassName/>
        <ActionName/>
        <KeyStroke_KeyCode/>
        <KeyStroke_Modifiers/>
        <AD_ToolBarButton_UU>10aad0f6-3551-47eb-bb80-484bd205dffe</AD_ToolBarButton_UU>
        <Action>W</Action>
        <AD_Tab_ID reference="uuid" reference-key="AD_Tab">f7fad20a-f595-436a-a279-d99e5240b908</AD_Tab_ID>
        <AD_Process_ID reference="uuid" reference-key="AD_Process">9d9f0954-5324-4ea3-9d63-0d5830463704</AD_Process_ID>
        <DisplayLogic/>
        <SeqNo>40</SeqNo>
        <IsAdvancedButton>N</IsAdvancedButton>
        <IsAddSeparator>N</IsAddSeparator>
    </AD_ToolBarButton>
    <AD_ToolBarButton type="table">
        <AD_Client_ID>0</AD_Client_ID>
        <AD_Org_ID>0</AD_Org_ID>
        <ComponentName>Period Create for Social Benefits</ComponentName>
        <IsActive>Y</IsActive>
        <Name>Period Create for Social Benefits</Name>
        <IsCustomization>N</IsCustomization>
        <ActionClassName/>
        <ActionName/>
        <KeyStroke_KeyCode/>
        <KeyStroke_Modifiers/>
        <AD_ToolBarButton_UU>73d3775d-ce96-41e1-8f22-0e6edb0dce61</AD_ToolBarButton_UU>
        <Action>W</Action>
        <AD_Tab_ID reference="uuid" reference-key="AD_Tab">f942178d-cabe-41e1-9fa0-71459bbf41cd</AD_Tab_ID>
        <AD_Process_ID reference="uuid" reference-key="AD_Process">509b0aa7-2fb6-4770-8cdd-d7de55088e89</AD_Process_ID>
        <DisplayLogic/>
        <SeqNo>10</SeqNo>
        <IsAdvancedButton>N</IsAdvancedButton>
        <IsAddSeparator>N</IsAddSeparator>
    </AD_ToolBarButton>
    <AD_ToolBarButton type="table">
        <AD_Client_ID>0</AD_Client_ID>
        <AD_Org_ID>0</AD_Org_ID>
        <ComponentName>Process Payroll Attendance One Period</ComponentName>
        <IsActive>Y</IsActive>
        <Name>Process Payroll Attendance One Period</Name>
        <IsCustomization>N</IsCustomization>
        <ActionClassName/>
        <ActionName/>
        <KeyStroke_KeyCode/>
        <KeyStroke_Modifiers/>
        <AD_ToolBarButton_UU>4b1be5d0-2a98-4492-8764-bf074e7faf8d</AD_ToolBarButton_UU>
        <Action>W</Action>
        <AD_Tab_ID reference="uuid" reference-key="AD_Tab">6a819a55-714b-4306-be96-81c696b0e659</AD_Tab_ID>
        <AD_Process_ID reference="uuid" reference-key="AD_Process">ae979f2b-111d-4701-9f0a-3f882e595c6b</AD_Process_ID>
        <DisplayLogic>@AMN_Process_Value@='NN'</DisplayLogic>
        <SeqNo>20</SeqNo>
        <IsAdvancedButton>N</IsAdvancedButton>
        <IsAddSeparator>N</IsAddSeparator>
    </AD_ToolBarButton>
    <AD_ToolBarButton type="table">
        <AD_Client_ID>0</AD_Client_ID>
        <AD_Org_ID>0</AD_Org_ID>
        <ComponentName>Transfer Payroll Attendance One Period</ComponentName>
        <IsActive>Y</IsActive>
        <Name>Transfer Payroll Attendance One Period</Name>
        <IsCustomization>N</IsCustomization>
        <ActionClassName/>
        <ActionName/>
        <KeyStroke_KeyCode/>
        <KeyStroke_Modifiers/>
        <AD_ToolBarButton_UU>23eaf434-58b0-4b9e-81e7-ad520846a6de</AD_ToolBarButton_UU>
        <Action>W</Action>
        <AD_Tab_ID reference="uuid" reference-key="AD_Tab">6a819a55-714b-4306-be96-81c696b0e659</AD_Tab_ID>
        <AD_Process_ID reference="uuid" reference-key="AD_Process">0b28337e-256a-43a9-b736-83425440db0f</AD_Process_ID>
        <DisplayLogic>@AMN_Process_Value@='NN'</DisplayLogic>
        <SeqNo>30</SeqNo>
        <IsAdvancedButton>N</IsAdvancedButton>
        <IsAddSeparator>N</IsAddSeparator>
    </AD_ToolBarButton>
    <AD_ToolBarButton type="table">
        <AD_Client_ID>0</AD_Client_ID>
        <AD_Org_ID>0</AD_Org_ID>
        <ComponentName>Payroll Refresh Recalculate</ComponentName>
        <IsActive>Y</IsActive>
        <Name>Payroll Refresh Recalculate</Name>
        <IsCustomization>N</IsCustomization>
        <ActionClassName/>
        <ActionName/>
        <KeyStroke_KeyCode/>
        <KeyStroke_Modifiers/>
        <AD_ToolBarButton_UU>7452f0b3-9a74-41c7-a1a5-c24d27f4537f</AD_ToolBarButton_UU>
        <Action>W</Action>
        <AD_Tab_ID reference="uuid" reference-key="AD_Tab">5e1593b4-4219-4ae0-a7c8-6260e8586d62</AD_Tab_ID>
        <AD_Process_ID reference="uuid" reference-key="AD_Process">c014aa8a-73a7-4ddf-abcf-71a82ee39f96</AD_Process_ID>
        <DisplayLogic/>
        <SeqNo>20</SeqNo>
        <IsAdvancedButton>N</IsAdvancedButton>
        <IsAddSeparator>N</IsAddSeparator>
    </AD_ToolBarButton>
    <AD_ToolBarButton type="table">
        <AD_Client_ID>0</AD_Client_ID>
        <AD_Org_ID>0</AD_Org_ID>
        <ComponentName>Process Payroll Attendance One Employee</ComponentName>
        <IsActive>Y</IsActive>
        <Name>Process Payroll Attendance One Employee</Name>
        <IsCustomization>N</IsCustomization>
        <ActionClassName/>
        <ActionName/>
        <KeyStroke_KeyCode/>
        <KeyStroke_Modifiers/>
        <AD_ToolBarButton_UU>9bfb13a9-371c-491f-896b-450360bfece3</AD_ToolBarButton_UU>
        <Action>W</Action>
        <AD_Tab_ID reference="uuid" reference-key="AD_Tab">5e1593b4-4219-4ae0-a7c8-6260e8586d62</AD_Tab_ID>
        <AD_Process_ID reference="uuid" reference-key="AD_Process">dfe711bc-79cc-45d8-bd6d-7cf470d71fdb</AD_Process_ID>
        <DisplayLogic>@AMN_Process_Value@='NN'</DisplayLogic>
        <SeqNo>30</SeqNo>
        <IsAdvancedButton>N</IsAdvancedButton>
        <IsAddSeparator>N</IsAddSeparator>
    </AD_ToolBarButton>
    <AD_ToolBarButton type="table">
        <AD_Client_ID>0</AD_Client_ID>
        <AD_Org_ID>0</AD_Org_ID>
        <ComponentName>Transfer Payroll Attendance One Employee</ComponentName>
        <IsActive>Y</IsActive>
        <Name>Transfer Payroll Attendance One Employee</Name>
        <IsCustomization>N</IsCustomization>
        <ActionClassName/>
        <ActionName/>
        <KeyStroke_KeyCode/>
        <KeyStroke_Modifiers/>
        <AD_ToolBarButton_UU>5fc4250e-da44-482a-a754-7d82ed9c30fa</AD_ToolBarButton_UU>
        <Action>W</Action>
        <AD_Tab_ID reference="uuid" reference-key="AD_Tab">5e1593b4-4219-4ae0-a7c8-6260e8586d62</AD_Tab_ID>
        <AD_Process_ID reference="uuid" reference-key="AD_Process">469816b9-ef65-42f3-b605-40a37df56aed</AD_Process_ID>
        <DisplayLogic>@AMN_Process_Value@='NN'</DisplayLogic>
        <SeqNo>40</SeqNo>
        <IsAdvancedButton>N</IsAdvancedButton>
        <IsAddSeparator>N</IsAddSeparator>
    </AD_ToolBarButton>
    <AD_ToolBarButton type="table">
        <AD_Client_ID>0</AD_Client_ID>
        <AD_Org_ID>0</AD_Org_ID>
        <ComponentName>AMNPayroll Refresh</ComponentName>
        <IsActive>Y</IsActive>
        <Name>AMNPayroll Refresh</Name>
        <IsCustomization>N</IsCustomization>
        <ActionClassName/>
        <ActionName/>
        <KeyStroke_KeyCode/>
        <KeyStroke_Modifiers/>
        <AD_ToolBarButton_UU>ff87b009-5851-45f5-ba49-e01f0cab3173</AD_ToolBarButton_UU>
        <Action>W</Action>
        <AD_Tab_ID reference="uuid" reference-key="AD_Tab">698c3106-193f-4631-9814-00ce5ef072e6</AD_Tab_ID>
        <AD_Process_ID reference="uuid" reference-key="AD_Process">c014aa8a-73a7-4ddf-abcf-71a82ee39f96</AD_Process_ID>
        <DisplayLogic/>
        <SeqNo>10</SeqNo>
        <IsAdvancedButton>N</IsAdvancedButton>
        <IsAddSeparator>N</IsAddSeparator>
    </AD_ToolBarButton>
    <AD_ToolBarButton type="table">
        <AD_Client_ID>0</AD_Client_ID>
        <AD_Org_ID>0</AD_Org_ID>
        <ComponentName>Payroll Loan Refresh Recalculate</ComponentName>
        <IsActive>Y</IsActive>
        <Name>Payroll Loan Refresh Recalculate</Name>
        <IsCustomization>N</IsCustomization>
        <ActionClassName/>
        <ActionName/>
        <KeyStroke_KeyCode/>
        <KeyStroke_Modifiers/>
        <AD_ToolBarButton_UU>5293c48d-a567-4dea-8620-bcfc66ada088</AD_ToolBarButton_UU>
        <Action>W</Action>
        <AD_Tab_ID reference="uuid" reference-key="AD_Tab">5b7deb45-089e-4a6b-99b1-2aa2d3f9156e</AD_Tab_ID>
        <AD_Process_ID reference="uuid" reference-key="AD_Process">c014aa8a-73a7-4ddf-abcf-71a82ee39f96</AD_Process_ID>
        <DisplayLogic>@DocStatus@='DR'</DisplayLogic>
        <SeqNo>10</SeqNo>
        <IsAdvancedButton>N</IsAdvancedButton>
        <IsAddSeparator>N</IsAddSeparator>
    </AD_ToolBarButton>
    <AD_ToolBarButton type="table">
        <AD_Client_ID>0</AD_Client_ID>
        <AD_Org_ID>0</AD_Org_ID>
        <ComponentName>Amper Payroll Create Social Benefit Docs</ComponentName>
        <IsActive>Y</IsActive>
        <Name>Amper Payroll Create Social Benefit Docs</Name>
        <IsCustomization>N</IsCustomization>
        <ActionClassName/>
        <ActionName/>
        <KeyStroke_KeyCode/>
        <KeyStroke_Modifiers/>
        <AD_ToolBarButton_UU>3ea8d133-258f-4e9b-9ea3-56196a4b7e92</AD_ToolBarButton_UU>
        <Action>W</Action>
        <AD_Tab_ID reference="uuid" reference-key="AD_Tab">b1d5b043-437f-4eec-a875-ea94a5d7c72e</AD_Tab_ID>
        <AD_Process_ID reference="uuid" reference-key="AD_Process">3caf5c41-6bb7-42ee-8580-e5e6ac42f898</AD_Process_ID>
        <DisplayLogic/>
        <SeqNo>10</SeqNo>
        <IsAdvancedButton>N</IsAdvancedButton>
        <IsAddSeparator>N</IsAddSeparator>
    </AD_ToolBarButton>
    <AD_ToolBarButton type="table">
        <AD_Client_ID>0</AD_Client_ID>
        <AD_Org_ID>0</AD_Org_ID>
        <ComponentName>Social Benefit Create One Document for this Employee</ComponentName>
        <IsActive>Y</IsActive>
        <Name>Social Benefit Create One Document for this Employee</Name>
        <IsCustomization>N</IsCustomization>
        <ActionClassName/>
        <ActionName/>
        <KeyStroke_KeyCode/>
        <KeyStroke_Modifiers/>
        <AD_ToolBarButton_UU>d88c8e6f-33e7-45ea-9520-dcc44bae11ae</AD_ToolBarButton_UU>
        <Action>W</Action>
        <AD_Tab_ID reference="uuid" reference-key="AD_Tab">7473f0dc-33e0-4c84-9135-1b82526291ff</AD_Tab_ID>
        <AD_Process_ID reference="uuid" reference-key="AD_Process">d04347c9-97cb-4353-9958-06ac68bef733</AD_Process_ID>
        <DisplayLogic/>
        <SeqNo>10</SeqNo>
        <IsAdvancedButton>N</IsAdvancedButton>
        <IsAddSeparator>N</IsAddSeparator>
    </AD_ToolBarButton>
    <AD_ToolBarButton type="table">
        <AD_Client_ID>0</AD_Client_ID>
        <AD_Org_ID>0</AD_Org_ID>
        <ComponentName> Social Benefit Refresh Recalculate</ComponentName>
        <IsActive>Y</IsActive>
        <Name> Social Benefit Refresh Recalculate</Name>
        <IsCustomization>N</IsCustomization>
        <ActionClassName/>
        <ActionName/>
        <KeyStroke_KeyCode/>
        <KeyStroke_Modifiers/>
        <AD_ToolBarButton_UU>c8d06364-7de5-4797-9449-b3d52ea656ed</AD_ToolBarButton_UU>
        <Action>W</Action>
        <AD_Tab_ID reference="uuid" reference-key="AD_Tab">7473f0dc-33e0-4c84-9135-1b82526291ff</AD_Tab_ID>
        <AD_Process_ID reference="uuid" reference-key="AD_Process">c014aa8a-73a7-4ddf-abcf-71a82ee39f96</AD_Process_ID>
        <DisplayLogic/>
        <SeqNo>20</SeqNo>
        <IsAdvancedButton>N</IsAdvancedButton>
        <IsAddSeparator>N</IsAddSeparator>
    </AD_ToolBarButton>
    <AD_ToolBarButton type="table">
        <AD_Client_ID>0</AD_Client_ID>
        <AD_Org_ID>0</AD_Org_ID>
        <ComponentName>AMNPayroll Refresh</ComponentName>
        <IsActive>Y</IsActive>
        <Name>AMNPayroll Refresh</Name>
        <IsCustomization>N</IsCustomization>
        <ActionClassName/>
        <ActionName/>
        <KeyStroke_KeyCode/>
        <KeyStroke_Modifiers/>
        <AD_ToolBarButton_UU>15e80d42-c4f0-43d8-83e4-e7ce0e50bcbf</AD_ToolBarButton_UU>
        <Action>W</Action>
        <AD_Tab_ID reference="uuid" reference-key="AD_Tab">906662d3-b44d-4576-994d-c4862f38f275</AD_Tab_ID>
        <AD_Process_ID reference="uuid" reference-key="AD_Process">c014aa8a-73a7-4ddf-abcf-71a82ee39f96</AD_Process_ID>
        <DisplayLogic/>
        <SeqNo>10</SeqNo>
        <IsAdvancedButton>N</IsAdvancedButton>
        <IsAddSeparator>N</IsAddSeparator>
    </AD_ToolBarButton>
    <AD_ToolBarButton type="table">
        <AD_Client_ID>0</AD_Client_ID>
        <AD_Org_ID>0</AD_Org_ID>
        <ComponentName>Period Create</ComponentName>
        <IsActive>Y</IsActive>
        <Name>Period Create</Name>
        <IsCustomization>N</IsCustomization>
        <ActionClassName/>
        <ActionName/>
        <KeyStroke_KeyCode/>
        <KeyStroke_Modifiers/>
        <AD_ToolBarButton_UU>747805d0-a97e-4ed6-a194-77774599b856</AD_ToolBarButton_UU>
        <Action>W</Action>
        <AD_Tab_ID reference="uuid" reference-key="AD_Tab">ef5ba16a-c324-48ab-b769-a21ec60d778b</AD_Tab_ID>
        <AD_Process_ID reference="uuid" reference-key="AD_Process">509b0aa7-2fb6-4770-8cdd-d7de55088e89</AD_Process_ID>
        <DisplayLogic/>
        <SeqNo>10</SeqNo>
        <IsAdvancedButton>N</IsAdvancedButton>
        <IsAddSeparator>N</IsAddSeparator>
    </AD_ToolBarButton>
    <AD_ToolBarButton type="table">
        <AD_Client_ID>0</AD_Client_ID>
        <AD_Org_ID>0</AD_Org_ID>
        <ComponentName>Payroll Complete and Accounting One Document</ComponentName>
        <IsActive>Y</IsActive>
        <Name>Payroll Complete and Accounting One Document</Name>
        <IsCustomization>N</IsCustomization>
        <ActionClassName/>
        <ActionName/>
        <KeyStroke_KeyCode/>
        <KeyStroke_Modifiers/>
        <AD_ToolBarButton_UU>76eccfa0-f837-45a8-8e16-54e1803fc9fe</AD_ToolBarButton_UU>
        <Action>W</Action>
        <AD_Tab_ID reference="uuid" reference-key="AD_Tab">5b7deb45-089e-4a6b-99b1-2aa2d3f9156e</AD_Tab_ID>
        <AD_Process_ID reference="uuid" reference-key="AD_Process">74312016-c027-4e08-8ee3-47d8e6148c11</AD_Process_ID>
        <DisplayLogic/>
        <SeqNo>30</SeqNo>
        <IsAdvancedButton>N</IsAdvancedButton>
        <IsAddSeparator>N</IsAddSeparator>
    </AD_ToolBarButton>
    <AD_ToolBarButton type="table">
        <AD_Client_ID>0</AD_Client_ID>
        <AD_Org_ID>0</AD_Org_ID>
        <ComponentName>Payroll Reactivate and UnAccounting One Document</ComponentName>
        <IsActive>Y</IsActive>
        <Name>Payroll Reactivate and UnAccounting One Document</Name>
        <IsCustomization>N</IsCustomization>
        <ActionClassName/>
        <ActionName/>
        <KeyStroke_KeyCode/>
        <KeyStroke_Modifiers/>
        <AD_ToolBarButton_UU>b864e72d-262c-4c79-8544-331397cbf0e1</AD_ToolBarButton_UU>
        <Action>W</Action>
        <AD_Tab_ID reference="uuid" reference-key="AD_Tab">5b7deb45-089e-4a6b-99b1-2aa2d3f9156e</AD_Tab_ID>
        <AD_Process_ID reference="uuid" reference-key="AD_Process">3e709036-bee4-49d8-b06d-218ffbee04ae</AD_Process_ID>
        <DisplayLogic/>
        <SeqNo>40</SeqNo>
        <IsAdvancedButton>N</IsAdvancedButton>
        <IsAddSeparator>N</IsAddSeparator>
    </AD_ToolBarButton>
    <AD_ToolBarButton type="table">
        <AD_Client_ID>0</AD_Client_ID>
        <AD_Org_ID>0</AD_Org_ID>
        <ComponentName>Payroll Receipt PO</ComponentName>
        <IsActive>Y</IsActive>
        <Name>Payroll Receipt PO</Name>
        <IsCustomization>N</IsCustomization>
        <ActionClassName/>
        <ActionName/>
        <KeyStroke_KeyCode/>
        <KeyStroke_Modifiers/>
        <AD_ToolBarButton_UU>a7ce125d-cdc3-4f3d-b642-93b665e00586</AD_ToolBarButton_UU>
        <Action>W</Action>
        <AD_Tab_ID reference="uuid" reference-key="AD_Tab">5b7deb45-089e-4a6b-99b1-2aa2d3f9156e</AD_Tab_ID>
        <AD_Process_ID reference="uuid" reference-key="AD_Process">7357e061-9394-47cb-8011-d57e18bd6df1</AD_Process_ID>
        <DisplayLogic/>
        <SeqNo>50</SeqNo>
        <IsAdvancedButton>N</IsAdvancedButton>
        <IsAddSeparator>N</IsAddSeparator>
    </AD_ToolBarButton>
    <AD_ToolBarButton type="table">
        <AD_Client_ID>0</AD_Client_ID>
        <AD_Org_ID>0</AD_Org_ID>
        <ComponentName>Amper Payroll Complete and Accounting Docs</ComponentName>
        <IsActive>Y</IsActive>
        <Name>Amper Payroll Complete and Accounting Docs</Name>
        <IsCustomization>N</IsCustomization>
        <ActionClassName/>
        <ActionName/>
        <KeyStroke_KeyCode/>
        <KeyStroke_Modifiers/>
        <AD_ToolBarButton_UU>9a80dc44-3fdf-455a-91ad-feaee68aa9a1</AD_ToolBarButton_UU>
        <Action>W</Action>
        <AD_Tab_ID reference="uuid" reference-key="AD_Tab">6a819a55-714b-4306-be96-81c696b0e659</AD_Tab_ID>
        <AD_Process_ID reference="uuid" reference-key="AD_Process">54af4b9e-16c6-4233-839f-9f2e878ef2b0</AD_Process_ID>
        <DisplayLogic/>
        <SeqNo>40</SeqNo>
        <IsAdvancedButton>N</IsAdvancedButton>
        <IsAddSeparator>N</IsAddSeparator>
    </AD_ToolBarButton>
    <AD_ToolBarButton type="table">
        <AD_Client_ID>0</AD_Client_ID>
        <AD_Org_ID>0</AD_Org_ID>
        <ComponentName>Amper Payroll Reactivate and UnAccounting Docs</ComponentName>
        <IsActive>Y</IsActive>
        <Name>Amper Payroll Reactivate and UnAccounting Docs</Name>
        <IsCustomization>N</IsCustomization>
        <ActionClassName/>
        <ActionName/>
        <KeyStroke_KeyCode/>
        <KeyStroke_Modifiers/>
        <AD_ToolBarButton_UU>a1f4bf76-c775-48bd-bdd5-1a2434b0e87d</AD_ToolBarButton_UU>
        <Action>W</Action>
        <AD_Tab_ID reference="uuid" reference-key="AD_Tab">6a819a55-714b-4306-be96-81c696b0e659</AD_Tab_ID>
        <AD_Process_ID reference="uuid" reference-key="AD_Process">cb8202fc-f3d5-4d9f-9b46-7ca45e7945bf</AD_Process_ID>
        <DisplayLogic/>
        <SeqNo>50</SeqNo>
        <IsAdvancedButton>N</IsAdvancedButton>
        <IsAddSeparator>N</IsAddSeparator>
    </AD_ToolBarButton>
    <AD_ToolBarButton type="table">
        <AD_Client_ID>0</AD_Client_ID>
        <AD_Org_ID>0</AD_Org_ID>
        <ComponentName>Payroll Receipt NU</ComponentName>
        <IsActive>Y</IsActive>
        <Name>Payroll Receipt NU</Name>
        <IsCustomization>N</IsCustomization>
        <ActionClassName/>
        <ActionName/>
        <KeyStroke_KeyCode/>
        <KeyStroke_Modifiers/>
        <AD_ToolBarButton_UU>7e0d7fba-404b-45e7-9434-86f34e3ee7b4</AD_ToolBarButton_UU>
        <Action>W</Action>
        <AD_Tab_ID reference="uuid" reference-key="AD_Tab">5e1593b4-4219-4ae0-a7c8-6260e8586d62</AD_Tab_ID>
        <AD_Process_ID reference="uuid" reference-key="AD_Process">e816c6e3-3510-448b-b25e-727ada1e6e16</AD_Process_ID>
        <DisplayLogic>@AMN_Process_Value@='NU'</DisplayLogic>
        <SeqNo>70</SeqNo>
        <IsAdvancedButton>N</IsAdvancedButton>
        <IsAddSeparator>N</IsAddSeparator>
    </AD_ToolBarButton>
    <AD_ToolBarButton type="table">
        <AD_Client_ID>0</AD_Client_ID>
        <AD_Org_ID>0</AD_Org_ID>
        <ComponentName>Payroll Receipt NV</ComponentName>
        <IsActive>Y</IsActive>
        <Name>Payroll Receipt NV</Name>
        <IsCustomization>N</IsCustomization>
        <ActionClassName/>
        <ActionName/>
        <KeyStroke_KeyCode/>
        <KeyStroke_Modifiers/>
        <AD_ToolBarButton_UU>87fcead9-7716-4f93-90dd-f2ee8fb2ab4d</AD_ToolBarButton_UU>
        <Action>W</Action>
        <AD_Tab_ID reference="uuid" reference-key="AD_Tab">5e1593b4-4219-4ae0-a7c8-6260e8586d62</AD_Tab_ID>
        <AD_Process_ID reference="uuid" reference-key="AD_Process">1515e473-26ee-4292-a242-eee9e302cfcc</AD_Process_ID>
        <DisplayLogic>@AMN_Process_Value@='NV'</DisplayLogic>
        <SeqNo>60</SeqNo>
        <IsAdvancedButton>N</IsAdvancedButton>
        <IsAddSeparator>N</IsAddSeparator>
    </AD_ToolBarButton>
    <AD_ToolBarButton type="table">
        <AD_Client_ID>0</AD_Client_ID>
        <AD_Org_ID>0</AD_Org_ID>
        <ComponentName>Payroll Receipt NN</ComponentName>
        <IsActive>Y</IsActive>
        <Name>Payroll Receipt NN</Name>
        <IsCustomization>N</IsCustomization>
        <ActionClassName/>
        <ActionName/>
        <KeyStroke_KeyCode/>
        <KeyStroke_Modifiers/>
        <AD_ToolBarButton_UU>912cfb9f-aca2-4b3e-ba00-16e7e1ff823c</AD_ToolBarButton_UU>
        <Action>W</Action>
        <AD_Tab_ID reference="uuid" reference-key="AD_Tab">5e1593b4-4219-4ae0-a7c8-6260e8586d62</AD_Tab_ID>
        <AD_Process_ID reference="uuid" reference-key="AD_Process">e1683489-f685-4323-b199-0ebe83c84656</AD_Process_ID>
        <DisplayLogic>@AMN_Process_Value@='NN'</DisplayLogic>
        <SeqNo>50</SeqNo>
        <IsAdvancedButton>N</IsAdvancedButton>
        <IsAddSeparator>N</IsAddSeparator>
    </AD_ToolBarButton>
    <AD_ToolBarButton type="table">
        <AD_Client_ID>0</AD_Client_ID>
        <AD_Org_ID>0</AD_Org_ID>
        <ComponentName>Payroll Complete and Accounting One Document</ComponentName>
        <IsActive>Y</IsActive>
        <Name>Payroll Complete and Accounting One Document</Name>
        <IsCustomization>N</IsCustomization>
        <ActionClassName/>
        <ActionName/>
        <KeyStroke_KeyCode/>
        <KeyStroke_Modifiers/>
        <AD_ToolBarButton_UU>e91f60f7-f032-45c0-8a91-3165c614fbd4</AD_ToolBarButton_UU>
        <Action>W</Action>
        <AD_Tab_ID reference="uuid" reference-key="AD_Tab">7473f0dc-33e0-4c84-9135-1b82526291ff</AD_Tab_ID>
        <AD_Process_ID reference="uuid" reference-key="AD_Process">74312016-c027-4e08-8ee3-47d8e6148c11</AD_Process_ID>
        <DisplayLogic/>
        <SeqNo>30</SeqNo>
        <IsAdvancedButton>N</IsAdvancedButton>
        <IsAddSeparator>N</IsAddSeparator>
    </AD_ToolBarButton>
    <AD_ToolBarButton type="table">
        <AD_Client_ID>0</AD_Client_ID>
        <AD_Org_ID>0</AD_Org_ID>
        <ComponentName>Amper Payroll Complete and Accounting Social Benefit Docs</ComponentName>
        <IsActive>Y</IsActive>
        <Name>Amper Payroll Complete and Accounting Social Benefit Docs</Name>
        <IsCustomization>N</IsCustomization>
        <ActionClassName/>
        <ActionName/>
        <KeyStroke_KeyCode/>
        <KeyStroke_Modifiers/>
        <AD_ToolBarButton_UU>2876c892-63c3-406c-b3ef-0a4a7d046eb6</AD_ToolBarButton_UU>
        <Action>W</Action>
        <AD_Tab_ID reference="uuid" reference-key="AD_Tab">b1d5b043-437f-4eec-a875-ea94a5d7c72e</AD_Tab_ID>
        <AD_Process_ID reference="uuid" reference-key="AD_Process">54af4b9e-16c6-4233-839f-9f2e878ef2b0</AD_Process_ID>
        <DisplayLogic/>
        <SeqNo>20</SeqNo>
        <IsAdvancedButton>N</IsAdvancedButton>
        <IsAddSeparator>N</IsAddSeparator>
    </AD_ToolBarButton>
    <AD_ToolBarButton type="table">
        <AD_Client_ID>0</AD_Client_ID>
        <AD_Org_ID>0</AD_Org_ID>
        <ComponentName>Payroll Receipt NP</ComponentName>
        <IsActive>Y</IsActive>
        <Name>Payroll Receipt NP</Name>
        <IsCustomization>N</IsCustomization>
        <ActionClassName/>
        <ActionName/>
        <KeyStroke_KeyCode/>
        <KeyStroke_Modifiers/>
        <AD_ToolBarButton_UU>7a333c60-1f5c-4cc2-8cea-c1e95f62e4b5</AD_ToolBarButton_UU>
        <Action>W</Action>
        <AD_Tab_ID reference="uuid" reference-key="AD_Tab">7473f0dc-33e0-4c84-9135-1b82526291ff</AD_Tab_ID>
        <AD_Process_ID reference="uuid" reference-key="AD_Process">9d9f0954-5324-4ea3-9d63-0d5830463704</AD_Process_ID>
        <DisplayLogic>@AMN_Process_Value@='NP'</DisplayLogic>
        <SeqNo>50</SeqNo>
        <IsAdvancedButton>N</IsAdvancedButton>
        <IsAddSeparator>N</IsAddSeparator>
    </AD_ToolBarButton>
    <AD_ToolBarButton type="table">
        <AD_Client_ID>0</AD_Client_ID>
        <AD_Org_ID>0</AD_Org_ID>
        <ComponentName>Payroll Deferred NN Payment Calculation</ComponentName>
        <IsActive>Y</IsActive>
        <Name>Payroll Deferred NN Payment Calculation</Name>
        <IsCustomization>N</IsCustomization>
        <ActionClassName/>
        <ActionName/>
        <KeyStroke_KeyCode/>
        <KeyStroke_Modifiers/>
        <AD_ToolBarButton_UU>8109b70e-1e47-4936-9b1a-cc9b539ea600</AD_ToolBarButton_UU>
        <Action>W</Action>
        <AD_Tab_ID reference="uuid" reference-key="AD_Tab">5b7deb45-089e-4a6b-99b1-2aa2d3f9156e</AD_Tab_ID>
        <AD_Process_ID reference="uuid" reference-key="AD_Process">13f91303-775c-433f-8567-62ec5126c128</AD_Process_ID>
        <DisplayLogic>@DocStatus@='DR'</DisplayLogic>
        <SeqNo>20</SeqNo>
        <IsAdvancedButton>N</IsAdvancedButton>
        <IsAddSeparator>N</IsAddSeparator>
    </AD_ToolBarButton>
    <AD_ToolBarButton type="table">
        <AD_Client_ID>0</AD_Client_ID>
        <AD_Org_ID>0</AD_Org_ID>
        <ComponentName>Amper Payroll Create Docs</ComponentName>
        <IsActive>Y</IsActive>
        <Name>Amper Payroll Create Docs</Name>
        <IsCustomization>N</IsCustomization>
        <ActionClassName/>
        <ActionName/>
        <KeyStroke_KeyCode/>
        <KeyStroke_Modifiers/>
        <AD_ToolBarButton_UU>109d88a0-a6e8-4ef2-a7a9-8e2a526a8e7a</AD_ToolBarButton_UU>
        <Action>W</Action>
        <AD_Tab_ID reference="uuid" reference-key="AD_Tab">6a819a55-714b-4306-be96-81c696b0e659</AD_Tab_ID>
        <AD_Process_ID reference="uuid" reference-key="AD_Process">3caf5c41-6bb7-42ee-8580-e5e6ac42f898</AD_Process_ID>
        <DisplayLogic>@AMN_Process_Value@='NN' | @AMN_Process_Value@='NU'  | @AMN_Process_Value@='TI'</DisplayLogic>
        <SeqNo>10</SeqNo>
        <IsAdvancedButton>N</IsAdvancedButton>
        <IsAddSeparator>N</IsAddSeparator>
    </AD_ToolBarButton>
    <AD_ToolBarButton type="table">
        <AD_Client_ID>0</AD_Client_ID>
        <AD_Org_ID>0</AD_Org_ID>
        <ComponentName>Payroll Reactivate and UnAccounting One Document</ComponentName>
        <IsActive>Y</IsActive>
        <Name>Payroll Reactivate and UnAccounting One Document</Name>
        <IsCustomization>N</IsCustomization>
        <ActionClassName/>
        <ActionName/>
        <KeyStroke_KeyCode/>
        <KeyStroke_Modifiers/>
        <AD_ToolBarButton_UU>20b0c653-e110-49a3-96bd-5d1d0fea4806</AD_ToolBarButton_UU>
        <Action>W</Action>
        <AD_Tab_ID reference="uuid" reference-key="AD_Tab">5e1593b4-4219-4ae0-a7c8-6260e8586d62</AD_Tab_ID>
        <AD_Process_ID reference="uuid" reference-key="AD_Process">3e709036-bee4-49d8-b06d-218ffbee04ae</AD_Process_ID>
        <DisplayLogic/>
        <SeqNo>90</SeqNo>
        <IsAdvancedButton>N</IsAdvancedButton>
        <IsAddSeparator>N</IsAddSeparator>
    </AD_ToolBarButton>
    <AD_ToolBarButton type="table">
        <AD_Client_ID>0</AD_Client_ID>
        <AD_Org_ID>0</AD_Org_ID>
        <ComponentName>Payroll Complete and Accounting One Document</ComponentName>
        <IsActive>Y</IsActive>
        <Name>Payroll Complete and Accounting One Document</Name>
        <IsCustomization>N</IsCustomization>
        <ActionClassName/>
        <ActionName/>
        <KeyStroke_KeyCode/>
        <KeyStroke_Modifiers/>
        <AD_ToolBarButton_UU>11048de6-b641-4ca8-b51d-0616b6b437d0</AD_ToolBarButton_UU>
        <Action>W</Action>
        <AD_Tab_ID reference="uuid" reference-key="AD_Tab">5e1593b4-4219-4ae0-a7c8-6260e8586d62</AD_Tab_ID>
        <AD_Process_ID reference="uuid" reference-key="AD_Process">74312016-c027-4e08-8ee3-47d8e6148c11</AD_Process_ID>
        <DisplayLogic/>
        <SeqNo>80</SeqNo>
        <IsAdvancedButton>N</IsAdvancedButton>
        <IsAddSeparator>N</IsAddSeparator>
    </AD_ToolBarButton>
    <AD_ToolBarButton type="table">
        <AD_Client_ID>0</AD_Client_ID>
        <AD_Org_ID>0</AD_Org_ID>
        <ComponentName>Payroll Reactivate and Accounting One Document</ComponentName>
        <IsActive>Y</IsActive>
        <Name>Payroll Reactivate and Accounting One Document</Name>
        <IsCustomization>N</IsCustomization>
        <ActionClassName/>
        <ActionName/>
        <KeyStroke_KeyCode/>
        <KeyStroke_Modifiers/>
        <AD_ToolBarButton_UU>0bc4afa0-769d-45c7-937e-d8306d5a5edf</AD_ToolBarButton_UU>
        <Action>W</Action>
        <AD_Tab_ID reference="uuid" reference-key="AD_Tab">7473f0dc-33e0-4c84-9135-1b82526291ff</AD_Tab_ID>
        <AD_Process_ID reference="uuid" reference-key="AD_Process">3e709036-bee4-49d8-b06d-218ffbee04ae</AD_Process_ID>
        <DisplayLogic/>
        <SeqNo>40</SeqNo>
        <IsAdvancedButton>N</IsAdvancedButton>
        <IsAddSeparator>N</IsAddSeparator>
    </AD_ToolBarButton>
    <AD_ToolBarButton type="table">
        <AD_Client_ID>0</AD_Client_ID>
        <AD_Org_ID>0</AD_Org_ID>
        <ComponentName>Amper Payroll Complete and Accounting Social Benefit Docs</ComponentName>
        <IsActive>Y</IsActive>
        <Name>Amper Payroll Complete and Accounting Social Benefit Docs</Name>
        <IsCustomization>N</IsCustomization>
        <ActionClassName/>
        <ActionName/>
        <KeyStroke_KeyCode/>
        <KeyStroke_Modifiers/>
        <AD_ToolBarButton_UU>8ff0dbb1-f6dd-46eb-b703-ded2b5dc3f19</AD_ToolBarButton_UU>
        <Action>W</Action>
        <AD_Tab_ID reference="uuid" reference-key="AD_Tab">b1d5b043-437f-4eec-a875-ea94a5d7c72e</AD_Tab_ID>
        <AD_Process_ID reference="uuid" reference-key="AD_Process">cb8202fc-f3d5-4d9f-9b46-7ca45e7945bf</AD_Process_ID>
        <DisplayLogic/>
        <SeqNo>30</SeqNo>
        <IsAdvancedButton>N</IsAdvancedButton>
        <IsAddSeparator>N</IsAddSeparator>
    </AD_ToolBarButton>
    <AD_ToolBarButton type="table">
        <AD_Client_ID>0</AD_Client_ID>
        <AD_Org_ID>0</AD_Org_ID>
        <ComponentName>Payroll Receipt PI</ComponentName>
        <IsActive>Y</IsActive>
        <Name>Payroll Receipt PI</Name>
        <IsCustomization>N</IsCustomization>
        <ActionClassName/>
        <ActionName/>
        <KeyStroke_KeyCode/>
        <KeyStroke_Modifiers/>
        <AD_ToolBarButton_UU>980ec67d-a48c-4c20-bbf8-977c482d0048</AD_ToolBarButton_UU>
        <Action>W</Action>
        <AD_Tab_ID reference="uuid" reference-key="AD_Tab">7473f0dc-33e0-4c84-9135-1b82526291ff</AD_Tab_ID>
        <AD_Process_ID reference="uuid" reference-key="AD_Process">01c6fc8a-a3d9-41a1-8cf5-ac8d0400d4ad</AD_Process_ID>
        <DisplayLogic>@AMN_Process_Value@='PI'</DisplayLogic>
        <SeqNo>60</SeqNo>
        <IsAdvancedButton>N</IsAdvancedButton>
        <IsAddSeparator>N</IsAddSeparator>
    </AD_ToolBarButton>
    <AD_ToolBarButton type="table">
        <AD_Client_ID>0</AD_Client_ID>
        <AD_Org_ID>0</AD_Org_ID>
        <ComponentName>Payroll Receipt PR</ComponentName>
        <IsActive>Y</IsActive>
        <Name>Payroll Receipt PR</Name>
        <IsCustomization>N</IsCustomization>
        <ActionClassName/>
        <ActionName/>
        <KeyStroke_KeyCode/>
        <KeyStroke_Modifiers/>
        <AD_ToolBarButton_UU>71a565d6-1891-4b92-9f48-68b9de145ebb</AD_ToolBarButton_UU>
        <Action>W</Action>
        <AD_Tab_ID reference="uuid" reference-key="AD_Tab">7473f0dc-33e0-4c84-9135-1b82526291ff</AD_Tab_ID>
        <AD_Process_ID reference="uuid" reference-key="AD_Process">11ca3ffd-2a05-42f6-9457-2b5b75c87031</AD_Process_ID>
        <DisplayLogic>@AMN_Process_Value@='PR'</DisplayLogic>
        <SeqNo>70</SeqNo>
        <IsAdvancedButton>N</IsAdvancedButton>
        <IsAddSeparator>N</IsAddSeparator>
    </AD_ToolBarButton>
    <AD_ToolBarButton type="table">
        <AD_Client_ID>0</AD_Client_ID>
        <AD_Org_ID>0</AD_Org_ID>
        <ComponentName>Payroll Receipt PL</ComponentName>
        <IsActive>Y</IsActive>
        <Name>Payroll Receipt PL</Name>
        <IsCustomization>N</IsCustomization>
        <ActionClassName/>
        <ActionName/>
        <KeyStroke_KeyCode/>
        <KeyStroke_Modifiers/>
        <AD_ToolBarButton_UU>547971e0-1149-44fe-b406-45260f54340e</AD_ToolBarButton_UU>
        <Action>W</Action>
        <AD_Tab_ID reference="uuid" reference-key="AD_Tab">7473f0dc-33e0-4c84-9135-1b82526291ff</AD_Tab_ID>
        <AD_Process_ID reference="uuid" reference-key="AD_Process">4fef79cb-38b6-4068-b35f-78f43c1ff551</AD_Process_ID>
        <DisplayLogic>@AMN_Process_Value@='PL'</DisplayLogic>
        <SeqNo>80</SeqNo>
        <IsAdvancedButton>N</IsAdvancedButton>
        <IsAddSeparator>N</IsAddSeparator>
    </AD_ToolBarButton>
    <AD_ToolBarButton type="table">
        <AD_Client_ID>0</AD_Client_ID>
        <AD_Org_ID>0</AD_Org_ID>
        <ComponentName>Payroll Deferred NV Payment Calculation</ComponentName>
        <IsActive>Y</IsActive>
        <Name>Payroll Deferred NV Payment Calculation</Name>
        <IsCustomization>N</IsCustomization>
        <ActionClassName/>
        <ActionName/>
        <KeyStroke_KeyCode/>
        <KeyStroke_Modifiers/>
        <AD_ToolBarButton_UU>cd11868f-cce2-4274-aa06-5d145c93fa8b</AD_ToolBarButton_UU>
        <Action>W</Action>
        <AD_Tab_ID reference="uuid" reference-key="AD_Tab">5b7deb45-089e-4a6b-99b1-2aa2d3f9156e</AD_Tab_ID>
        <AD_Process_ID reference="uuid" reference-key="AD_Process">1d5b498d-dcbe-4cc5-91e6-68327185a3d1</AD_Process_ID>
        <DisplayLogic>@DocStatus@='DR'</DisplayLogic>
        <SeqNo>24</SeqNo>
        <IsAdvancedButton>N</IsAdvancedButton>
        <IsAddSeparator>N</IsAddSeparator>
    </AD_ToolBarButton>
    <AD_ToolBarButton type="table">
        <AD_Client_ID>0</AD_Client_ID>
        <AD_Org_ID>0</AD_Org_ID>
        <ComponentName>Payroll Deferred NU Payment Calculation</ComponentName>
        <IsActive>Y</IsActive>
        <Name>Payroll Deferred NU Payment Calculation</Name>
        <IsCustomization>N</IsCustomization>
        <ActionClassName/>
        <ActionName/>
        <KeyStroke_KeyCode/>
        <KeyStroke_Modifiers/>
        <AD_ToolBarButton_UU>9d977e10-12c2-474f-8a0f-b6889d95ab6d</AD_ToolBarButton_UU>
        <Action>W</Action>
        <AD_Tab_ID reference="uuid" reference-key="AD_Tab">5b7deb45-089e-4a6b-99b1-2aa2d3f9156e</AD_Tab_ID>
        <AD_Process_ID reference="uuid" reference-key="AD_Process">7c6a42a2-152a-49b3-8eab-b5c4b0606baf</AD_Process_ID>
        <DisplayLogic>@DocStatus@='DR'</DisplayLogic>
        <SeqNo>22</SeqNo>
        <IsAdvancedButton>N</IsAdvancedButton>
        <IsAddSeparator>N</IsAddSeparator>
    </AD_ToolBarButton>
    <AD_ToolBarButton type="table">
        <AD_Client_ID>0</AD_Client_ID>
        <AD_Org_ID>0</AD_Org_ID>
        <ComponentName>Payroll Create One Document for this Employee</ComponentName>
        <IsActive>Y</IsActive>
        <Name>Payroll Create One Document for this Employee</Name>
        <IsCustomization>N</IsCustomization>
        <ActionClassName/>
        <ActionName/>
        <KeyStroke_KeyCode/>
        <KeyStroke_Modifiers/>
        <AD_ToolBarButton_UU>c954e59e-7efe-4971-bbed-577859cf384f</AD_ToolBarButton_UU>
        <Action>W</Action>
        <AD_Tab_ID reference="uuid" reference-key="AD_Tab">5e1593b4-4219-4ae0-a7c8-6260e8586d62</AD_Tab_ID>
        <AD_Process_ID reference="uuid" reference-key="AD_Process">d04347c9-97cb-4353-9958-06ac68bef733</AD_Process_ID>
        <DisplayLogic>@AMN_Process_Value@='NN' | @AMN_Process_Value@='NU' | @AMN_Process_Value@='NV' | @AMN_Process_Value@='TI'</DisplayLogic>
        <SeqNo>10</SeqNo>
        <IsAdvancedButton>N</IsAdvancedButton>
        <IsAddSeparator>N</IsAddSeparator>
    </AD_ToolBarButton>
    <AD_ToolBarButton type="table">
        <AD_Client_ID>0</AD_Client_ID>
        <AD_Org_ID>0</AD_Org_ID>
        <ComponentName>Payroll Receipt TI</ComponentName>
        <IsActive>Y</IsActive>
        <Name>Payroll Receipt TI</Name>
        <IsCustomization>N</IsCustomization>
        <ActionClassName/>
        <ActionName/>
        <KeyStroke_KeyCode/>
        <KeyStroke_Modifiers/>
        <AD_ToolBarButton_UU>63ce26b7-b0db-4c3e-bed8-ae4c79a69e19</AD_ToolBarButton_UU>
        <Action>W</Action>
        <AD_Tab_ID reference="uuid" reference-key="AD_Tab">5e1593b4-4219-4ae0-a7c8-6260e8586d62</AD_Tab_ID>
        <AD_Process_ID reference="uuid" reference-key="AD_Process">41dce3a6-e0ee-42ce-8905-c3bcc55ef765</AD_Process_ID>
        <DisplayLogic>@AMN_Process_Value@='TI'</DisplayLogic>
        <SeqNo>75</SeqNo>
        <IsAdvancedButton>N</IsAdvancedButton>
        <IsAddSeparator>N</IsAddSeparator>
    </AD_ToolBarButton>
    <AD_ToolBarButton type="table">
        <AD_Client_ID>0</AD_Client_ID>
        <AD_Org_ID>0</AD_Org_ID>
        <ComponentName>Amper Payroll Complete and Accounting Docs</ComponentName>
        <IsActive>Y</IsActive>
        <Name>Amper Payroll Complete and Accounting Docs</Name>
        <IsCustomization>N</IsCustomization>
        <ActionClassName/>
        <ActionName/>
        <KeyStroke_KeyCode/>
        <KeyStroke_Modifiers/>
        <AD_ToolBarButton_UU>e4c19512-ad91-4568-a348-7768b4e8cf5b</AD_ToolBarButton_UU>
        <Action>W</Action>
        <AD_Tab_ID reference="uuid" reference-key="AD_Tab">add97417-b40a-4f67-a3c3-60bbbac2e1b6</AD_Tab_ID>
        <AD_Process_ID reference="uuid" reference-key="AD_Process">54af4b9e-16c6-4233-839f-9f2e878ef2b0</AD_Process_ID>
        <DisplayLogic/>
        <SeqNo>10</SeqNo>
        <IsAdvancedButton>N</IsAdvancedButton>
        <IsAddSeparator>N</IsAddSeparator>
    </AD_ToolBarButton>
    <AD_ToolBarButton type="table">
        <AD_Client_ID>0</AD_Client_ID>
        <AD_Org_ID>0</AD_Org_ID>
        <ComponentName>Amper Payroll Reactivate and UnAccounting Docs</ComponentName>
        <IsActive>Y</IsActive>
        <Name>Amper Payroll Reactivate and UnAccounting Docs</Name>
        <IsCustomization>N</IsCustomization>
        <ActionClassName/>
        <ActionName/>
        <KeyStroke_KeyCode/>
        <KeyStroke_Modifiers/>
        <AD_ToolBarButton_UU>ec6523eb-8c31-439b-91b9-ff18e8fa2315</AD_ToolBarButton_UU>
        <Action>W</Action>
        <AD_Tab_ID reference="uuid" reference-key="AD_Tab">add97417-b40a-4f67-a3c3-60bbbac2e1b6</AD_Tab_ID>
        <AD_Process_ID reference="uuid" reference-key="AD_Process">cb8202fc-f3d5-4d9f-9b46-7ca45e7945bf</AD_Process_ID>
        <DisplayLogic/>
        <SeqNo>20</SeqNo>
        <IsAdvancedButton>N</IsAdvancedButton>
        <IsAddSeparator>N</IsAddSeparator>
    </AD_ToolBarButton>
</idempiere>
