<?xml version="1.0" encoding="UTF-8"?><idempiere Name="Amerp ToolBarButton Window" Version="1.0" idempiereVersion="" DataBaseVersion="" Description="" Author="" AuthorEmail="" CreatedDate="2017-03-18 07:03:51.197" UpdatedDate="2017-03-18 07:03:51.197" PackOutVersion="100" UpdateDictionary="false" Client="0-SYSTEM-System" AD_Client_UU="11237b53-9592-4af1-b3c5-afd216514b5d">
    <AD_Window type="table">
        <AD_Client_ID>0</AD_Client_ID>
        <AD_Org_ID>0</AD_Org_ID>
        <Name>Toolbar Button Apps</Name>
        <Description/>
        <Help/>
        <IsActive>Y</IsActive>
        <WindowType>M</WindowType>
        <Processing>N</Processing>
        <AD_Color_ID reference="id"/>
        <AD_Image_ID reference="id"/>
        <EntityType>AMERP</EntityType>
        <IsSOTrx>Y</IsSOTrx>
        <IsDefault>N</IsDefault>
        <WinHeight>0</WinHeight>
        <WinWidth>0</WinWidth>
        <IsBetaFunctionality>N</IsBetaFunctionality>
        <AD_Window_UU>94cc2ec0-560e-41c7-99be-3959de27b3bd</AD_Window_UU>
        <TitleLogic/>
        <AD_Window_Trl type="translation">
            <Help/>
            <Name>Botón Barra Herramientas</Name>
            <Description/>
            <AD_Language>es_VE</AD_Language>
            <IsActive>Y</IsActive>
            <IsTranslated>Y</IsTranslated>
        </AD_Window_Trl>
        <AD_Window_Trl type="translation">
            <Help/>
            <Name>Botón Barra Herramientas</Name>
            <Description/>
            <AD_Language>es_CO</AD_Language>
            <IsActive>Y</IsActive>
            <IsTranslated>Y</IsTranslated>
        </AD_Window_Trl>
        <AD_TableIndex type="table">
            <AD_TableIndex_ID>200225</AD_TableIndex_ID>
            <AD_Client_ID>0</AD_Client_ID>
            <AD_Org_ID>0</AD_Org_ID>
            <AD_TableIndex_ID>200225</AD_TableIndex_ID>
            <AD_TableIndex_UU>8ea27958-d8d5-4a3c-953d-00bae945d9cc</AD_TableIndex_UU>
            <Description/>
            <EntityType>D</EntityType>
            <IsActive>Y</IsActive>
            <Name>ad_toolbarbutton_uu_idx</Name>
            <AD_Table_ID reference="id">200003</AD_Table_ID>
            <Help/>
            <IsCreateConstraint>N</IsCreateConstraint>
            <IsUnique>Y</IsUnique>
            <Processing>N</Processing>
            <AD_Message_ID reference="id"/>
            <TableIndexDrop/>
            <IsKey>N</IsKey>
            <AD_IndexColumn type="table">
                <AD_IndexColumn_ID>200255</AD_IndexColumn_ID>
                <AD_Client_ID>0</AD_Client_ID>
                <AD_Org_ID>0</AD_Org_ID>
                <AD_IndexColumn_ID>200255</AD_IndexColumn_ID>
                <AD_IndexColumn_UU>b14b1ead-0311-4d31-92c5-8e1853629e35</AD_IndexColumn_UU>
                <EntityType>D</EntityType>
                <IsActive>Y</IsActive>
                <AD_Column_ID reference="id">200204</AD_Column_ID>
                <AD_TableIndex_ID reference="id">200225</AD_TableIndex_ID>
                <ColumnSQL/>
                <SeqNo>1</SeqNo>
            </AD_IndexColumn>
        </AD_TableIndex>
        <AD_Tab type="table">
            <AD_Client_ID>0</AD_Client_ID>
            <AD_Org_ID>0</AD_Org_ID>
            <Name>ToolBar Button Apps</Name>
            <Description/>
            <Help>AD_ToolBarButton.AD_Tab_ID IS NOT NULL</Help>
            <AD_Window_ID reference="uuid" reference-key="AD_Window">94cc2ec0-560e-41c7-99be-3959de27b3bd</AD_Window_ID>
            <SeqNo>10</SeqNo>
            <IsSingleRow>Y</IsSingleRow>
            <AD_Table_ID reference="id">200003</AD_Table_ID>
            <IsActive>Y</IsActive>
            <HasTree>N</HasTree>
            <IsInfoTab>N</IsInfoTab>
            <IsTranslationTab>N</IsTranslationTab>
            <IsReadOnly>N</IsReadOnly>
            <AD_Column_ID reference="id"/>
            <WhereClause/>
            <OrderByClause/>
            <CommitWarning/>
            <AD_Process_ID reference="id"/>
            <Processing>N</Processing>
            <AD_Image_ID reference="id"/>
            <ImportFields>N</ImportFields>
            <TabLevel>0</TabLevel>
            <IsSortTab>N</IsSortTab>
            <AD_ColumnSortYesNo_ID reference="id"/>
            <AD_ColumnSortOrder_ID reference="id"/>
            <EntityType>AMERP</EntityType>
            <Included_Tab_ID reference="id"/>
            <ReadOnlyLogic/>
            <DisplayLogic/>
            <IsInsertRecord>Y</IsInsertRecord>
            <IsAdvancedTab>N</IsAdvancedTab>
            <Parent_Column_ID reference="id"/>
            <AD_Tab_UU>2ac0041b-343a-43ce-963f-32e65fcde2bf</AD_Tab_UU>
            <AD_CtxHelp_ID reference="id"/>
            <TreeDisplayedOn>B</TreeDisplayedOn>
            <BAY_MobileFormat/>
            <AD_Tab_Trl type="translation">
                <Help/>
                <CommitWarning/>
                <Name>Botón Barra Herramientas</Name>
                <Description/>
                <AD_Language>es_VE</AD_Language>
                <IsActive>Y</IsActive>
                <IsTranslated>Y</IsTranslated>
            </AD_Tab_Trl>
            <AD_Tab_Trl type="translation">
                <Help/>
                <CommitWarning/>
                <Name>Botón Barra Herramientas</Name>
                <Description/>
                <AD_Language>es_CO</AD_Language>
                <IsActive>Y</IsActive>
                <IsTranslated>Y</IsTranslated>
            </AD_Tab_Trl>
            <AD_Field type="table">
                <AD_Client_ID>0</AD_Client_ID>
                <AD_Org_ID>0</AD_Org_ID>
                <Name>ToolBar Button</Name>
                <Description/>
                <Help/>
                <AD_Tab_ID reference="uuid" reference-key="AD_Tab">2ac0041b-343a-43ce-963f-32e65fcde2bf</AD_Tab_ID>
                <AD_Column_ID reference="id">200090</AD_Column_ID>
                <IsDisplayed>N</IsDisplayed>
                <DisplayLogic/>
                <DisplayLength>22</DisplayLength>
                <SeqNo>0</SeqNo>
                <SortNo/>
                <IsSameLine>N</IsSameLine>
                <IsHeading>N</IsHeading>
                <IsFieldOnly>N</IsFieldOnly>
                <IsEncrypted>N</IsEncrypted>
                <IsActive>Y</IsActive>
                <IsReadOnly>N</IsReadOnly>
                <IsCentrallyMaintained>Y</IsCentrallyMaintained>
                <AD_FieldGroup_ID reference="id"/>
                <EntityType>AMERP</EntityType>
                <ObscureType/>
                <AD_Reference_ID reference="id"/>
                <IsMandatory/>
                <DefaultValue/>
                <AD_Reference_Value_ID reference="id"/>
                <AD_Val_Rule_ID reference="id"/>
                <Included_Tab_ID reference="id"/>
                <AD_Field_UU>6307da76-b4dd-433a-8e29-6811a2b4da37</AD_Field_UU>
                <IsAllowCopy/>
                <IsDisplayedGrid>N</IsDisplayedGrid>
                <SeqNoGrid/>
                <XPosition>1</XPosition>
                <ColumnSpan>2</ColumnSpan>
                <NumLines>1</NumLines>
                <IsQuickEntry>N</IsQuickEntry>
                <IsUpdateable/>
                <IsAlwaysUpdateable/>
                <MandatoryLogic/>
                <ReadOnlyLogic/>
                <IsToolbarButton/>
                <IsDefaultFocus>N</IsDefaultFocus>
                <IsAdvancedField>N</IsAdvancedField>
                <AD_Field_Trl type="translation">
                    <Help/>
                    <Description/>
                    <Name>Botón Barra Herramientas</Name>
                    <AD_Language>es_CO</AD_Language>
                    <IsActive>Y</IsActive>
                    <IsTranslated>Y</IsTranslated>
                </AD_Field_Trl>
                <AD_Field_Trl type="translation">
                    <Help/>
                    <Description/>
                    <Name>Botón Barra Herramientas</Name>
                    <AD_Language>es_VE</AD_Language>
                    <IsActive>Y</IsActive>
                    <IsTranslated>Y</IsTranslated>
                </AD_Field_Trl>
            </AD_Field>
            <AD_Field type="table">
                <AD_Client_ID>0</AD_Client_ID>
                <AD_Org_ID>0</AD_Org_ID>
                <Name>Classname</Name>
                <Description>Java Classname</Description>
                <Help>The Classname identifies the Java classname used by this report or process.</Help>
                <AD_Tab_ID reference="uuid" reference-key="AD_Tab">2ac0041b-343a-43ce-963f-32e65fcde2bf</AD_Tab_ID>
                <AD_Column_ID reference="id">200087</AD_Column_ID>
                <IsDisplayed>N</IsDisplayed>
                <DisplayLogic/>
                <DisplayLength>255</DisplayLength>
                <SeqNo>0</SeqNo>
                <SortNo/>
                <IsSameLine>N</IsSameLine>
                <IsHeading>N</IsHeading>
                <IsFieldOnly>N</IsFieldOnly>
                <IsEncrypted>N</IsEncrypted>
                <IsActive>Y</IsActive>
                <IsReadOnly>N</IsReadOnly>
                <IsCentrallyMaintained>Y</IsCentrallyMaintained>
                <AD_FieldGroup_ID reference="id"/>
                <EntityType>AMERP</EntityType>
                <ObscureType/>
                <AD_Reference_ID reference="id"/>
                <IsMandatory/>
                <DefaultValue/>
                <AD_Reference_Value_ID reference="id"/>
                <AD_Val_Rule_ID reference="id"/>
                <Included_Tab_ID reference="id"/>
                <AD_Field_UU>ac13a65f-c2bd-4e1a-9a56-292d5ccdc473</AD_Field_UU>
                <IsAllowCopy/>
                <IsDisplayedGrid>N</IsDisplayedGrid>
                <SeqNoGrid>0</SeqNoGrid>
                <XPosition>1</XPosition>
                <ColumnSpan>5</ColumnSpan>
                <NumLines>1</NumLines>
                <IsQuickEntry>N</IsQuickEntry>
                <IsUpdateable/>
                <IsAlwaysUpdateable/>
                <MandatoryLogic/>
                <ReadOnlyLogic/>
                <IsToolbarButton/>
                <IsDefaultFocus>N</IsDefaultFocus>
                <IsAdvancedField>N</IsAdvancedField>
                <AD_Field_Trl type="translation">
                    <Help>El nombre de clase identifica el nombre de la clase Java usada por este Informe o proceso.</Help>
                    <Description>Nombre de la clase Java</Description>
                    <Name>Nombre de Clase</Name>
                    <AD_Language>es_CO</AD_Language>
                    <IsActive>Y</IsActive>
                    <IsTranslated>Y</IsTranslated>
                </AD_Field_Trl>
                <AD_Field_Trl type="translation">
                    <Help>El nombre de clase identifica el nombre de la clase Java usada por este Informe o proceso.</Help>
                    <Description>Nombre de la clase Java</Description>
                    <Name>Nombre de Clase</Name>
                    <AD_Language>es_VE</AD_Language>
                    <IsActive>Y</IsActive>
                    <IsTranslated>Y</IsTranslated>
                </AD_Field_Trl>
            </AD_Field>
            <AD_Field type="table">
                <AD_Client_ID>0</AD_Client_ID>
                <AD_Org_ID>0</AD_Org_ID>
                <Name>KeyCode</Name>
                <Description>KeyCode for shortcuts</Description>
                <Help/>
                <AD_Tab_ID reference="uuid" reference-key="AD_Tab">2ac0041b-343a-43ce-963f-32e65fcde2bf</AD_Tab_ID>
                <AD_Column_ID reference="id">200097</AD_Column_ID>
                <IsDisplayed>N</IsDisplayed>
                <DisplayLogic>@IsCustomization@=Y</DisplayLogic>
                <DisplayLength>10</DisplayLength>
                <SeqNo>0</SeqNo>
                <SortNo/>
                <IsSameLine>N</IsSameLine>
                <IsHeading>N</IsHeading>
                <IsFieldOnly>N</IsFieldOnly>
                <IsEncrypted>N</IsEncrypted>
                <IsActive>Y</IsActive>
                <IsReadOnly>N</IsReadOnly>
                <IsCentrallyMaintained>Y</IsCentrallyMaintained>
                <AD_FieldGroup_ID reference="id"/>
                <EntityType>AMERP</EntityType>
                <ObscureType/>
                <AD_Reference_ID reference="id"/>
                <IsMandatory/>
                <DefaultValue/>
                <AD_Reference_Value_ID reference="id"/>
                <AD_Val_Rule_ID reference="id"/>
                <Included_Tab_ID reference="id"/>
                <AD_Field_UU>5015cd8a-6f3e-4936-b041-9d0fe15eb65e</AD_Field_UU>
                <IsAllowCopy/>
                <IsDisplayedGrid>N</IsDisplayedGrid>
                <SeqNoGrid>0</SeqNoGrid>
                <XPosition>1</XPosition>
                <ColumnSpan>2</ColumnSpan>
                <NumLines>1</NumLines>
                <IsQuickEntry>N</IsQuickEntry>
                <IsUpdateable/>
                <IsAlwaysUpdateable/>
                <MandatoryLogic/>
                <ReadOnlyLogic/>
                <IsToolbarButton/>
                <IsDefaultFocus>N</IsDefaultFocus>
                <IsAdvancedField>N</IsAdvancedField>
                <AD_Field_Trl type="translation">
                    <Help/>
                    <Description>Código Tecla para atajos</Description>
                    <Name>Código Tecla</Name>
                    <AD_Language>es_CO</AD_Language>
                    <IsActive>Y</IsActive>
                    <IsTranslated>Y</IsTranslated>
                </AD_Field_Trl>
                <AD_Field_Trl type="translation">
                    <Help/>
                    <Description>Código Tecla para atajos</Description>
                    <Name>Código Tecla</Name>
                    <AD_Language>es_VE</AD_Language>
                    <IsActive>Y</IsActive>
                    <IsTranslated>Y</IsTranslated>
                </AD_Field_Trl>
            </AD_Field>
            <AD_Field type="table">
                <AD_Client_ID>0</AD_Client_ID>
                <AD_Org_ID>0</AD_Org_ID>
                <Name>Keystroke Modifiers</Name>
                <Description>Keystroke Modifiers for shortcuts</Description>
                <Help/>
                <AD_Tab_ID reference="uuid" reference-key="AD_Tab">2ac0041b-343a-43ce-963f-32e65fcde2bf</AD_Tab_ID>
                <AD_Column_ID reference="id">200098</AD_Column_ID>
                <IsDisplayed>N</IsDisplayed>
                <DisplayLogic>@IsCustomization@=Y</DisplayLogic>
                <DisplayLength>10</DisplayLength>
                <SeqNo>0</SeqNo>
                <SortNo/>
                <IsSameLine>Y</IsSameLine>
                <IsHeading>N</IsHeading>
                <IsFieldOnly>N</IsFieldOnly>
                <IsEncrypted>N</IsEncrypted>
                <IsActive>Y</IsActive>
                <IsReadOnly>N</IsReadOnly>
                <IsCentrallyMaintained>Y</IsCentrallyMaintained>
                <AD_FieldGroup_ID reference="id"/>
                <EntityType>AMERP</EntityType>
                <ObscureType/>
                <AD_Reference_ID reference="id"/>
                <IsMandatory/>
                <DefaultValue/>
                <AD_Reference_Value_ID reference="id"/>
                <AD_Val_Rule_ID reference="id"/>
                <Included_Tab_ID reference="id"/>
                <AD_Field_UU>f635cac2-4c5c-4c20-8e5f-434d88c0af0a</AD_Field_UU>
                <IsAllowCopy/>
                <IsDisplayedGrid>N</IsDisplayedGrid>
                <SeqNoGrid>0</SeqNoGrid>
                <XPosition>4</XPosition>
                <ColumnSpan>2</ColumnSpan>
                <NumLines>1</NumLines>
                <IsQuickEntry>N</IsQuickEntry>
                <IsUpdateable/>
                <IsAlwaysUpdateable/>
                <MandatoryLogic/>
                <ReadOnlyLogic/>
                <IsToolbarButton/>
                <IsDefaultFocus>N</IsDefaultFocus>
                <IsAdvancedField>N</IsAdvancedField>
                <AD_Field_Trl type="translation">
                    <Help/>
                    <Description>Modificadores de teclado para atajos</Description>
                    <Name>Modificadores Teclado</Name>
                    <AD_Language>es_CO</AD_Language>
                    <IsActive>Y</IsActive>
                    <IsTranslated>Y</IsTranslated>
                </AD_Field_Trl>
                <AD_Field_Trl type="translation">
                    <Help/>
                    <Description>Modificadores de teclado para atajos</Description>
                    <Name>Modificadores Teclado</Name>
                    <AD_Language>es_VE</AD_Language>
                    <IsActive>Y</IsActive>
                    <IsTranslated>Y</IsTranslated>
                </AD_Field_Trl>
            </AD_Field>
            <AD_Field type="table">
                <AD_Client_ID>0</AD_Client_ID>
                <AD_Org_ID>0</AD_Org_ID>
                <Name>Action Name</Name>
                <Description>Action name on the toolbar</Description>
                <Help>Used to get the corresponding message and Icon name prefix</Help>
                <AD_Tab_ID reference="uuid" reference-key="AD_Tab">2ac0041b-343a-43ce-963f-32e65fcde2bf</AD_Tab_ID>
                <AD_Column_ID reference="id">200096</AD_Column_ID>
                <IsDisplayed>N</IsDisplayed>
                <DisplayLogic>@IsCustomization@=Y</DisplayLogic>
                <DisplayLength>60</DisplayLength>
                <SeqNo>0</SeqNo>
                <SortNo/>
                <IsSameLine>N</IsSameLine>
                <IsHeading>N</IsHeading>
                <IsFieldOnly>N</IsFieldOnly>
                <IsEncrypted>N</IsEncrypted>
                <IsActive>Y</IsActive>
                <IsReadOnly>N</IsReadOnly>
                <IsCentrallyMaintained>Y</IsCentrallyMaintained>
                <AD_FieldGroup_ID reference="id"/>
                <EntityType>AMERP</EntityType>
                <ObscureType/>
                <AD_Reference_ID reference="id"/>
                <IsMandatory/>
                <DefaultValue/>
                <AD_Reference_Value_ID reference="id"/>
                <AD_Val_Rule_ID reference="id"/>
                <Included_Tab_ID reference="id"/>
                <AD_Field_UU>9225ebd8-eb4f-43b9-aaad-482ef42f5f5f</AD_Field_UU>
                <IsAllowCopy/>
                <IsDisplayedGrid>N</IsDisplayedGrid>
                <SeqNoGrid>0</SeqNoGrid>
                <XPosition>1</XPosition>
                <ColumnSpan>5</ColumnSpan>
                <NumLines>1</NumLines>
                <IsQuickEntry>N</IsQuickEntry>
                <IsUpdateable/>
                <IsAlwaysUpdateable/>
                <MandatoryLogic/>
                <ReadOnlyLogic/>
                <IsToolbarButton/>
                <IsDefaultFocus>N</IsDefaultFocus>
                <IsAdvancedField>N</IsAdvancedField>
                <AD_Field_Trl type="translation">
                    <Help>Usado para obtener el mensaje correspondiente y el prefijo del ícono</Help>
                    <Description>Nombre acción en la barra de herramientas</Description>
                    <Name>Nombre Acción</Name>
                    <AD_Language>es_CO</AD_Language>
                    <IsActive>Y</IsActive>
                    <IsTranslated>Y</IsTranslated>
                </AD_Field_Trl>
                <AD_Field_Trl type="translation">
                    <Help>Usado para obtener el mensaje correspondiente y el prefijo del ícono</Help>
                    <Description>Nombre acción en la barra de herramientas</Description>
                    <Name>Nombre Acción</Name>
                    <AD_Language>es_VE</AD_Language>
                    <IsActive>Y</IsActive>
                    <IsTranslated>Y</IsTranslated>
                </AD_Field_Trl>
            </AD_Field>
            <AD_Field type="table">
                <AD_Client_ID>0</AD_Client_ID>
                <AD_Org_ID>0</AD_Org_ID>
                <Name>Client</Name>
                <Description>Client/Tenant for this installation.</Description>
                <Help>A Client is a company or a legal entity. You cannot share data between Clients. Tenant is a synonym for Client.</Help>
                <AD_Tab_ID reference="uuid" reference-key="AD_Tab">2ac0041b-343a-43ce-963f-32e65fcde2bf</AD_Tab_ID>
                <AD_Column_ID reference="id">200083</AD_Column_ID>
                <IsDisplayed>Y</IsDisplayed>
                <DisplayLogic/>
                <DisplayLength>22</DisplayLength>
                <SeqNo>10</SeqNo>
                <SortNo/>
                <IsSameLine>N</IsSameLine>
                <IsHeading>N</IsHeading>
                <IsFieldOnly>N</IsFieldOnly>
                <IsEncrypted>N</IsEncrypted>
                <IsActive>Y</IsActive>
                <IsReadOnly>Y</IsReadOnly>
                <IsCentrallyMaintained>Y</IsCentrallyMaintained>
                <AD_FieldGroup_ID reference="id"/>
                <EntityType>AMERP</EntityType>
                <ObscureType/>
                <AD_Reference_ID reference="id"/>
                <IsMandatory/>
                <DefaultValue/>
                <AD_Reference_Value_ID reference="id"/>
                <AD_Val_Rule_ID reference="id"/>
                <Included_Tab_ID reference="id"/>
                <AD_Field_UU>62a2ddc5-4332-406a-a55b-3b6b0174147f</AD_Field_UU>
                <IsAllowCopy/>
                <IsDisplayedGrid>N</IsDisplayedGrid>
                <SeqNoGrid>10</SeqNoGrid>
                <XPosition>1</XPosition>
                <ColumnSpan>2</ColumnSpan>
                <NumLines>1</NumLines>
                <IsQuickEntry>N</IsQuickEntry>
                <IsUpdateable/>
                <IsAlwaysUpdateable/>
                <MandatoryLogic/>
                <ReadOnlyLogic/>
                <IsToolbarButton/>
                <IsDefaultFocus>N</IsDefaultFocus>
                <IsAdvancedField>N</IsAdvancedField>
                <AD_Field_Trl type="translation">
                    <Help>Grupo Empresarial. No se pueden compartir datos entre diferentes grupos empresariales.</Help>
                    <Description>Grupo Empresarial para esta instalación</Description>
                    <Name>Grupo Empresarial</Name>
                    <AD_Language>es_CO</AD_Language>
                    <IsActive>Y</IsActive>
                    <IsTranslated>Y</IsTranslated>
                </AD_Field_Trl>
                <AD_Field_Trl type="translation">
                    <Help>Grupo Empresarial. No se pueden compartir datos entre diferentes grupos empresariales.</Help>
                    <Description>Grupo Empresarial para esta instalación</Description>
                    <Name>Grupo Empresarial</Name>
                    <AD_Language>es_VE</AD_Language>
                    <IsActive>Y</IsActive>
                    <IsTranslated>Y</IsTranslated>
                </AD_Field_Trl>
            </AD_Field>
            <AD_Field type="table">
                <AD_Client_ID>0</AD_Client_ID>
                <AD_Org_ID>0</AD_Org_ID>
                <Name>Organization</Name>
                <Description>Organizational entity within client</Description>
                <Help>An organization is a unit of your client or legal entity - examples are store, department. You can share data between organizations.</Help>
                <AD_Tab_ID reference="uuid" reference-key="AD_Tab">2ac0041b-343a-43ce-963f-32e65fcde2bf</AD_Tab_ID>
                <AD_Column_ID reference="id">200084</AD_Column_ID>
                <IsDisplayed>Y</IsDisplayed>
                <DisplayLogic/>
                <DisplayLength>22</DisplayLength>
                <SeqNo>20</SeqNo>
                <SortNo/>
                <IsSameLine>Y</IsSameLine>
                <IsHeading>N</IsHeading>
                <IsFieldOnly>N</IsFieldOnly>
                <IsEncrypted>N</IsEncrypted>
                <IsActive>Y</IsActive>
                <IsReadOnly>N</IsReadOnly>
                <IsCentrallyMaintained>Y</IsCentrallyMaintained>
                <AD_FieldGroup_ID reference="id"/>
                <EntityType>AMERP</EntityType>
                <ObscureType/>
                <AD_Reference_ID reference="id"/>
                <IsMandatory/>
                <DefaultValue/>
                <AD_Reference_Value_ID reference="id"/>
                <AD_Val_Rule_ID reference="id"/>
                <Included_Tab_ID reference="id"/>
                <AD_Field_UU>1980160d-cfc0-4a40-80c9-d126060bd665</AD_Field_UU>
                <IsAllowCopy>Y</IsAllowCopy>
                <IsDisplayedGrid>N</IsDisplayedGrid>
                <SeqNoGrid>20</SeqNoGrid>
                <XPosition>4</XPosition>
                <ColumnSpan>2</ColumnSpan>
                <NumLines>1</NumLines>
                <IsQuickEntry>N</IsQuickEntry>
                <IsUpdateable/>
                <IsAlwaysUpdateable/>
                <MandatoryLogic/>
                <ReadOnlyLogic/>
                <IsToolbarButton/>
                <IsDefaultFocus>N</IsDefaultFocus>
                <IsAdvancedField>N</IsAdvancedField>
                <AD_Field_Trl type="translation">
                    <Help>Una organización es una unidad del grupo empresarial o entidad legal - Ej. Tiendas y departamentos. Es posible compartir datos entre organizaciones.</Help>
                    <Description>Entidad organizacional dentro del grupo empresarial</Description>
                    <Name>Organización</Name>
                    <AD_Language>es_CO</AD_Language>
                    <IsActive>Y</IsActive>
                    <IsTranslated>Y</IsTranslated>
                </AD_Field_Trl>
                <AD_Field_Trl type="translation">
                    <Help>Una organización es una unidad del grupo empresarial o entidad legal - Ej. Tiendas y departamentos. Es posible compartir datos entre organizaciones.</Help>
                    <Description>Entidad organizacional dentro del grupo empresarial</Description>
                    <Name>Organización</Name>
                    <AD_Language>es_VE</AD_Language>
                    <IsActive>Y</IsActive>
                    <IsTranslated>Y</IsTranslated>
                </AD_Field_Trl>
            </AD_Field>
            <AD_Field type="table">
                <AD_Client_ID>0</AD_Client_ID>
                <AD_Org_ID>0</AD_Org_ID>
                <Name>Name</Name>
                <Description>Alphanumeric identifier of the entity</Description>
                <Help>The name of an entity (record) is used as an default search option in addition to the search key. The name is up to 60 characters in length.</Help>
                <AD_Tab_ID reference="uuid" reference-key="AD_Tab">2ac0041b-343a-43ce-963f-32e65fcde2bf</AD_Tab_ID>
                <AD_Column_ID reference="id">200091</AD_Column_ID>
                <IsDisplayed>Y</IsDisplayed>
                <DisplayLogic/>
                <DisplayLength>60</DisplayLength>
                <SeqNo>30</SeqNo>
                <SortNo/>
                <IsSameLine>N</IsSameLine>
                <IsHeading>N</IsHeading>
                <IsFieldOnly>N</IsFieldOnly>
                <IsEncrypted>N</IsEncrypted>
                <IsActive>Y</IsActive>
                <IsReadOnly>N</IsReadOnly>
                <IsCentrallyMaintained>Y</IsCentrallyMaintained>
                <AD_FieldGroup_ID reference="id"/>
                <EntityType>AMERP</EntityType>
                <ObscureType/>
                <AD_Reference_ID reference="id"/>
                <IsMandatory/>
                <DefaultValue/>
                <AD_Reference_Value_ID reference="id"/>
                <AD_Val_Rule_ID reference="id"/>
                <Included_Tab_ID reference="id"/>
                <AD_Field_UU>a5c999fe-b926-433a-a38d-f171f3c0aecd</AD_Field_UU>
                <IsAllowCopy/>
                <IsDisplayedGrid>Y</IsDisplayedGrid>
                <SeqNoGrid>30</SeqNoGrid>
                <XPosition>1</XPosition>
                <ColumnSpan>5</ColumnSpan>
                <NumLines>1</NumLines>
                <IsQuickEntry>N</IsQuickEntry>
                <IsUpdateable/>
                <IsAlwaysUpdateable/>
                <MandatoryLogic/>
                <ReadOnlyLogic/>
                <IsToolbarButton/>
                <IsDefaultFocus>N</IsDefaultFocus>
                <IsAdvancedField>N</IsAdvancedField>
                <AD_Field_Trl type="translation">
                    <Help>El nombre de una entidad (registro) se usa como una opción de búsqueda predeterminada adicional al código. El nombre es de hasta 60 caracteres de longitud.</Help>
                    <Description>Identificador alfanumérico de la entidad.</Description>
                    <Name>Nombre</Name>
                    <AD_Language>es_CO</AD_Language>
                    <IsActive>Y</IsActive>
                    <IsTranslated>Y</IsTranslated>
                </AD_Field_Trl>
                <AD_Field_Trl type="translation">
                    <Help>El nombre de una entidad (registro) se usa como una opción de búsqueda predeterminada adicional al código. El nombre es de hasta 60 caracteres de longitud.</Help>
                    <Description>Identificador alfanumérico de la entidad.</Description>
                    <Name>Nombre</Name>
                    <AD_Language>es_VE</AD_Language>
                    <IsActive>Y</IsActive>
                    <IsTranslated>Y</IsTranslated>
                </AD_Field_Trl>
            </AD_Field>
            <AD_Field type="table">
                <AD_Client_ID>0</AD_Client_ID>
                <AD_Org_ID>0</AD_Org_ID>
                <Name>Action</Name>
                <Description>Indicates the Action to be performed</Description>
                <Help>The Action field is a drop down list box which indicates the Action to be performed for this Item.</Help>
                <AD_Tab_ID reference="uuid" reference-key="AD_Tab">2ac0041b-343a-43ce-963f-32e65fcde2bf</AD_Tab_ID>
                <AD_Column_ID reference="id">200812</AD_Column_ID>
                <IsDisplayed>Y</IsDisplayed>
                <DisplayLogic/>
                <DisplayLength>0</DisplayLength>
                <SeqNo>40</SeqNo>
                <SortNo>0</SortNo>
                <IsSameLine>N</IsSameLine>
                <IsHeading>N</IsHeading>
                <IsFieldOnly>N</IsFieldOnly>
                <IsEncrypted>N</IsEncrypted>
                <IsActive>Y</IsActive>
                <IsReadOnly>N</IsReadOnly>
                <IsCentrallyMaintained>Y</IsCentrallyMaintained>
                <AD_FieldGroup_ID reference="id"/>
                <EntityType>AMERP</EntityType>
                <ObscureType/>
                <AD_Reference_ID reference="id"/>
                <IsMandatory/>
                <DefaultValue/>
                <AD_Reference_Value_ID reference="id"/>
                <AD_Val_Rule_ID reference="id"/>
                <Included_Tab_ID reference="id"/>
                <AD_Field_UU>8a41b47a-a99e-427f-96ee-7761a243804b</AD_Field_UU>
                <IsAllowCopy/>
                <IsDisplayedGrid>Y</IsDisplayedGrid>
                <SeqNoGrid>50</SeqNoGrid>
                <XPosition>1</XPosition>
                <ColumnSpan>2</ColumnSpan>
                <NumLines>1</NumLines>
                <IsQuickEntry>N</IsQuickEntry>
                <IsUpdateable/>
                <IsAlwaysUpdateable/>
                <MandatoryLogic/>
                <ReadOnlyLogic/>
                <IsToolbarButton/>
                <IsDefaultFocus>N</IsDefaultFocus>
                <IsAdvancedField>N</IsAdvancedField>
                <AD_Field_Trl type="translation">
                    <Help>El campo Acción es una lista de despliegue hacia abajo que indica la acción a ser ejecutada por esta opción de menú.</Help>
                    <Description>Indica la Acción a ser ejecutada</Description>
                    <Name>Acción</Name>
                    <AD_Language>es_CO</AD_Language>
                    <IsActive>Y</IsActive>
                    <IsTranslated>Y</IsTranslated>
                </AD_Field_Trl>
                <AD_Field_Trl type="translation">
                    <Help>El campo Acción es una lista de despliegue hacia abajo que indica la acción a ser ejecutada por esta opción de menú.</Help>
                    <Description>Indica la Acción a ser ejecutada</Description>
                    <Name>Acción</Name>
                    <AD_Language>es_VE</AD_Language>
                    <IsActive>Y</IsActive>
                    <IsTranslated>Y</IsTranslated>
                </AD_Field_Trl>
            </AD_Field>
            <AD_Field type="table">
                <AD_Client_ID>0</AD_Client_ID>
                <AD_Org_ID>0</AD_Org_ID>
                <Name>Component Name</Name>
                <Description/>
                <Help/>
                <AD_Tab_ID reference="uuid" reference-key="AD_Tab">2ac0041b-343a-43ce-963f-32e65fcde2bf</AD_Tab_ID>
                <AD_Column_ID reference="id">200088</AD_Column_ID>
                <IsDisplayed>Y</IsDisplayed>
                <DisplayLogic/>
                <DisplayLength>255</DisplayLength>
                <SeqNo>50</SeqNo>
                <SortNo/>
                <IsSameLine>N</IsSameLine>
                <IsHeading>N</IsHeading>
                <IsFieldOnly>N</IsFieldOnly>
                <IsEncrypted>N</IsEncrypted>
                <IsActive>Y</IsActive>
                <IsReadOnly>N</IsReadOnly>
                <IsCentrallyMaintained>Y</IsCentrallyMaintained>
                <AD_FieldGroup_ID reference="id"/>
                <EntityType>AMERP</EntityType>
                <ObscureType/>
                <AD_Reference_ID reference="id"/>
                <IsMandatory/>
                <DefaultValue/>
                <AD_Reference_Value_ID reference="id"/>
                <AD_Val_Rule_ID reference="id"/>
                <Included_Tab_ID reference="id"/>
                <AD_Field_UU>d4088232-ed6c-45e6-a373-62f23ac1fd68</AD_Field_UU>
                <IsAllowCopy/>
                <IsDisplayedGrid>Y</IsDisplayedGrid>
                <SeqNoGrid>40</SeqNoGrid>
                <XPosition>1</XPosition>
                <ColumnSpan>5</ColumnSpan>
                <NumLines>1</NumLines>
                <IsQuickEntry>N</IsQuickEntry>
                <IsUpdateable/>
                <IsAlwaysUpdateable/>
                <MandatoryLogic/>
                <ReadOnlyLogic/>
                <IsToolbarButton/>
                <IsDefaultFocus>N</IsDefaultFocus>
                <IsAdvancedField>N</IsAdvancedField>
                <AD_Field_Trl type="translation">
                    <Help/>
                    <Description/>
                    <Name>Nombre Componente</Name>
                    <AD_Language>es_CO</AD_Language>
                    <IsActive>Y</IsActive>
                    <IsTranslated>Y</IsTranslated>
                </AD_Field_Trl>
                <AD_Field_Trl type="translation">
                    <Help/>
                    <Description/>
                    <Name>Nombre Componente</Name>
                    <AD_Language>es_VE</AD_Language>
                    <IsActive>Y</IsActive>
                    <IsTranslated>Y</IsTranslated>
                </AD_Field_Trl>
            </AD_Field>
            <AD_Field type="table">
                <AD_Client_ID>0</AD_Client_ID>
                <AD_Org_ID>0</AD_Org_ID>
                <Name>Customization</Name>
                <Description>The change is a customization of the data dictionary and can be applied after Migration</Description>
                <Help>The migration "resets" the system to the current/original setting.  If selected you can save the customization and re-apply it.  Please note that you need to check, if your customization has no negative side effect in the new release.</Help>
                <AD_Tab_ID reference="uuid" reference-key="AD_Tab">2ac0041b-343a-43ce-963f-32e65fcde2bf</AD_Tab_ID>
                <AD_Column_ID reference="id">200094</AD_Column_ID>
                <IsDisplayed>Y</IsDisplayed>
                <DisplayLogic/>
                <DisplayLength>1</DisplayLength>
                <SeqNo>60</SeqNo>
                <SortNo/>
                <IsSameLine>N</IsSameLine>
                <IsHeading>N</IsHeading>
                <IsFieldOnly>N</IsFieldOnly>
                <IsEncrypted>N</IsEncrypted>
                <IsActive>Y</IsActive>
                <IsReadOnly>N</IsReadOnly>
                <IsCentrallyMaintained>Y</IsCentrallyMaintained>
                <AD_FieldGroup_ID reference="id"/>
                <EntityType>AMERP</EntityType>
                <ObscureType/>
                <AD_Reference_ID reference="id"/>
                <IsMandatory/>
                <DefaultValue/>
                <AD_Reference_Value_ID reference="id"/>
                <AD_Val_Rule_ID reference="id"/>
                <Included_Tab_ID reference="id"/>
                <AD_Field_UU>fe68e2fd-6121-4d9f-a8f5-fdc1806678e1</AD_Field_UU>
                <IsAllowCopy/>
                <IsDisplayedGrid>Y</IsDisplayedGrid>
                <SeqNoGrid>60</SeqNoGrid>
                <XPosition>2</XPosition>
                <ColumnSpan>2</ColumnSpan>
                <NumLines>1</NumLines>
                <IsQuickEntry>N</IsQuickEntry>
                <IsUpdateable/>
                <IsAlwaysUpdateable/>
                <MandatoryLogic/>
                <ReadOnlyLogic/>
                <IsToolbarButton/>
                <IsDefaultFocus>N</IsDefaultFocus>
                <IsAdvancedField>N</IsAdvancedField>
                <AD_Field_Trl type="translation">
                    <Help>La migración "reajusta" el sistema para ajuste de corriente/original. Si esta seleccionado puede ahorrar la personalización y reaplicarla. Porfavor observe que usted necesita comprobar, Si su personalización particular hace que ningun efecto negativo secundario en el nuevo enlace.</Help>
                    <Description/>
                    <Name>Personalización</Name>
                    <AD_Language>es_CO</AD_Language>
                    <IsActive>Y</IsActive>
                    <IsTranslated>Y</IsTranslated>
                </AD_Field_Trl>
                <AD_Field_Trl type="translation">
                    <Help>La migración "reajusta" el sistema para ajuste de corriente/original. Si esta seleccionado puede ahorrar la personalización y reaplicarla. Porfavor observe que usted necesita comprobar, Si su personalización particular hace que ningun efecto negativo secundario en el nuevo enlace.</Help>
                    <Description/>
                    <Name>Personalización</Name>
                    <AD_Language>es_VE</AD_Language>
                    <IsActive>Y</IsActive>
                    <IsTranslated>Y</IsTranslated>
                </AD_Field_Trl>
            </AD_Field>
            <AD_Field type="table">
                <AD_Client_ID>0</AD_Client_ID>
                <AD_Org_ID>0</AD_Org_ID>
                <Name>Service Component Name</Name>
                <Description>The service component name that implements the interface for toolbar actions</Description>
                <Help>The OSGi service component name that implements the IAction interface for toolbar action</Help>
                <AD_Tab_ID reference="uuid" reference-key="AD_Tab">2ac0041b-343a-43ce-963f-32e65fcde2bf</AD_Tab_ID>
                <AD_Column_ID reference="id">200095</AD_Column_ID>
                <IsDisplayed>Y</IsDisplayed>
                <DisplayLogic>@IsCustomization@=Y</DisplayLogic>
                <DisplayLength>255</DisplayLength>
                <SeqNo>70</SeqNo>
                <SortNo/>
                <IsSameLine>N</IsSameLine>
                <IsHeading>N</IsHeading>
                <IsFieldOnly>N</IsFieldOnly>
                <IsEncrypted>N</IsEncrypted>
                <IsActive>Y</IsActive>
                <IsReadOnly>N</IsReadOnly>
                <IsCentrallyMaintained>Y</IsCentrallyMaintained>
                <AD_FieldGroup_ID reference="id"/>
                <EntityType>AMERP</EntityType>
                <ObscureType/>
                <AD_Reference_ID reference="id"/>
                <IsMandatory/>
                <DefaultValue/>
                <AD_Reference_Value_ID reference="id"/>
                <AD_Val_Rule_ID reference="id"/>
                <Included_Tab_ID reference="id"/>
                <AD_Field_UU>d7d0d053-e6db-4c03-b72c-57d57ec83f69</AD_Field_UU>
                <IsAllowCopy/>
                <IsDisplayedGrid>Y</IsDisplayedGrid>
                <SeqNoGrid>70</SeqNoGrid>
                <XPosition>1</XPosition>
                <ColumnSpan>5</ColumnSpan>
                <NumLines>1</NumLines>
                <IsQuickEntry>N</IsQuickEntry>
                <IsUpdateable/>
                <IsAlwaysUpdateable/>
                <MandatoryLogic/>
                <ReadOnlyLogic/>
                <IsToolbarButton/>
                <IsDefaultFocus>N</IsDefaultFocus>
                <IsAdvancedField>N</IsAdvancedField>
                <AD_Field_Trl type="translation">
                    <Help/>
                    <Description>El nombre de la clase que implementa la interface para acciones de barra de herramientas</Description>
                    <Name>Nombre Clase Acción</Name>
                    <AD_Language>es_CO</AD_Language>
                    <IsActive>Y</IsActive>
                    <IsTranslated>Y</IsTranslated>
                </AD_Field_Trl>
                <AD_Field_Trl type="translation">
                    <Help/>
                    <Description>El nombre de la clase que implementa la interface para acciones de barra de herramientas</Description>
                    <Name>Nombre Clase Acción</Name>
                    <AD_Language>es_VE</AD_Language>
                    <IsActive>Y</IsActive>
                    <IsTranslated>Y</IsTranslated>
                </AD_Field_Trl>
            </AD_Field>
            <AD_Field type="table">
                <AD_Client_ID>0</AD_Client_ID>
                <AD_Org_ID>0</AD_Org_ID>
                <Name>Advanced Button</Name>
                <Description>This Button contains advanced Functionality</Description>
                <Help>The button with advanced functionality is only displayed for role that can access advanced functionality</Help>
                <AD_Tab_ID reference="uuid" reference-key="AD_Tab">2ac0041b-343a-43ce-963f-32e65fcde2bf</AD_Tab_ID>
                <AD_Column_ID reference="id">210880</AD_Column_ID>
                <IsDisplayed>Y</IsDisplayed>
                <DisplayLogic/>
                <DisplayLength>0</DisplayLength>
                <SeqNo>80</SeqNo>
                <SortNo>0</SortNo>
                <IsSameLine>N</IsSameLine>
                <IsHeading>N</IsHeading>
                <IsFieldOnly>N</IsFieldOnly>
                <IsEncrypted>N</IsEncrypted>
                <IsActive>Y</IsActive>
                <IsReadOnly>N</IsReadOnly>
                <IsCentrallyMaintained>Y</IsCentrallyMaintained>
                <AD_FieldGroup_ID reference="id"/>
                <EntityType>AMERP</EntityType>
                <ObscureType/>
                <AD_Reference_ID reference="id"/>
                <IsMandatory/>
                <DefaultValue/>
                <AD_Reference_Value_ID reference="id"/>
                <AD_Val_Rule_ID reference="id"/>
                <Included_Tab_ID reference="id"/>
                <AD_Field_UU>6ffd4da2-1af5-4b38-82c4-4e80c0086de4</AD_Field_UU>
                <IsAllowCopy/>
                <IsDisplayedGrid>Y</IsDisplayedGrid>
                <SeqNoGrid>100</SeqNoGrid>
                <XPosition>2</XPosition>
                <ColumnSpan>2</ColumnSpan>
                <NumLines>1</NumLines>
                <IsQuickEntry>N</IsQuickEntry>
                <IsUpdateable/>
                <IsAlwaysUpdateable/>
                <MandatoryLogic/>
                <ReadOnlyLogic/>
                <IsToolbarButton/>
                <IsDefaultFocus>N</IsDefaultFocus>
                <IsAdvancedField>N</IsAdvancedField>
                <AD_Field_Trl type="translation">
                    <Help>The button with advanced functionality is only displayed for role that can access advanced functionality</Help>
                    <Description>This Button contains advanced Functionality</Description>
                    <Name>Advanced Button</Name>
                    <AD_Language>es_CO</AD_Language>
                    <IsActive>Y</IsActive>
                    <IsTranslated>N</IsTranslated>
                </AD_Field_Trl>
                <AD_Field_Trl type="translation">
                    <Help>The button with advanced functionality is only displayed for role that can access advanced functionality</Help>
                    <Description>This Button contains advanced Functionality</Description>
                    <Name>Advanced Button</Name>
                    <AD_Language>es_VE</AD_Language>
                    <IsActive>Y</IsActive>
                    <IsTranslated>N</IsTranslated>
                </AD_Field_Trl>
            </AD_Field>
            <AD_Field type="table">
                <AD_Client_ID>0</AD_Client_ID>
                <AD_Org_ID>0</AD_Org_ID>
                <Name>Active</Name>
                <Description>The record is active in the system</Description>
                <Help>There are two methods of making records unavailable in the system: One is to delete the record, the other is to de-activate the record. A de-activated record is not available for selection, but available for reports.
There are two reasons for de-activating and not deleting records:
(1) The system requires the record for audit purposes.
(2) The record is referenced by other records. E.g., you cannot delete a Business Partner, if there are invoices for this partner record existing. You de-activate the Business Partner and prevent that this record is used for future entries.</Help>
                <AD_Tab_ID reference="uuid" reference-key="AD_Tab">2ac0041b-343a-43ce-963f-32e65fcde2bf</AD_Tab_ID>
                <AD_Column_ID reference="id">200089</AD_Column_ID>
                <IsDisplayed>Y</IsDisplayed>
                <DisplayLogic/>
                <DisplayLength>1</DisplayLength>
                <SeqNo>90</SeqNo>
                <SortNo/>
                <IsSameLine>N</IsSameLine>
                <IsHeading>N</IsHeading>
                <IsFieldOnly>N</IsFieldOnly>
                <IsEncrypted>N</IsEncrypted>
                <IsActive>Y</IsActive>
                <IsReadOnly>N</IsReadOnly>
                <IsCentrallyMaintained>Y</IsCentrallyMaintained>
                <AD_FieldGroup_ID reference="id"/>
                <EntityType>AMERP</EntityType>
                <ObscureType/>
                <AD_Reference_ID reference="id"/>
                <IsMandatory/>
                <DefaultValue/>
                <AD_Reference_Value_ID reference="id"/>
                <AD_Val_Rule_ID reference="id"/>
                <Included_Tab_ID reference="id"/>
                <AD_Field_UU>5d50ce0a-2e15-46ee-9cca-f98cfe1d5b25</AD_Field_UU>
                <IsAllowCopy/>
                <IsDisplayedGrid>Y</IsDisplayedGrid>
                <SeqNoGrid>80</SeqNoGrid>
                <XPosition>2</XPosition>
                <ColumnSpan>2</ColumnSpan>
                <NumLines>1</NumLines>
                <IsQuickEntry>N</IsQuickEntry>
                <IsUpdateable/>
                <IsAlwaysUpdateable/>
                <MandatoryLogic/>
                <ReadOnlyLogic/>
                <IsToolbarButton/>
                <IsDefaultFocus>N</IsDefaultFocus>
                <IsAdvancedField>N</IsAdvancedField>
                <AD_Field_Trl type="translation">
                    <Help>Hay dos métodos para que los registros no estén disponibles en el sistema: Uno es eliminar el registro; el otro es desactivarlo. Un registro desactivado no está disponible para selección; pero está disponible para Informes</Help>
                    <Description>El registro está activo en el sistema</Description>
                    <Name>Activo</Name>
                    <AD_Language>es_CO</AD_Language>
                    <IsActive>Y</IsActive>
                    <IsTranslated>Y</IsTranslated>
                </AD_Field_Trl>
                <AD_Field_Trl type="translation">
                    <Help>Hay dos métodos para que los registros no estén disponibles en el sistema: Uno es eliminar el registro; el otro es desactivarlo. Un registro desactivado no está disponible para selección; pero está disponible para Informes</Help>
                    <Description>El registro está activo en el sistema</Description>
                    <Name>Activo</Name>
                    <AD_Language>es_VE</AD_Language>
                    <IsActive>Y</IsActive>
                    <IsTranslated>Y</IsTranslated>
                </AD_Field_Trl>
            </AD_Field>
            <AD_Field type="table">
                <AD_Client_ID>0</AD_Client_ID>
                <AD_Org_ID>0</AD_Org_ID>
                <Name>Display Logic</Name>
                <Description>If the Field is displayed, the result determines if the field is actually displayed</Description>
                <Help>format := {expression} [{logic} {expression}]&lt;br&gt; 
expression := @{context}@{operand}{value} or @{context}@{operand}{value}&lt;br&gt; 
logic := {|}|{&amp;}&lt;br&gt;
context := any global or window context &lt;br&gt;
value := strings or numbers&lt;br&gt;
logic operators	:= AND or OR with the previous result from left to right &lt;br&gt;
operand := eq{=}, gt{&amp;gt;}, le{&amp;lt;}, not{~^!} &lt;br&gt;
Examples: &lt;br&gt;
@AD_Table_ID@=14 | @Language@!GERGER &lt;br&gt;
@PriceLimit@&gt;10 | @PriceList@&gt;@PriceActual@&lt;br&gt;
@Name@&gt;J&lt;br&gt;
Strings may be in single quotes (optional)</Help>
                <AD_Tab_ID reference="uuid" reference-key="AD_Tab">2ac0041b-343a-43ce-963f-32e65fcde2bf</AD_Tab_ID>
                <AD_Column_ID reference="id">200815</AD_Column_ID>
                <IsDisplayed>Y</IsDisplayed>
                <DisplayLogic>@IsCustomization@=Y</DisplayLogic>
                <DisplayLength>0</DisplayLength>
                <SeqNo>100</SeqNo>
                <SortNo>0</SortNo>
                <IsSameLine>N</IsSameLine>
                <IsHeading>N</IsHeading>
                <IsFieldOnly>N</IsFieldOnly>
                <IsEncrypted>N</IsEncrypted>
                <IsActive>Y</IsActive>
                <IsReadOnly>N</IsReadOnly>
                <IsCentrallyMaintained>Y</IsCentrallyMaintained>
                <AD_FieldGroup_ID reference="id"/>
                <EntityType>AMERP</EntityType>
                <ObscureType/>
                <AD_Reference_ID reference="id"/>
                <IsMandatory/>
                <DefaultValue/>
                <AD_Reference_Value_ID reference="id"/>
                <AD_Val_Rule_ID reference="id"/>
                <Included_Tab_ID reference="id"/>
                <AD_Field_UU>04474223-afa4-4cb9-9b29-cd39a497fd25</AD_Field_UU>
                <IsAllowCopy/>
                <IsDisplayedGrid>N</IsDisplayedGrid>
                <SeqNoGrid>90</SeqNoGrid>
                <XPosition>1</XPosition>
                <ColumnSpan>5</ColumnSpan>
                <NumLines>3</NumLines>
                <IsQuickEntry>N</IsQuickEntry>
                <IsUpdateable/>
                <IsAlwaysUpdateable/>
                <MandatoryLogic/>
                <ReadOnlyLogic/>
                <IsToolbarButton/>
                <IsDefaultFocus>N</IsDefaultFocus>
                <IsAdvancedField>N</IsAdvancedField>
                <AD_Field_Trl type="translation">
                    <Help>formato:= &lt;expresion&gt; [&lt;logica&gt; &lt;expresion&gt;] expresion	:= @&lt;contexto&gt;@=&lt;valor&gt; o @&lt;contexto&gt;@!&lt;valor&gt; logica:= &lt;|&gt;|&lt;&amp;&gt;contexto:= cualquier valor global o de la ventana del contexto		:= secuencia a operadores de la logica:=  Y/O con el previo resultado de izquierda a derecha E</Help>
                    <Description>Si el campo es desplegado, el resultado determina si el campo es efectivamente desplegado</Description>
                    <Name>Lógica Despliegue</Name>
                    <AD_Language>es_CO</AD_Language>
                    <IsActive>Y</IsActive>
                    <IsTranslated>Y</IsTranslated>
                </AD_Field_Trl>
                <AD_Field_Trl type="translation">
                    <Help>formato:= &lt;expresion&gt; [&lt;logica&gt; &lt;expresion&gt;] expresion	:= @&lt;contexto&gt;@=&lt;valor&gt; o @&lt;contexto&gt;@!&lt;valor&gt; logica:= &lt;|&gt;|&lt;&amp;&gt;contexto:= cualquier valor global o de la ventana del contexto		:= secuencia a operadores de la logica:=  Y/O con el previo resultado de izquierda a derecha E</Help>
                    <Description>Si el campo es desplegado, el resultado determina si el campo es efectivamente desplegado</Description>
                    <Name>Lógica Despliegue</Name>
                    <AD_Language>es_VE</AD_Language>
                    <IsActive>Y</IsActive>
                    <IsTranslated>Y</IsTranslated>
                </AD_Field_Trl>
            </AD_Field>
            <AD_Field type="table">
                <AD_Client_ID>0</AD_Client_ID>
                <AD_Org_ID>0</AD_Org_ID>
                <Name>Sequence</Name>
                <Description>Method of ordering records; lowest number comes first</Description>
                <Help>The Sequence indicates the order of records</Help>
                <AD_Tab_ID reference="uuid" reference-key="AD_Tab">2ac0041b-343a-43ce-963f-32e65fcde2bf</AD_Tab_ID>
                <AD_Column_ID reference="id">200816</AD_Column_ID>
                <IsDisplayed>Y</IsDisplayed>
                <DisplayLogic/>
                <DisplayLength>0</DisplayLength>
                <SeqNo>110</SeqNo>
                <SortNo>0</SortNo>
                <IsSameLine>N</IsSameLine>
                <IsHeading>N</IsHeading>
                <IsFieldOnly>N</IsFieldOnly>
                <IsEncrypted>N</IsEncrypted>
                <IsActive>Y</IsActive>
                <IsReadOnly>N</IsReadOnly>
                <IsCentrallyMaintained>Y</IsCentrallyMaintained>
                <AD_FieldGroup_ID reference="id"/>
                <EntityType>AMERP</EntityType>
                <ObscureType/>
                <AD_Reference_ID reference="id"/>
                <IsMandatory/>
                <DefaultValue/>
                <AD_Reference_Value_ID reference="id"/>
                <AD_Val_Rule_ID reference="id"/>
                <Included_Tab_ID reference="id"/>
                <AD_Field_UU>00bb47c5-17af-46e5-8303-f4150b50ca1c</AD_Field_UU>
                <IsAllowCopy/>
                <IsDisplayedGrid>Y</IsDisplayedGrid>
                <SeqNoGrid>110</SeqNoGrid>
                <XPosition>1</XPosition>
                <ColumnSpan>2</ColumnSpan>
                <NumLines>1</NumLines>
                <IsQuickEntry>N</IsQuickEntry>
                <IsUpdateable/>
                <IsAlwaysUpdateable/>
                <MandatoryLogic/>
                <ReadOnlyLogic/>
                <IsToolbarButton/>
                <IsDefaultFocus>N</IsDefaultFocus>
                <IsAdvancedField>N</IsAdvancedField>
                <AD_Field_Trl type="translation">
                    <Help>La Secuencia indica el orden de los registros</Help>
                    <Description>Método de ordenar registros; el número más bajo viene primero</Description>
                    <Name>Secuencia</Name>
                    <AD_Language>es_CO</AD_Language>
                    <IsActive>Y</IsActive>
                    <IsTranslated>Y</IsTranslated>
                </AD_Field_Trl>
                <AD_Field_Trl type="translation">
                    <Help>La Secuencia indica el orden de los registros</Help>
                    <Description>Método de ordenar registros; el número más bajo viene primero</Description>
                    <Name>Secuencia</Name>
                    <AD_Language>es_VE</AD_Language>
                    <IsActive>Y</IsActive>
                    <IsTranslated>Y</IsTranslated>
                </AD_Field_Trl>
            </AD_Field>
            <AD_Field type="table">
                <AD_Client_ID>0</AD_Client_ID>
                <AD_Org_ID>0</AD_Org_ID>
                <Name>Add Separator</Name>
                <Description/>
                <Help/>
                <AD_Tab_ID reference="uuid" reference-key="AD_Tab">2ac0041b-343a-43ce-963f-32e65fcde2bf</AD_Tab_ID>
                <AD_Column_ID reference="id">210895</AD_Column_ID>
                <IsDisplayed>Y</IsDisplayed>
                <DisplayLogic/>
                <DisplayLength>0</DisplayLength>
                <SeqNo>120</SeqNo>
                <SortNo>0</SortNo>
                <IsSameLine>N</IsSameLine>
                <IsHeading>N</IsHeading>
                <IsFieldOnly>N</IsFieldOnly>
                <IsEncrypted>N</IsEncrypted>
                <IsActive>Y</IsActive>
                <IsReadOnly>N</IsReadOnly>
                <IsCentrallyMaintained>Y</IsCentrallyMaintained>
                <AD_FieldGroup_ID reference="id"/>
                <EntityType>AMERP</EntityType>
                <ObscureType/>
                <AD_Reference_ID reference="id"/>
                <IsMandatory/>
                <DefaultValue/>
                <AD_Reference_Value_ID reference="id"/>
                <AD_Val_Rule_ID reference="id"/>
                <Included_Tab_ID reference="id"/>
                <AD_Field_UU>6fc20582-f985-43fa-8f58-5011280a061d</AD_Field_UU>
                <IsAllowCopy/>
                <IsDisplayedGrid>Y</IsDisplayedGrid>
                <SeqNoGrid>120</SeqNoGrid>
                <XPosition>5</XPosition>
                <ColumnSpan>2</ColumnSpan>
                <NumLines>1</NumLines>
                <IsQuickEntry>N</IsQuickEntry>
                <IsUpdateable/>
                <IsAlwaysUpdateable/>
                <MandatoryLogic/>
                <ReadOnlyLogic/>
                <IsToolbarButton/>
                <IsDefaultFocus>N</IsDefaultFocus>
                <IsAdvancedField>N</IsAdvancedField>
                <AD_Field_Trl type="translation">
                    <Help/>
                    <Description/>
                    <Name>Add Separator</Name>
                    <AD_Language>es_CO</AD_Language>
                    <IsActive>Y</IsActive>
                    <IsTranslated>N</IsTranslated>
                </AD_Field_Trl>
                <AD_Field_Trl type="translation">
                    <Help/>
                    <Description/>
                    <Name>Add Separator</Name>
                    <AD_Language>es_VE</AD_Language>
                    <IsActive>Y</IsActive>
                    <IsTranslated>N</IsTranslated>
                </AD_Field_Trl>
            </AD_Field>
            <AD_Field type="table">
                <AD_Client_ID>0</AD_Client_ID>
                <AD_Org_ID>0</AD_Org_ID>
                <Name>Tab</Name>
                <Description>Tab within a Window</Description>
                <Help>The Tab indicates a tab that displays within a window.</Help>
                <AD_Tab_ID reference="uuid" reference-key="AD_Tab">2ac0041b-343a-43ce-963f-32e65fcde2bf</AD_Tab_ID>
                <AD_Column_ID reference="id">200813</AD_Column_ID>
                <IsDisplayed>Y</IsDisplayed>
                <DisplayLogic/>
                <DisplayLength>10</DisplayLength>
                <SeqNo>130</SeqNo>
                <SortNo/>
                <IsSameLine>N</IsSameLine>
                <IsHeading>N</IsHeading>
                <IsFieldOnly>N</IsFieldOnly>
                <IsEncrypted>N</IsEncrypted>
                <IsActive>Y</IsActive>
                <IsReadOnly>N</IsReadOnly>
                <IsCentrallyMaintained>Y</IsCentrallyMaintained>
                <AD_FieldGroup_ID reference="id"/>
                <EntityType>AMERP</EntityType>
                <ObscureType/>
                <AD_Reference_ID reference="id"/>
                <IsMandatory/>
                <DefaultValue/>
                <AD_Reference_Value_ID reference="id"/>
                <AD_Val_Rule_ID reference="id"/>
                <Included_Tab_ID reference="id"/>
                <AD_Field_UU>d17543bc-aab4-40dc-a23d-50b533cce1e3</AD_Field_UU>
                <IsAllowCopy/>
                <IsDisplayedGrid>Y</IsDisplayedGrid>
                <SeqNoGrid>130</SeqNoGrid>
                <XPosition>1</XPosition>
                <ColumnSpan>2</ColumnSpan>
                <NumLines>1</NumLines>
                <IsQuickEntry>N</IsQuickEntry>
                <IsUpdateable/>
                <IsAlwaysUpdateable/>
                <MandatoryLogic/>
                <ReadOnlyLogic/>
                <IsToolbarButton/>
                <IsDefaultFocus>N</IsDefaultFocus>
                <IsAdvancedField>N</IsAdvancedField>
                <AD_Field_Trl type="translation">
                    <Help>La pestaña indica una pestaña que se despliega dentro de una ventana</Help>
                    <Description>Pestaña dentro de una ventana.</Description>
                    <Name>Pestaña</Name>
                    <AD_Language>es_CO</AD_Language>
                    <IsActive>Y</IsActive>
                    <IsTranslated>Y</IsTranslated>
                </AD_Field_Trl>
                <AD_Field_Trl type="translation">
                    <Help>La pestaña indica una pestaña que se despliega dentro de una ventana</Help>
                    <Description>Pestaña dentro de una ventana.</Description>
                    <Name>Pestaña</Name>
                    <AD_Language>es_VE</AD_Language>
                    <IsActive>Y</IsActive>
                    <IsTranslated>Y</IsTranslated>
                </AD_Field_Trl>
            </AD_Field>
            <AD_Field type="table">
                <AD_Client_ID>0</AD_Client_ID>
                <AD_Org_ID>0</AD_Org_ID>
                <Name>Process</Name>
                <Description>Process or Report</Description>
                <Help>The Process field identifies a unique Process or Report in the system.</Help>
                <AD_Tab_ID reference="uuid" reference-key="AD_Tab">2ac0041b-343a-43ce-963f-32e65fcde2bf</AD_Tab_ID>
                <AD_Column_ID reference="id">200814</AD_Column_ID>
                <IsDisplayed>Y</IsDisplayed>
                <DisplayLogic/>
                <DisplayLength>10</DisplayLength>
                <SeqNo>140</SeqNo>
                <SortNo/>
                <IsSameLine>N</IsSameLine>
                <IsHeading>N</IsHeading>
                <IsFieldOnly>N</IsFieldOnly>
                <IsEncrypted>N</IsEncrypted>
                <IsActive>Y</IsActive>
                <IsReadOnly>N</IsReadOnly>
                <IsCentrallyMaintained>Y</IsCentrallyMaintained>
                <AD_FieldGroup_ID reference="id"/>
                <EntityType>AMERP</EntityType>
                <ObscureType/>
                <AD_Reference_ID reference="id"/>
                <IsMandatory/>
                <DefaultValue/>
                <AD_Reference_Value_ID reference="id"/>
                <AD_Val_Rule_ID reference="id"/>
                <Included_Tab_ID reference="id"/>
                <AD_Field_UU>a1896e04-5802-4cf0-89fe-1c9571f23bb2</AD_Field_UU>
                <IsAllowCopy/>
                <IsDisplayedGrid>Y</IsDisplayedGrid>
                <SeqNoGrid>140</SeqNoGrid>
                <XPosition>1</XPosition>
                <ColumnSpan>2</ColumnSpan>
                <NumLines>1</NumLines>
                <IsQuickEntry>N</IsQuickEntry>
                <IsUpdateable/>
                <IsAlwaysUpdateable/>
                <MandatoryLogic/>
                <ReadOnlyLogic/>
                <IsToolbarButton/>
                <IsDefaultFocus>N</IsDefaultFocus>
                <IsAdvancedField>N</IsAdvancedField>
                <AD_Field_Trl type="translation">
                    <Help>El campo proceso identifica un proceso o informe único en el sistema.</Help>
                    <Description>Proceso o Informe</Description>
                    <Name>Proceso</Name>
                    <AD_Language>es_CO</AD_Language>
                    <IsActive>Y</IsActive>
                    <IsTranslated>Y</IsTranslated>
                </AD_Field_Trl>
                <AD_Field_Trl type="translation">
                    <Help>El campo proceso identifica un proceso o informe único en el sistema.</Help>
                    <Description>Proceso o Informe</Description>
                    <Name>Proceso</Name>
                    <AD_Language>es_VE</AD_Language>
                    <IsActive>Y</IsActive>
                    <IsTranslated>Y</IsTranslated>
                </AD_Field_Trl>
            </AD_Field>
            <AD_Field type="table">
                <AD_Client_ID>0</AD_Client_ID>
                <AD_Org_ID>0</AD_Org_ID>
                <Name>AD_ToolBarButton_UU</Name>
                <Description/>
                <Help/>
                <AD_Tab_ID reference="uuid" reference-key="AD_Tab">2ac0041b-343a-43ce-963f-32e65fcde2bf</AD_Tab_ID>
                <AD_Column_ID reference="id">200204</AD_Column_ID>
                <IsDisplayed>N</IsDisplayed>
                <DisplayLogic/>
                <DisplayLength>36</DisplayLength>
                <SeqNo/>
                <SortNo/>
                <IsSameLine>N</IsSameLine>
                <IsHeading>N</IsHeading>
                <IsFieldOnly>N</IsFieldOnly>
                <IsEncrypted>N</IsEncrypted>
                <IsActive>Y</IsActive>
                <IsReadOnly>N</IsReadOnly>
                <IsCentrallyMaintained>Y</IsCentrallyMaintained>
                <AD_FieldGroup_ID reference="id"/>
                <EntityType>AMERP</EntityType>
                <ObscureType/>
                <AD_Reference_ID reference="id"/>
                <IsMandatory/>
                <DefaultValue/>
                <AD_Reference_Value_ID reference="id"/>
                <AD_Val_Rule_ID reference="id"/>
                <Included_Tab_ID reference="id"/>
                <AD_Field_UU>89158540-1987-4a7e-b2d3-618efcefaecb</AD_Field_UU>
                <IsAllowCopy/>
                <IsDisplayedGrid>N</IsDisplayedGrid>
                <SeqNoGrid/>
                <XPosition>1</XPosition>
                <ColumnSpan>2</ColumnSpan>
                <NumLines>1</NumLines>
                <IsQuickEntry>N</IsQuickEntry>
                <IsUpdateable/>
                <IsAlwaysUpdateable/>
                <MandatoryLogic/>
                <ReadOnlyLogic/>
                <IsToolbarButton/>
                <IsDefaultFocus>N</IsDefaultFocus>
                <IsAdvancedField>N</IsAdvancedField>
                <AD_Field_Trl type="translation">
                    <Help/>
                    <Description/>
                    <Name>AD_ToolBarButton_UU</Name>
                    <AD_Language>es_CO</AD_Language>
                    <IsActive>Y</IsActive>
                    <IsTranslated>N</IsTranslated>
                </AD_Field_Trl>
                <AD_Field_Trl type="translation">
                    <Help/>
                    <Description/>
                    <Name>AD_ToolBarButton_UU</Name>
                    <AD_Language>es_VE</AD_Language>
                    <IsActive>Y</IsActive>
                    <IsTranslated>N</IsTranslated>
                </AD_Field_Trl>
            </AD_Field>
        </AD_Tab>
    </AD_Window>
    <AD_Menu type="table">
        <Parent_ID reference="id">153</Parent_ID>
        <SeqNo>10</SeqNo>
        <AD_Menu_ID>200000</AD_Menu_ID>
        <AD_Client_ID>0</AD_Client_ID>
        <AD_Org_ID>0</AD_Org_ID>
        <AD_Menu_ID>200000</AD_Menu_ID>
        <Name>Toolbar Button</Name>
        <Description/>
        <Action>W</Action>
        <AD_Window_ID reference="id">200000</AD_Window_ID>
        <AD_Workflow_ID reference="id"/>
        <AD_Task_ID reference="id"/>
        <IsActive>Y</IsActive>
        <IsSummary>N</IsSummary>
        <AD_Process_ID reference="id"/>
        <IsSOTrx>N</IsSOTrx>
        <AD_Form_ID reference="id"/>
        <IsReadOnly>N</IsReadOnly>
        <EntityType>D</EntityType>
        <IsCentrallyMaintained>Y</IsCentrallyMaintained>
        <AD_Menu_UU>333469e4-d1a4-4110-a2df-e1a19a58c8ba</AD_Menu_UU>
        <AD_InfoWindow_ID reference="id"/>
        <AD_Menu_Trl type="translation">
            <Name>Botón Barra Herramientas</Name>
            <Description/>
            <AD_Language>es_CO</AD_Language>
            <IsActive>Y</IsActive>
            <IsTranslated>Y</IsTranslated>
        </AD_Menu_Trl>
        <AD_Menu_Trl type="translation">
            <Name>Botón Barra Herramientas</Name>
            <Description/>
            <AD_Language>es_VE</AD_Language>
            <IsActive>Y</IsActive>
            <IsTranslated>Y</IsTranslated>
        </AD_Menu_Trl>
    </AD_Menu>
</idempiere>
